fips,county_name,state_fips,month,last_observed_month,forecast_issue_month,reporting_lag_months,horizon,predicted_filings,predicted_rate_per_1000_renter_households,predicted_filings_history_only,baseline_last,baseline_seasonal,last_observed_filings,renter_households,rent_burden_30_share,severe_rent_burden_50_share,poverty_share,acs_unemployment_share,heat_electricity_share,heat_fuel_oil_share,roll_12,acs_asof_year,hotspot_alert
02020,"Anchorage Municipality, Alaska",02,2025-10-01,2025-07-01,2025-09-01,2,1,150.64327939682406,3.851094904947313,147.12861903338893,150.0,116.0,150.0,39117.0,0.4783479817273529,0.20735714476531403,0.092698892957627,0.04578761966225664,0.15623725293877702,0.01825379167130196,122.75,2023,False
02090,"Fairbanks North Star Borough, Alaska",02,2025-10-01,2025-07-01,2025-09-01,2,1,23.201613553781403,1.6742396849315488,20.481571499207107,23.0,24.0,23.0,13858.0,0.47543242002142966,0.21406704423695086,0.06169332898030253,0.04926612546812124,0.10498673153471916,0.7267249004865104,17.5,2023,True
02110,"Juneau City and Borough, Alaska",02,2025-10-01,2025-07-01,2025-09-01,2,1,6.161993213430975,1.317791534095589,5.723460037421122,2.0,8.0,2.0,4676.0,0.38553402433528616,0.1874718341595313,0.08185473576716876,0.04028408429386424,0.3298827827675445,0.5056325163647435,4.333333333333333,2023,True
02122,"Kenai Peninsula Borough, Alaska",02,2025-10-01,2025-07-01,2025-09-01,2,1,9.126032095441392,1.6440338849651221,8.743244722728903,11.0,9.0,11.0,5551.0,0.4849435382685069,0.22647427854454202,0.11615574107020665,0.0690911795329466,0.07421973056647979,0.24336875575265668,6.916666666666667,2023,True
02130,"Ketchikan Gateway Borough, Alaska",02,2025-10-01,2025-07-01,2025-09-01,2,1,5.029005350903871,2.739109668248296,5.271538087810968,10.0,1.0,10.0,1836.0,0.4953596287703016,0.24477958236658934,0.09491129444403884,0.03476310625175217,0.3739548123109767,0.47518235189468067,3.75,2023,True
02170,"Matanuska-Susitna Borough, Alaska",02,2025-10-01,2025-07-01,2025-09-01,2,1,12.648194068898766,1.3642750586666772,11.66848137896734,14.0,11.0,14.0,9271.0,0.5298804780876494,0.2247480665573002,0.10305616101655614,0.06007390043307243,0.07665944256841893,0.1241116879189557,9.5,2023,True
04019,"Pima County, Arizona",04,2025-10-01,2025-07-01,2025-09-01,2,1,977.2238295522025,6.443474786215326,974.0753945457675,873.0,993.0,873.0,151661.0,0.5238373210510204,0.2584482427228008,0.14352333331374773,0.056861893035906844,0.43928161219588596,0.00041534695392897333,927.25,2023,False
05005,"Baxter County, Arkansas",05,2025-10-01,2025-07-01,2025-09-01,2,1,5.560462760804091,1.1512345260463956,5.140939032573748,5.0,4.0,5.0,4830.0,0.5092223330009971,0.226321036889332,0.14457686866022398,0.056014225835132735,0.540722691689564,0.002229249831510187,3.75,2023,True
05007,"Benton County, Arkansas",05,2025-10-01,2025-07-01,2025-09-01,2,1,47.45535392479514,1.343925516830312,44.67402957093948,37.0,54.0,37.0,35311.0,0.32072892938496583,0.12179195140470767,0.07610934056678047,0.031478837867131945,0.43296460382475593,0.0005108343317822545,45.583333333333336,2023,False
05009,"Boone County, Arkansas",05,2025-10-01,2025-07-01,2025-09-01,2,1,6.301443363134039,1.3925841686484064,5.995878931709565,1.0,3.0,1.0,4525.0,0.40356773526370215,0.17735263702171664,0.13442631734040558,0.03932223196026877,0.4564075630252101,0.0,4.833333333333333,2023,True
05031,"Craighead County, Arkansas",05,2025-10-01,2025-07-01,2025-09-01,2,1,71.19076105778514,4.024578046118218,72.82871063179154,71.0,60.0,71.0,17689.0,0.5198215744172897,0.25877992083935414,0.19067386190673863,0.05986257443884563,0.5739557626219526,0.0005996724865650299,62.166666666666664,2023,False
05033,"Crawford County, Arkansas",05,2025-10-01,2025-07-01,2025-09-01,2,1,7.304544881967578,1.2332508664473372,6.962905300628339,2.0,8.0,2.0,5923.0,0.44922797456857405,0.17674841053587648,0.16786715693681895,0.052031469727490405,0.5385752805079586,0.0,6.083333333333333,2023,False
05035,"Crittenden County, Arkansas",05,2025-10-01,2025-07-01,2025-09-01,2,1,37.70860021388797,4.739643063585718,38.766911808971585,43.0,25.0,43.0,7956.0,0.5082301727656101,0.27247993470276155,0.2071000855431993,0.09410492157923202,0.48544006980041443,0.0019631366561238955,33.416666666666664,2023,False
05045,"Faulkner County, Arkansas",05,2025-10-01,2025-07-01,2025-09-01,2,1,49.771433907113895,2.6513655394797517,50.57154948088747,44.0,51.0,44.0,18772.0,0.4559743016118855,0.22790110709573796,0.15025652946352966,0.032756389517955356,0.639524413702779,0.00012278475831866738,49.916666666666664,2023,False
05051,"Garland County, Arkansas",05,2025-10-01,2025-07-01,2025-09-01,2,1,16.383350955226437,1.216736053117448,15.67679259622537,13.0,21.0,13.0,13465.0,0.4624466214518965,0.23319099053839068,0.16474563201363665,0.058701321663793486,0.6616470910835885,0.0007540788812211508,16.5,2023,False
05055,"Greene County, Arkansas",05,2025-10-01,2025-07-01,2025-09-01,2,1,6.856237658664028,1.0973491771229238,6.547951846638954,7.0,4.0,7.0,6248.0,0.4764108954958163,0.2488873063913121,0.17036756852972587,0.07463932829243401,0.7581167019970992,0.0,5.083333333333333,2023,True
05069,"Jefferson County, Arkansas",05,2025-10-01,2025-07-01,2025-09-01,2,1,6.324436957257224,0.7064831274862851,5.928013876655452,4.0,8.0,4.0,8952.0,0.481638418079096,0.20903954802259886,0.2058853068193231,0.0747585201385092,0.5359990137256514,0.0010273691131749815,4.5,2023,True
05085,"Lonoke County, Arkansas",05,2025-10-01,2025-07-01,2025-09-01,2,1,8.9378366111397,1.2561962910948277,8.33651057448123,9.0,5.0,9.0,7115.0,0.40488284450270356,0.17008028838276257,0.11147523224006717,0.044584725131631094,0.6467987202070676,0.0,6.833333333333333,2023,True
05091,"Miller County, Arkansas",05,2025-10-01,2025-07-01,2025-09-01,2,1,16.623133621297942,2.940066080880428,16.66485753298768,19.0,9.0,19.0,5654.0,0.5152733118971061,0.30144694533762056,0.21048808832074375,0.07205791570795218,0.5772178284593219,0.00042915823677273007,13.333333333333334,2023,False
05093,"Mississippi County, Arkansas",05,2025-10-01,2025-07-01,2025-09-01,2,1,8.9378366111397,1.4321161049735136,8.33651057448123,11.0,6.0,11.0,6241.0,0.45008397089009144,0.23810412390371338,0.2103442936045011,0.08362760834670947,0.4322865873480268,0.0,6.833333333333333,2023,True
05111,"Poinsett County, Arkansas",05,2025-10-01,2025-07-01,2025-09-01,2,1,4.698104070606339,1.4319122434033342,4.541087074308097,3.0,1.0,3.0,3281.0,0.4718973972086005,0.17389664277631084,0.20063794420234513,0.05274858528698464,0.5083600930129554,0.0013287565053703909,2.5,2023,False
05115,"Pope County, Arkansas",05,2025-10-01,2025-07-01,2025-09-01,2,1,10.00439945606359,1.4446786218142367,9.434132930808648,9.0,4.0,9.0,6925.0,0.46202945990180033,0.22144026186579377,0.1755112820428173,0.047216081790549876,0.6784364225480829,0.0011215885016408423,7.333333333333333,2023,True
05119,"Pulaski County, Arkansas",05,2025-10-01,2025-07-01,2025-09-01,2,1,454.8133297140917,6.352496364518852,476.7126822762299,467.0,343.0,467.0,71596.0,0.47927196103281366,0.24542303522621428,0.1621972473078712,0.049350449293966626,0.46429983535257563,0.0009029052303588605,338.5833333333333,2023,True
05123,"St. Francis County, Arkansas",05,2025-10-01,2025-07-01,2025-09-01,2,1,6.378410958294417,1.8079396140290296,6.182503387255536,1.0,6.0,1.0,3528.0,0.5532399869749267,0.2666883751221101,0.27837919870497774,0.07403521044654308,0.553483060525314,0.0,5.25,2023,False
05125,"Saline County, Arkansas",05,2025-10-01,2025-07-01,2025-09-01,2,1,39.66179529109583,3.394539138231413,38.77048213684398,43.0,34.0,43.0,11684.0,0.3885224923712964,0.17944679594448273,0.09053796168804502,0.03836042448142092,0.5800278287523443,0.000544475589344411,31.0,2023,True
05131,"Sebastian County, Arkansas",05,2025-10-01,2025-07-01,2025-09-01,2,1,5.426647813522285,0.2693259126270428,4.734128751168204,2.0,2.0,2.0,20149.0,0.4216383969179731,0.20134838675156508,0.1626734819831938,0.058144087705559906,0.5090181132220747,0.0009431964736001232,3.4166666666666665,2023,True
05139,"Union County, Arkansas",05,2025-10-01,2025-07-01,2025-09-01,2,1,6.857035269160138,1.6748986978896283,6.893963559639607,12.0,9.0,12.0,4094.0,0.4521215596330275,0.21731651376146788,0.1940515917156629,0.0436652916912198,0.515305785123967,0.0,5.083333333333333,2023,True
05143,"Washington County, Arkansas",05,2025-10-01,2025-07-01,2025-09-01,2,1,87.72492868389625,2.067813706484449,85.06876751862416,66.0,66.0,66.0,42424.0,0.43836209090446376,0.21293327225530614,0.14786385005541752,0.04227201458241614,0.4611855405532802,0.00039804330292142834,70.66666666666667,2023,False
05145,"White County, Arkansas",05,2025-10-01,2025-07-01,2025-09-01,2,1,9.986089935781035,1.08615291883631,9.338779092742922,10.0,8.0,10.0,9194.0,0.4989389589314692,0.17937835476220199,0.1642812862187003,0.05101713218340484,0.6469856624632925,0.0034893764035239245,7.666666666666667,2023,True
10001,"Kent County, Delaware",10,2025-10-01,2025-07-01,2025-09-01,2,1,180.06817835591625,8.855521705317019,200.39761449704042,181.0,246.0,181.0,20334.0,0.5325259149566322,0.25428390099428816,0.11288047100644301,0.054693556541767316,0.33297646067977105,0.10175153098368378,188.66666666666666,2023,False
10003,"New Castle County, Delaware",10,2025-10-01,2025-07-01,2025-09-01,2,1,649.7961326189916,9.256223310479788,675.098148467779,675.0,815.0,675.0,70201.0,0.4675915499301833,0.23809738300076574,0.1020354277954801,0.04907556768829879,0.31274810153267874,0.09993585804443288,644.4166666666666,2023,False
10005,"Sussex County, Delaware",10,2025-10-01,2025-07-01,2025-09-01,2,1,140.87008116203938,7.286132262441264,150.68065633425257,156.0,157.0,156.0,19334.0,0.5345800786817949,0.2556588174924454,0.115000449923513,0.051221448256794,0.5177739238274248,0.07467082634939397,137.83333333333334,2023,False
12009,"Brevard County, Florida",12,2025-10-01,2025-07-01,2025-09-01,2,1,279.74216632222016,4.81202336536657,285.37581073129513,250.0,269.0,250.0,58134.0,0.5391325106508007,0.28040987219039226,0.0989520742985527,0.04833368537963083,0.87590962685945,0.0006153504122847763,269.25,2023,False
12031,"Duval County, Florida",12,2025-10-01,2025-07-01,2025-09-01,2,1,1362.4496695620985,8.019410159052695,1380.517181655705,1427.0,1179.0,1427.0,169894.0,0.5444440969507428,0.2632306489444879,0.14619397748421148,0.044973990238021615,0.944483251427288,0.002828658805990043,1186.0833333333333,2023,False
12057,"Hillsborough County, Florida",12,2025-10-01,2025-07-01,2025-09-01,2,1,1175.6553897762826,5.297367616099899,1192.3521595127122,1169.0,1031.0,1169.0,221932.0,0.5572781386570842,0.27762871317799903,0.13195051607844638,0.045432757007549056,0.9093224888508381,0.0008614065312509869,1072.1666666666667,2023,False
12069,"Lake County, Florida",12,2025-10-01,2025-07-01,2025-09-01,2,1,176.89578941686676,4.750027910551992,177.57309275613184,183.0,160.0,183.0,37241.0,0.567653577314315,0.26831278058760016,0.09457729738515613,0.050871068443489646,0.8721358967606004,0.00041386056661273936,156.5,2023,False
12081,"Manatee County, Florida",12,2025-10-01,2025-07-01,2025-09-01,2,1,215.79522186950103,5.059558319136738,221.8785998595576,197.0,192.0,197.0,42651.0,0.5830428567846127,0.28472553100784914,0.10400661889060579,0.050505368556944485,0.8815042966339078,0.0005400465270854104,182.0,2023,False
13063,"Clayton County, Georgia",13,2025-10-01,2025-07-01,2025-09-01,2,1,1632.824894750739,33.023721680097466,1734.9711557718342,1949.0,1625.0,1949.0,49444.0,0.5753477095827485,0.3084088299094041,0.16836798863292576,0.06727765603873744,0.48373506523015164,0.0005964440573343684,1599.25,2023,False
18003,"Allen County, Indiana",18,2025-10-01,2025-07-01,2025-09-01,2,1,477.68545075064304,10.035197805731876,489.09673341088927,420.0,455.0,420.0,47601.0,0.4453072849450403,0.22513461795202705,0.12198983985071228,0.04625073902979167,0.2525959411867716,0.003171555878404234,416.75,2023,False
18005,"Bartholomew County, Indiana",18,2025-10-01,2025-07-01,2025-09-01,2,1,62.998818753391426,6.350047248603107,63.22680344283917,48.0,68.0,48.0,9921.0,0.42551792173627095,0.2325989257919544,0.12003229239293971,0.03678836200867254,0.3871877273829736,0.001819063788503517,55.166666666666664,2023,False
18009,"Blackford County, Indiana",18,2025-10-01,2025-07-01,2025-09-01,2,1,4.86777630450082,3.6490077245133588,5.010129522604603,4.0,2.0,4.0,1334.0,0.5143651529193698,0.1696014828544949,0.17493869958569375,0.05518553758325404,0.44486166007905137,0.007905138339920948,3.75,2023,False
18011,"Boone County, Indiana",18,2025-10-01,2025-07-01,2025-09-01,2,1,47.10808516343666,8.145959737754913,49.80545843981507,54.0,42.0,54.0,5783.0,0.3712121212121212,0.1331168831168831,0.05141821729737264,0.03029762511466721,0.3285387147559754,0.007263489337340776,40.416666666666664,2023,False
18017,"Cass County, Indiana",18,2025-10-01,2025-07-01,2025-09-01,2,1,18.135276471442925,4.929403770438414,18.35687928268218,20.0,19.0,20.0,3679.0,0.37303030303030305,0.12848484848484848,0.12700396717569698,0.03380876914949815,0.1806486196730099,0.001541141785044224,15.833333333333334,2023,False
18019,"Clark County, Indiana",18,2025-10-01,2025-07-01,2025-09-01,2,1,164.16798649818597,13.336148375157267,180.57794760369296,160.0,228.0,160.0,12310.0,0.47999649061238814,0.18740129847341638,0.09282567912661879,0.03759559498317528,0.4360157774886142,0.004412003903708523,155.91666666666666,2023,False
18021,"Clay County, Indiana",18,2025-10-01,2025-07-01,2025-09-01,2,1,7.437385325396428,3.130212679038901,7.468671398474676,9.0,2.0,9.0,2376.0,0.35787847579814624,0.1380020597322348,0.10658794282162834,0.039120201282363445,0.5093444644720615,0.022957973626790626,6.5,2023,False
18023,"Clinton County, Indiana",18,2025-10-01,2025-07-01,2025-09-01,2,1,15.052896117291354,4.628811844185533,15.53705815657915,19.0,16.0,19.0,3252.0,0.38101559907069366,0.1437105874543644,0.08547754034016572,0.03147432357813363,0.21466602129719264,0.006776379477250726,14.166666666666666,2023,False
18027,"Daviess County, Indiana",18,2025-10-01,2025-07-01,2025-09-01,2,1,8.382047061096195,2.5446408807213707,8.469592082979018,4.0,8.0,4.0,3294.0,0.4404719342152306,0.18519842688594923,0.10437463748206491,0.01684583114840063,0.26927731673582295,0.01270746887966805,7.416666666666667,2023,False
18029,"Dearborn County, Indiana",18,2025-10-01,2025-07-01,2025-09-01,2,1,19.902691628487123,6.47242004178443,20.959744292246505,25.0,14.0,25.0,3075.0,0.3867756843227871,0.18165659438322077,0.0813958133589006,0.022924719660147728,0.3853484216795712,0.024419297200714712,16.166666666666668,2023,False
18031,"Decatur County, Indiana",18,2025-10-01,2025-07-01,2025-09-01,2,1,10.14178288431704,3.8872299288298358,10.547242207198137,12.0,4.0,12.0,2609.0,0.325,0.19698275862068965,0.09345143697056435,0.02628330792129529,0.3903783989351588,0.0038980794827914054,8.25,2023,False
18033,"DeKalb County, Indiana",18,2025-10-01,2025-07-01,2025-09-01,2,1,20.559351826373884,6.821284613926306,21.49791381301533,21.0,26.0,21.0,3014.0,0.3640552995391705,0.17369727047146402,0.10117816559384658,0.0411790780141844,0.2395931326434619,0.008466603951081843,18.916666666666668,2023,False
18035,"Delaware County, Indiana",18,2025-10-01,2025-07-01,2025-09-01,2,1,80.56229510624385,5.209667298644843,80.94905315496665,69.0,91.0,69.0,15464.0,0.5194622369254592,0.3175899204617442,0.19921231170224998,0.0617492960758456,0.3134182811077883,0.009773328132449183,84.25,2023,False
18037,"Dubois County, Indiana",18,2025-10-01,2025-07-01,2025-09-01,2,1,11.282025726081958,2.6721993666702883,11.039853130835388,7.0,7.0,7.0,4222.0,0.3070040899795501,0.17075664621676892,0.09514535770431029,0.020859588892268913,0.3442119627018422,0.008187400500341141,9.75,2023,False
18039,"Elkhart County, Indiana",18,2025-10-01,2025-07-01,2025-09-01,2,1,196.3646220724321,9.516556269866827,205.91715963480962,216.0,176.0,216.0,20634.0,0.5036156194761369,0.2565215062402914,0.12541038394243811,0.034370755329829326,0.13322185061315497,0.0009894091415830546,159.08333333333334,2023,False
18041,"Fayette County, Indiana",18,2025-10-01,2025-07-01,2025-09-01,2,1,16.582068714213637,5.941264318958666,17.147894083765987,18.0,19.0,18.0,2791.0,0.5253115264797508,0.26479750778816197,0.16714672252771232,0.041218969988884774,0.2681717480746914,0.04156556598797342,15.25,2023,False
18043,"Floyd County, Indiana",18,2025-10-01,2025-07-01,2025-09-01,2,1,64.86373254524831,7.73568664821089,66.7358743928881,72.0,67.0,72.0,8385.0,0.44884653961885657,0.19759277833500502,0.09986434575351497,0.03841053215344923,0.43303499823565267,0.006030860039136432,64.33333333333333,2023,False
18049,"Fulton County, Indiana",18,2025-10-01,2025-07-01,2025-09-01,2,1,17.33579480314878,10.00334379870097,18.190591483362148,24.0,7.0,24.0,1733.0,0.36380832282471626,0.20491803278688525,0.12621696801112656,0.07360861759425494,0.17686388293175223,0.014255077582944368,13.25,2023,True
18051,"Gibson County, Indiana",18,2025-10-01,2025-07-01,2025-09-01,2,1,18.03457395784178,5.6570181800005575,19.256051367154523,25.0,19.0,25.0,3188.0,0.3337954939341421,0.13795493934142114,0.10236049505257608,0.02925417256882429,0.37085740346609913,0.005472788081483734,13.5,2023,True
18053,"Grant County, Indiana",18,2025-10-01,2025-07-01,2025-09-01,2,1,65.20280276699363,8.631559805003128,70.04039851260443,77.0,48.0,77.0,7554.0,0.4223703703703704,0.2248888888888889,0.1883414682084712,0.06700644112313175,0.3554210113241395,0.00175654968793213,55.583333333333336,2023,False
18055,"Greene County, Indiana",18,2025-10-01,2025-07-01,2025-09-01,2,1,10.486718901982313,3.318581931007061,10.775496546232457,13.0,9.0,13.0,3160.0,0.40496198479391754,0.18567426970788314,0.1328073850988608,0.06434841323430114,0.3341679054847039,0.01181441201783898,8.916666666666666,2023,False
18057,"Hamilton County, Indiana",18,2025-10-01,2025-07-01,2025-09-01,2,1,140.38267974737713,4.445021839889086,145.2918830453167,135.0,164.0,135.0,31582.0,0.4067925025529532,0.1767302434364397,0.04349751374281129,0.02804456983388163,0.3661007276358967,0.00125402677760173,136.16666666666666,2023,False
18059,"Hancock County, Indiana",18,2025-10-01,2025-07-01,2025-09-01,2,1,49.24936017741902,7.482430899030541,53.5726519227374,42.0,31.0,42.0,6582.0,0.41890145395799677,0.12439418416801293,0.04487764004238855,0.02669143970634885,0.29715313527259196,0.0026049742603733795,43.75,2023,False
18061,"Harrison County, Indiana",18,2025-10-01,2025-07-01,2025-09-01,2,1,12.269207404122756,5.181253126741029,12.376973667511216,19.0,12.0,19.0,2368.0,0.3696808510638298,0.14202127659574468,0.0752335140362933,0.03754319013975556,0.5128019004883199,0.007786722977431701,10.833333333333334,2023,False
18063,"Hendricks County, Indiana",18,2025-10-01,2025-07-01,2025-09-01,2,1,126.5893007945111,8.680012396771195,135.69047719397204,124.0,136.0,124.0,14584.0,0.4522361359570662,0.18389982110912342,0.049965119337610504,0.024766971871648932,0.38294931575509955,0.0026124333601664665,120.5,2023,False
18065,"Henry County, Indiana",18,2025-10-01,2025-07-01,2025-09-01,2,1,25.9237891491102,5.836062392865871,26.884758333111606,28.0,27.0,28.0,4442.0,0.3708029197080292,0.13795620437956205,0.13033870120777175,0.04086845466155811,0.27193932827735645,0.020422535211267606,23.333333333333332,2023,False
18067,"Howard County, Indiana",18,2025-10-01,2025-07-01,2025-09-01,2,1,86.05727156649678,8.708487306870753,89.41694753373139,94.0,85.0,94.0,9882.0,0.49903726356325745,0.23332200702231284,0.12526624554228893,0.05721739570932854,0.2475162970764895,0.0002846650915198269,81.66666666666667,2023,False
18069,"Huntington County, Indiana",18,2025-10-01,2025-07-01,2025-09-01,2,1,15.651428044946604,4.314065062002923,15.941626305115557,21.0,11.0,21.0,3628.0,0.38833437305053026,0.14410480349344978,0.1009889206879941,0.03152121825248922,0.3282984172850857,0.020095882314310108,12.666666666666666,2023,False
18071,"Jackson County, Indiana",18,2025-10-01,2025-07-01,2025-09-01,2,1,21.105805818044196,4.483918805618057,21.529649843055523,23.0,7.0,23.0,4707.0,0.3891826923076923,0.12115384615384615,0.11222591362126245,0.030960422620594095,0.5793181177796562,0.010876303183995491,17.0,2023,False
18073,"Jasper County, Indiana",18,2025-10-01,2025-07-01,2025-09-01,2,1,9.8100162072842,4.633923574531979,9.856700989738194,11.0,10.0,11.0,2117.0,0.4621212121212121,0.11688311688311688,0.06935404642023824,0.03890410958904109,0.12029238836802797,0.0017479739392976322,9.583333333333334,2023,False
18075,"Jay County, Indiana",18,2025-10-01,2025-07-01,2025-09-01,2,1,6.320782078071006,3.616008053816365,6.292773043782602,5.0,10.0,5.0,1748.0,0.4434907010014306,0.20314735336194564,0.1319434028298585,0.038028169014084505,0.2605855006910416,0.021108179419525065,5.416666666666667,2023,False
18077,"Jefferson County, Indiana",18,2025-10-01,2025-07-01,2025-09-01,2,1,22.45458710954556,5.782793486877559,22.69147685213809,28.0,16.0,28.0,3883.0,0.39508992292320866,0.1424493291464459,0.11248670084147402,0.040826807035562976,0.6394991731632412,0.016221749744074337,18.916666666666668,2023,False
18079,"Jennings County, Indiana",18,2025-10-01,2025-07-01,2025-09-01,2,1,8.142137652697794,3.6091035694582425,8.252456137344604,5.0,7.0,5.0,2256.0,0.48664222105814564,0.19434258774227345,0.12480843269913655,0.04328621908127209,0.6548327137546468,0.01979553903345725,7.083333333333333,2023,False
18081,"Johnson County, Indiana",18,2025-10-01,2025-07-01,2025-09-01,2,1,173.48297895910494,10.822394195826885,186.47306887796077,188.0,192.0,188.0,16030.0,0.4250392464678179,0.20624018838304553,0.07227999775682765,0.0299673425275474,0.3227610423812853,0.0009591468470079496,161.33333333333334,2023,False
18083,"Knox County, Indiana",18,2025-10-01,2025-07-01,2025-09-01,2,1,18.614340821567644,3.6109293543293197,18.59919113320085,20.0,16.0,20.0,5155.0,0.37692145714887343,0.16592966940408507,0.1339145139658289,0.025066899677789307,0.3310390469887492,0.006022501654533422,16.25,2023,False
18085,"Kosciusko County, Indiana",18,2025-10-01,2025-07-01,2025-09-01,2,1,40.573462356540986,5.551164640380488,41.72161673784709,40.0,43.0,40.0,7309.0,0.4500661862038535,0.21238417414325636,0.09667386060683002,0.029044037629077896,0.18300941821274452,0.0024569250637855545,42.666666666666664,2023,False
18087,"LaGrange County, Indiana",18,2025-10-01,2025-07-01,2025-09-01,2,1,10.040717537547003,4.316731529469907,10.280546466652998,18.0,7.0,18.0,2326.0,0.24822695035460993,0.127114020731042,0.057499875541394935,0.03412933220625528,0.11793189628241174,0.0029678225554514216,7.75,2023,True
18089,"Lake County, Indiana",18,2025-10-01,2025-07-01,2025-09-01,2,1,613.771707234915,10.88846187150588,653.5002537793123,635.0,616.0,635.0,56369.0,0.510427882123061,0.2707660405949675,0.14605305857536913,0.06344794596244092,0.10487197246141601,0.002372411796933955,542.4166666666666,2023,False
18091,"LaPorte County, Indiana",18,2025-10-01,2025-07-01,2025-09-01,2,1,76.07587739243367,6.846897434293373,79.73607714655743,94.0,75.0,94.0,11111.0,0.45027124773960214,0.20182841068917018,0.14011177659939725,0.0443164747120681,0.08994757446029165,0.004326824019596621,68.0,2023,False
18093,"Lawrence County, Indiana",18,2025-10-01,2025-07-01,2025-09-01,2,1,16.234704198826638,4.233299660710988,16.51630125794823,19.0,10.0,19.0,3835.0,0.4586063132817153,0.19922572960095294,0.11255645889792232,0.03422340898976413,0.4049906034662769,0.0029233660471914805,14.0,2023,False
18095,"Madison County, Indiana",18,2025-10-01,2025-07-01,2025-09-01,2,1,140.62540860299777,8.862201197567291,145.1544360306736,144.0,98.0,144.0,15868.0,0.45811895451739043,0.2530699046443027,0.12904205738222574,0.05717286679521547,0.2584069791646954,0.006585545862271256,116.25,2023,False
18097,"Marion County, Indiana",18,2025-10-01,2025-07-01,2025-09-01,2,1,2195.256890635571,12.556881971317438,2324.861880458969,2411.0,2426.0,2411.0,174825.0,0.5084965593438134,0.25488477104324536,0.15123951080304693,0.051069566501161644,0.4068577277379734,0.001976493841104013,2247.0833333333335,2023,False
18099,"Marshall County, Indiana",18,2025-10-01,2025-07-01,2025-09-01,2,1,13.073832591090648,3.208302476341263,13.407292840058826,12.0,10.0,12.0,4075.0,0.37833379158647235,0.18201814682430575,0.10947669305189094,0.028378857750975522,0.12533809057950163,0.005236807273982851,11.25,2023,False
18103,"Miami County, Indiana",18,2025-10-01,2025-07-01,2025-09-01,2,1,29.268271587282776,8.834371140139686,30.93314662318171,33.0,32.0,33.0,3313.0,0.4137248432860442,0.19663477400197954,0.15167701121986155,0.06474509319837057,0.24174830444611906,0.015599095704596834,26.75,2023,False
18105,"Monroe County, Indiana",18,2025-10-01,2025-07-01,2025-09-01,2,1,117.91350105625632,4.480847465561707,116.1458921758883,108.0,81.0,108.0,26315.0,0.5870525576978655,0.35543536600470665,0.20164149075463864,0.055235298871319664,0.47377454345736647,0.001990937800356996,91.41666666666667,2023,True
18107,"Montgomery County, Indiana",18,2025-10-01,2025-07-01,2025-09-01,2,1,16.026017995107566,4.651964584936884,16.30672805888429,18.0,18.0,18.0,3445.0,0.4319816873773708,0.19555264879005888,0.11946637625918867,0.03808092844930314,0.23982221077041999,0.016297346044833804,14.25,2023,False
18109,"Morgan County, Indiana",18,2025-10-01,2025-07-01,2025-09-01,2,1,37.7599172690867,7.981381794353561,39.81454953355987,42.0,31.0,42.0,4731.0,0.47279638869090046,0.24091233071988596,0.08537117596542355,0.03753910323253389,0.41208097282863637,0.01187168476888103,31.25,2023,False
18111,"Newton County, Indiana",18,2025-10-01,2025-07-01,2025-09-01,2,1,4.637609901581386,4.196932037630214,4.541087074308097,5.0,1.0,5.0,1105.0,0.42433234421364985,0.23837784371909002,0.13509749303621169,0.08684863523573201,0.1087461992487927,0.008048649615453407,3.0,2023,False
18113,"Noble County, Indiana",18,2025-10-01,2025-07-01,2025-09-01,2,1,26.980600736482884,6.317162429520694,27.623466185582316,22.0,41.0,22.0,4271.0,0.4258213552361396,0.14707392197125257,0.08501022274830518,0.03128689492325856,0.25552278671192474,0.005119358967224974,28.833333333333332,2023,False
18117,"Orange County, Indiana",18,2025-10-01,2025-07-01,2025-09-01,2,1,7.624145535589872,4.490073931442799,7.793376777953,7.0,9.0,7.0,1698.0,0.46897931954636424,0.171447631754503,0.13258160848522293,0.029186023025651382,0.3337503127345509,0.010007505629221916,6.416666666666667,2023,False
18123,"Perry County, Indiana",18,2025-10-01,2025-07-01,2025-09-01,2,1,5.940405484172563,3.0573368420857245,5.995878931709565,6.0,7.0,6.0,1943.0,0.4015792442188381,0.18048505358150027,0.1283635750800517,0.05066303978238694,0.3138949812927364,0.0024512966068894336,5.0,2023,False
18127,"Porter County, Indiana",18,2025-10-01,2025-07-01,2025-09-01,2,1,91.45400040936538,5.897975003828543,91.00519576010416,93.0,99.0,93.0,15506.0,0.49362064077119366,0.23376807485114828,0.09224135402305594,0.04435213873094776,0.10166203764934091,0.0014401387235668415,81.66666666666667,2023,False
18129,"Posey County, Indiana",18,2025-10-01,2025-07-01,2025-09-01,2,1,7.624145535589872,4.143557356298844,7.793376777953,8.0,5.0,8.0,1840.0,0.38988476312419973,0.2528809218950064,0.09851263654318997,0.022504420511171838,0.42716650438169423,0.0012658227848101266,6.333333333333333,2023,False
18133,"Putnam County, Indiana",18,2025-10-01,2025-07-01,2025-09-01,2,1,7.872066998200134,2.1293121444955734,7.793376777953,10.0,5.0,10.0,3697.0,0.4297760977028206,0.06687990694969467,0.08066604995374653,0.020884450784593438,0.3879113018597997,0.03927038626609442,6.416666666666667,2023,False
18135,"Randolph County, Indiana",18,2025-10-01,2025-07-01,2025-09-01,2,1,8.058487457723475,3.515919484172546,8.319224597763094,9.0,5.0,9.0,2292.0,0.4881253158160687,0.20717534108135421,0.15003130870381967,0.05417782770241079,0.2908073070123748,0.02052641917108623,6.5,2023,False
18137,"Ripley County, Indiana",18,2025-10-01,2025-07-01,2025-09-01,2,1,7.472681490445186,2.9665269910461243,7.564405356961955,10.0,7.0,10.0,2519.0,0.4720908230842006,0.26348155156102177,0.09587791615506051,0.031747079400699624,0.37953504755195494,0.010390982740401549,6.0,2023,False
18139,"Rush County, Indiana",18,2025-10-01,2025-07-01,2025-09-01,2,1,5.940405484172563,3.3523732980657805,5.995878931709565,3.0,6.0,3.0,1772.0,0.3705103969754253,0.18399495904221802,0.13003227967598513,0.05667366341523645,0.2795488721804511,0.020451127819548873,5.0,2023,False
18141,"St. Joseph County, Indiana",18,2025-10-01,2025-07-01,2025-09-01,2,1,267.15075992792447,8.009076625732236,288.71466079651515,275.0,263.0,275.0,33356.0,0.5048897411313519,0.2547778843080857,0.14584932011418397,0.05037358576341279,0.15361898976683333,0.0014485304425026868,252.91666666666666,2023,False
18143,"Scott County, Indiana",18,2025-10-01,2025-07-01,2025-09-01,2,1,20.961877447040287,7.792519497040998,21.518975032319187,23.0,19.0,23.0,2690.0,0.4036815068493151,0.14554794520547945,0.14735007862637597,0.033672670321064996,0.6343260350731555,0.011621874027186884,18.416666666666668,2023,False
18145,"Shelby County, Indiana",18,2025-10-01,2025-07-01,2025-09-01,2,1,30.373817184755037,6.390451753577748,31.531737072290014,25.0,26.0,25.0,4753.0,0.3988750878837591,0.2010780407780642,0.11507945477971926,0.04049234516353514,0.37850647561311657,0.02243042160374759,28.5,2023,False
18147,"Spencer County, Indiana",18,2025-10-01,2025-07-01,2025-09-01,2,1,4.690617301071598,3.1333448904953896,4.659650351412488,4.0,2.0,4.0,1497.0,0.3894230769230769,0.10096153846153846,0.06635216900830684,0.03409427809072043,0.3377616242636922,0.003383882692066675,2.5833333333333335,2023,False
18149,"Starke County, Indiana",18,2025-10-01,2025-07-01,2025-09-01,2,1,4.975185967031978,3.4938103701067265,5.271538087810968,7.0,1.0,7.0,1424.0,0.39198036006546644,0.16202945990180032,0.1484016286927142,0.0337603018568166,0.0992235670244348,0.0,3.75,2023,False
18151,"Steuben County, Indiana",18,2025-10-01,2025-07-01,2025-09-01,2,1,11.814655670702392,4.330885509788267,11.8352842882994,10.0,18.0,10.0,2728.0,0.3671653861706429,0.17185604528912252,0.08811959087332809,0.0708930170098478,0.14217217580820923,0.0034871049763893934,11.916666666666666,2023,False
18153,"Sullivan County, Indiana",18,2025-10-01,2025-07-01,2025-09-01,2,1,5.940405484172563,3.164840428435036,5.995878931709565,7.0,7.0,7.0,1877.0,0.3870146403564608,0.20623806492679822,0.1346921168985226,0.0508547468014192,0.38924256203715735,0.012342471092633494,4.833333333333333,2023,False
18157,"Tippecanoe County, Indiana",18,2025-10-01,2025-07-01,2025-09-01,2,1,164.27673041859356,4.788990187989201,179.29432037250547,168.0,142.0,168.0,34303.0,0.580127068081401,0.3039958718998936,0.1900329195488326,0.029197613285487773,0.3648592353692132,0.0008331653564469529,147.66666666666666,2023,False
18163,"Vanderburgh County, Indiana",18,2025-10-01,2025-07-01,2025-09-01,2,1,265.1024069570794,9.666098117008655,281.00656851628173,283.0,258.0,283.0,27426.0,0.4602830845386341,0.2376440559981437,0.14364866575377144,0.04405120885960488,0.37686209487292416,0.0014896758983393352,235.75,2023,False
18165,"Vermillion County, Indiana",18,2025-10-01,2025-07-01,2025-09-01,2,1,5.583360208939602,3.297909160625873,5.8728938992494735,5.0,4.0,5.0,1693.0,0.4443037974683544,0.14810126582278482,0.1328052805280528,0.05977584059775841,0.41036585365853656,0.003048780487804878,4.5,2023,False
18167,"Vigo County, Indiana",18,2025-10-01,2025-07-01,2025-09-01,2,1,89.01301627755426,5.701941981779147,88.88389601232768,92.0,88.0,92.0,15611.0,0.5624347826086956,0.30594782608695653,0.20028800908648386,0.06090710188634617,0.46700316938607817,0.008639511679774621,79.83333333333333,2023,False
18169,"Wabash County, Indiana",18,2025-10-01,2025-07-01,2025-09-01,2,1,10.019468377338,4.072954624934146,10.309397762057655,8.0,10.0,8.0,2460.0,0.41620879120879123,0.1575091575091575,0.10745245845468562,0.0356906807666887,0.2890712123625936,0.010673888800382348,8.083333333333334,2023,False
18173,"Warrick County, Indiana",18,2025-10-01,2025-07-01,2025-09-01,2,1,30.1686879171504,6.989964763009824,30.608380401900526,27.0,39.0,27.0,4316.0,0.35007458975634015,0.19965191447041272,0.06375047187617969,0.028582580238388326,0.3608535449649755,0.0019030651496133133,29.916666666666668,2023,False
18175,"Washington County, Indiana",18,2025-10-01,2025-07-01,2025-09-01,2,1,8.997468003740009,4.623570402744095,9.333183629380958,8.0,7.0,8.0,1946.0,0.4258461538461538,0.2473846153846154,0.13460078794231395,0.03607682757613379,0.5136438057122067,0.00909587047480444,7.0,2023,True
18177,"Wayne County, Indiana",18,2025-10-01,2025-07-01,2025-09-01,2,1,62.95081220632608,7.750654051505303,66.10781502539352,83.0,68.0,83.0,8122.0,0.48518762343647137,0.24147465437788018,0.16870614343538531,0.053316567117258726,0.2705645462003132,0.04970542173167276,62.833333333333336,2023,False
18179,"Wells County, Indiana",18,2025-10-01,2025-07-01,2025-09-01,2,1,11.689475291334743,4.32303080300841,11.952688552183933,12.0,14.0,12.0,2704.0,0.3643379366368806,0.16003249390739235,0.07216979426546624,0.020780984719864178,0.2973591549295775,0.017869718309859155,10.5,2023,False
18181,"White County, Indiana",18,2025-10-01,2025-07-01,2025-09-01,2,1,6.980005428920374,3.4232493520943477,7.139789104969634,6.0,5.0,6.0,2039.0,0.4281115879828326,0.21781115879828325,0.09959700633275763,0.047534165181224004,0.16948808920425748,0.006386213887480993,6.083333333333333,2023,False
18183,"Whitley County, Indiana",18,2025-10-01,2025-07-01,2025-09-01,2,1,11.962688415198432,4.339023726949014,11.963663275365516,8.0,14.0,8.0,2757.0,0.40058357649020426,0.1271363067944977,0.1069028531006838,0.04459376908979841,0.25787924474118745,0.014789288534711752,11.583333333333334,2023,False
21003,"Allen County, Kentucky",21,2025-10-01,2025-07-01,2025-09-01,2,1,6.652350390455034,3.6431272675000184,6.6964070084562275,3.0,8.0,3.0,1826.0,0.4586699813548788,0.15786202610316968,0.1504121872438895,0.0753262768471894,0.7573866530820174,0.0014009169638308711,5.666666666666667,2023,False
21009,"Barren County, Kentucky",21,2025-10-01,2025-07-01,2025-09-01,2,1,28.16323240287383,4.498200351840573,28.407749102842956,19.0,25.0,19.0,6261.0,0.46484375,0.27201704545454547,0.21046976797348269,0.04828226555246054,0.5459603828177164,0.008513242822167817,25.333333333333332,2023,False
21013,"Bell County, Kentucky",21,2025-10-01,2025-07-01,2025-09-01,2,1,12.016855193048803,3.23991781964109,11.838465060085571,13.0,15.0,13.0,3709.0,0.569188820722563,0.267211997273347,0.27104864864864864,0.1051047284585476,0.7706277556162082,0.007453285744278816,10.666666666666666,2023,False
21015,"Boone County, Kentucky",21,2025-10-01,2025-07-01,2025-09-01,2,1,109.45154726273472,9.316611105101696,115.55115314327557,120.0,103.0,120.0,11748.0,0.4110271067674719,0.20929374884750138,0.06597734022659774,0.028462659080289162,0.48032418903080987,0.013686656999265013,103.75,2023,False
21017,"Bourbon County, Kentucky",21,2025-10-01,2025-07-01,2025-09-01,2,1,11.317915173643929,3.9586971576229204,11.207455028267027,4.0,7.0,4.0,2859.0,0.4254368143031288,0.28118650954896385,0.1366783743100853,0.043856854624615055,0.5847687007874016,0.007012795275590551,11.666666666666666,2023,False
21019,"Boyd County, Kentucky",21,2025-10-01,2025-07-01,2025-09-01,2,1,18.629969884329476,3.0998285997220427,17.816933759054955,14.0,18.0,14.0,6010.0,0.4577410679984633,0.2330003841721091,0.17719538431449247,0.0658022533022533,0.4585086243163652,0.004206983592763988,15.75,2023,False
21021,"Boyle County, Kentucky",21,2025-10-01,2025-07-01,2025-09-01,2,1,16.121007128335712,4.470606524774185,16.18705264707245,20.0,19.0,20.0,3606.0,0.4371520656314093,0.2683855845297392,0.14204974981100832,0.05886190648785792,0.5835168558360155,0.0,14.0,2023,False
21029,"Bullitt County, Kentucky",21,2025-10-01,2025-07-01,2025-09-01,2,1,38.228236248017566,7.557974742589475,39.246068573970966,42.0,39.0,42.0,5058.0,0.43283261802575107,0.2034334763948498,0.09528414791890814,0.04113680590125356,0.4708989657915672,0.0024502784407319012,35.5,2023,False
21035,"Calloway County, Kentucky",21,2025-10-01,2025-07-01,2025-09-01,2,1,10.85425916365056,1.9814273756207668,10.627053190668434,13.0,8.0,13.0,5478.0,0.47060063224446785,0.23898840885142256,0.17238215391673356,0.043546894562081544,0.5240620442794645,0.00490521012859605,8.916666666666666,2023,False
21037,"Campbell County, Kentucky",21,2025-10-01,2025-07-01,2025-09-01,2,1,63.6485824427467,5.600403206576921,64.2024937625969,57.0,53.0,57.0,11365.0,0.4804453592814371,0.26075973053892215,0.10752022635837129,0.03687059340483752,0.42684543230016314,0.012897634584013051,55.25,2023,False
21041,"Carroll County, Kentucky",21,2025-10-01,2025-07-01,2025-09-01,2,1,6.445108081030589,4.40540538689719,6.6048026713737595,9.0,2.0,9.0,1463.0,0.3630907726931733,0.13053263315828958,0.18896968552271226,0.06936416184971098,0.5077073648152679,0.016638120871054565,5.166666666666667,2023,False
21043,"Carter County, Kentucky",21,2025-10-01,2025-07-01,2025-09-01,2,1,4.690617301071598,2.0987102018217443,4.659650351412488,3.0,6.0,3.0,2235.0,0.41933534743202416,0.22779456193353476,0.19565974236973424,0.04119373776908024,0.602931250602642,0.0046282904252241824,3.0833333333333335,2023,False
21045,"Casey County, Kentucky",21,2025-10-01,2025-07-01,2025-09-01,2,1,4.690617301071598,3.5214844602639626,4.903324343545821,4.0,2.0,4.0,1332.0,0.5725190839694656,0.21564885496183206,0.24440719489394624,0.08935676392572944,0.7336335853305452,0.00707736850571015,3.5,2023,False
21047,"Christian County, Kentucky",21,2025-10-01,2025-07-01,2025-09-01,2,1,63.74810485648376,5.190368413652806,62.031642017023565,64.0,75.0,64.0,12282.0,0.4781021897810219,0.23482285917749687,0.1721830671781604,0.07759158222915043,0.6052344601962922,0.004985200186945007,58.25,2023,False
21049,"Clark County, Kentucky",21,2025-10-01,2025-07-01,2025-09-01,2,1,20.422025581097614,4.795028312068001,20.029823461085005,17.0,33.0,17.0,4259.0,0.4498992950654582,0.15634441087613293,0.12943413908106172,0.04839977540707468,0.5925405115843043,0.004486406856836748,21.833333333333332,2023,False
21051,"Clay County, Kentucky",21,2025-10-01,2025-07-01,2025-09-01,2,1,4.86777630450082,3.021586781192316,5.010129522604603,1.0,6.0,1.0,1611.0,0.6164383561643836,0.36164383561643837,0.3176495980143528,0.10214446952595936,0.5551685706324881,0.0678461967121761,3.75,2023,False
21059,"Daviess County, Kentucky",21,2025-10-01,2025-07-01,2025-09-01,2,1,43.3794286665408,3.171474533304635,39.98932508009731,30.0,51.0,30.0,13678.0,0.4271062271062271,0.20293040293040293,0.15246154611976703,0.04445202592867607,0.32091746240007774,0.0012391573729863693,37.833333333333336,2023,False
21065,"Estill County, Kentucky",21,2025-10-01,2025-07-01,2025-09-01,2,1,4.637609901581386,2.843415022428808,4.541087074308097,3.0,5.0,3.0,1631.0,0.42644757433489827,0.21439749608763695,0.2196415770609319,0.07209344770943603,0.5177966101694915,0.02271186440677966,3.0,2023,False
21067,"Fayette County, Kentucky",21,2025-10-01,2025-07-01,2025-09-01,2,1,472.95272357435977,7.3989037197578265,441.1473850918836,424.0,389.0,424.0,63922.0,0.4966376254679167,0.2532547122933713,0.1568367300709982,0.05000535811980756,0.5722589493697525,0.0009361189524175816,391.4166666666667,2023,False
21071,"Floyd County, Kentucky",21,2025-10-01,2025-07-01,2025-09-01,2,1,10.373751176283282,2.5734932216033943,10.45340396680573,11.0,5.0,11.0,4031.0,0.4662433155080214,0.26336898395721925,0.266,0.0712223291626564,0.6221991701244813,0.021300138312586446,8.166666666666666,2023,True
21073,"Franklin County, Kentucky",21,2025-10-01,2025-07-01,2025-09-01,2,1,59.247333979843575,7.374574804561063,61.71570729567847,57.0,55.0,57.0,8034.0,0.430761168609983,0.2162976549194288,0.13414022199474118,0.05634238836003405,0.5305126840518006,0.001507894270001774,54.083333333333336,2023,False
21079,"Garrard County, Kentucky",21,2025-10-01,2025-07-01,2025-09-01,2,1,5.361899873222694,3.9984339099348953,5.653571136045753,7.0,7.0,7.0,1341.0,0.5004492362982929,0.25157232704402516,0.17076734264508212,0.06108424535505218,0.7086792452830188,0.01660377358490566,4.0,2023,True
21081,"Grant County, Kentucky",21,2025-10-01,2025-07-01,2025-09-01,2,1,10.084543185789412,4.1637255102351,9.911144284264383,6.0,10.0,6.0,2422.0,0.38873626373626374,0.17307692307692307,0.1227525598645489,0.047380932863349455,0.5722793719545208,0.05793178126691933,10.416666666666666,2023,False
21083,"Graves County, Kentucky",21,2025-10-01,2025-07-01,2025-09-01,2,1,10.908368816127608,3.2640241819651727,10.941999759731686,8.0,9.0,8.0,3342.0,0.479942175641489,0.2544271774485002,0.2052148854221508,0.039984958636249686,0.3756359525155455,0.0057942340305257205,9.083333333333334,2023,False
21085,"Grayson County, Kentucky",21,2025-10-01,2025-07-01,2025-09-01,2,1,6.659949277592303,2.865726883645569,6.722604357257631,5.0,2.0,5.0,2324.0,0.3431952662721893,0.1635287789133943,0.1929750479846449,0.05066022266332959,0.6799017601309865,0.0007163323782234957,5.416666666666667,2023,False
21089,"Greenup County, Kentucky",21,2025-10-01,2025-07-01,2025-09-01,2,1,6.719938317699255,2.361187040653287,6.832628340721012,6.0,3.0,6.0,2846.0,0.41301460823373176,0.2501106684373617,0.15102308724066094,0.05764167936815851,0.4445890410958904,0.007945205479452055,5.083333333333333,2023,True
21093,"Hardin County, Kentucky",21,2025-10-01,2025-07-01,2025-09-01,2,1,61.915622113348256,3.7787990304149073,61.2349584814841,48.0,58.0,48.0,16385.0,0.3558081797987717,0.17679341434731477,0.11665388276391057,0.06687262915020922,0.705829596412556,0.002828561572956192,53.25,2023,False
21097,"Harrison County, Kentucky",21,2025-10-01,2025-07-01,2025-09-01,2,1,5.940405484172563,2.770711513140188,5.995878931709565,6.0,2.0,6.0,2144.0,0.4,0.2843501326259947,0.1637215817261071,0.028910981602102617,0.5714877745544965,0.041304047520375746,4.916666666666667,2023,False
21101,"Henderson County, Kentucky",21,2025-10-01,2025-07-01,2025-09-01,2,1,27.59281283572133,4.189616282374936,27.490332909136345,21.0,36.0,21.0,6586.0,0.4703667321545514,0.2405042567125082,0.1544601692777026,0.030078163648956168,0.5199371546213024,0.002112904973453245,24.25,2023,False
21103,"Henry County, Kentucky",21,2025-10-01,2025-07-01,2025-09-01,2,1,5.940405484172563,3.9948927264106002,5.940127930088887,2.0,8.0,2.0,1487.0,0.5567846607669616,0.20943952802359883,0.16608157273249505,0.03871681415929203,0.5430291198958842,0.002277533756303888,4.75,2023,True
21107,"Hopkins County, Kentucky",21,2025-10-01,2025-07-01,2025-09-01,2,1,19.582943221681738,3.815850199080619,19.29289046368942,28.0,19.0,28.0,5132.0,0.4196675900277008,0.21283471837488457,0.19161062350393251,0.06422205245734658,0.5085585337663052,0.00044031041884528595,16.416666666666668,2023,False
21111,"Jefferson County, Kentucky",21,2025-10-01,2025-07-01,2025-09-01,2,1,1352.6063679936349,10.754260562545795,1470.86819675104,1317.0,1432.0,1317.0,125774.0,0.4575029778750222,0.22469651018391018,0.14526133381570702,0.047994880546075085,0.37971474717054454,0.0021372710934084616,1302.6666666666667,2023,False
21113,"Jessamine County, Kentucky",21,2025-10-01,2025-07-01,2025-09-01,2,1,30.55213723392948,5.059976355404021,31.191862083213692,33.0,36.0,33.0,6038.0,0.420810476021943,0.20580428242788887,0.10497682081146316,0.032050073526639265,0.6178671417663527,0.0037159582590990075,27.166666666666668,2023,False
21117,"Kenton County, Kentucky",21,2025-10-01,2025-07-01,2025-09-01,2,1,136.7935912371425,6.754238445521281,138.28039349951726,133.0,156.0,133.0,20253.0,0.4313860130995141,0.19559476019437988,0.11934501504823763,0.0377907917300288,0.4116846419007885,0.014557720474013582,128.33333333333334,2023,False
21119,"Knott County, Kentucky",21,2025-10-01,2025-07-01,2025-09-01,2,1,5.252647997965631,3.303552199978384,5.527373915614421,4.0,6.0,4.0,1590.0,0.536046511627907,0.35930232558139535,0.25921004060538944,0.11628383921246924,0.5691997063142438,0.006424375917767988,3.9166666666666665,2023,True
21121,"Knox County, Kentucky",21,2025-10-01,2025-07-01,2025-09-01,2,1,10.757778498712497,2.757697641300307,10.342037771765218,6.0,7.0,6.0,3901.0,0.4522382798731054,0.25696157913288686,0.36733230926779314,0.0790182270091135,0.6334981458590853,0.018099947024545295,10.0,2023,False
21125,"Laurel County, Kentucky",21,2025-10-01,2025-07-01,2025-09-01,2,1,28.324158670354556,4.168995977385128,28.128987707349598,30.0,19.0,30.0,6794.0,0.44068120933792576,0.23478760045924224,0.21312359110065668,0.03581478639038117,0.8122508915460457,0.01040486679253199,23.916666666666668,2023,False
21133,"Letcher County, Kentucky",21,2025-10-01,2025-07-01,2025-09-01,2,1,5.520264162919092,2.4084922176784866,5.723460037421122,3.0,7.0,3.0,2292.0,0.450469992769342,0.21402747650036152,0.26761039713982027,0.05833108290575209,0.776144376718059,0.009919923509023544,4.416666666666667,2023,False
21137,"Lincoln County, Kentucky",21,2025-10-01,2025-07-01,2025-09-01,2,1,5.571050463159506,2.586374402581015,5.723460037421122,3.0,6.0,3.0,2154.0,0.4314420803782506,0.19148936170212766,0.18539769656147354,0.07599844901124467,0.7492771581990912,0.00795125980999587,4.583333333333333,2023,False
21145,"McCracken County, Kentucky",21,2025-10-01,2025-07-01,2025-09-01,2,1,35.13089307786029,3.9517315048211805,35.30410429185549,39.0,22.0,39.0,8890.0,0.4402726294391965,0.20363505918928615,0.153332529466735,0.030559188490860954,0.4215560523326126,0.0011360721222560195,30.25,2023,False
21147,"McCreary County, Kentucky",21,2025-10-01,2025-07-01,2025-09-01,2,1,4.637609901581386,3.240817541286783,4.541087074308097,2.0,4.0,2.0,1431.0,0.39575289575289574,0.21621621621621623,0.35143644234553323,0.02312022517088862,0.7020554066130473,0.025915996425379804,2.75,2023,False
21151,"Madison County, Kentucky",21,2025-10-01,2025-07-01,2025-09-01,2,1,47.96348830927701,3.473852995529587,46.447036512163365,41.0,57.0,41.0,13807.0,0.4402907580477674,0.20808371275660995,0.1581078781691339,0.05259989621172807,0.8072000435706116,0.0036762703556451172,46.583333333333336,2023,False
21155,"Marion County, Kentucky",21,2025-10-01,2025-07-01,2025-09-01,2,1,6.344791489504069,3.6802734857912234,6.449089265224047,8.0,4.0,8.0,1724.0,0.4684931506849315,0.1184931506849315,0.1950297999148574,0.0550275724510149,0.6407114624505929,0.001844532279314888,5.083333333333333,2023,False
21157,"Marshall County, Kentucky",21,2025-10-01,2025-07-01,2025-09-01,2,1,5.592271899753566,2.3716165817445147,5.723460037421122,4.0,5.0,4.0,2358.0,0.5422606924643585,0.26120162932790225,0.1340442720956536,0.03717368604246432,0.4040304182509506,0.0028897338403041824,4.416666666666667,2023,True
21161,"Mason County, Kentucky",21,2025-10-01,2025-07-01,2025-09-01,2,1,6.40191648197194,2.9420572067885753,6.505081742276938,8.0,9.0,8.0,2176.0,0.4016268429079817,0.22928317234367057,0.18379186602870815,0.04844704008494823,0.5529089071748231,0.0023098022231846397,5.166666666666667,2023,False
21163,"Meade County, Kentucky",21,2025-10-01,2025-07-01,2025-09-01,2,1,7.764357958291938,2.681062830901912,7.915587320637764,7.0,6.0,7.0,2896.0,0.40454545454545454,0.17272727272727273,0.1373879168485744,0.03747727590546777,0.645119466567883,0.0009260974254491572,6.75,2023,False
21167,"Mercer County, Kentucky",21,2025-10-01,2025-07-01,2025-09-01,2,1,7.624145535589872,3.6496627743369423,7.793376777953,9.0,3.0,9.0,2089.0,0.41023017902813297,0.19079283887468032,0.11350319602272728,0.028568716780561883,0.7052643099485608,0.0007661157929298456,6.416666666666667,2023,False
21173,"Montgomery County, Kentucky",21,2025-10-01,2025-07-01,2025-09-01,2,1,10.606022862274747,2.87270391719251,10.487631946454824,8.0,7.0,8.0,3692.0,0.2524486571879937,0.16619273301737758,0.152429354094579,0.040893924109567784,0.6742465753424658,0.004748858447488584,8.583333333333334,2023,False
21177,"Muhlenberg County, Kentucky",21,2025-10-01,2025-07-01,2025-09-01,2,1,8.046106508636639,3.7319603472340623,8.211406780284145,6.0,8.0,6.0,2156.0,0.455842018650576,0.17882611080636313,0.17780938833570412,0.0406308266003729,0.6105386613051855,0.0,7.25,2023,False
21179,"Nelson County, Kentucky",21,2025-10-01,2025-07-01,2025-09-01,2,1,12.057422280891874,2.8237522906069965,11.914938209289552,9.0,15.0,9.0,4270.0,0.44447544642857145,0.22293526785714285,0.09707818752958389,0.03058302967204581,0.7314632458615,0.016128173737158674,11.416666666666666,2023,False
21181,"Nicholas County, Kentucky",21,2025-10-01,2025-07-01,2025-09-01,2,1,4.637609901581386,5.938040847095245,4.541087074308097,3.0,1.0,3.0,781.0,0.3704819277108434,0.26656626506024095,0.18524416135881103,0.07162619120811559,0.590528233151184,0.009836065573770493,1.8333333333333333,2023,False
21185,"Oldham County, Kentucky",21,2025-10-01,2025-07-01,2025-09-01,2,1,17.268857363737112,6.4363985701591915,17.829750253558377,12.0,21.0,12.0,2683.0,0.3876451077943615,0.1322553897180763,0.03960778855225104,0.033454228927897865,0.45255376942601416,0.002315536358373781,17.083333333333332,2023,False
21191,"Pendleton County, Kentucky",21,2025-10-01,2025-07-01,2025-09-01,2,1,4.690617301071598,3.3818437642909864,4.857732154888038,6.0,4.0,6.0,1387.0,0.33506044905008636,0.2392055267702936,0.14331409498644043,0.048839184597961494,0.46052878304894057,0.04012750796924808,3.5,2023,False
21193,"Perry County, Kentucky",21,2025-10-01,2025-07-01,2025-09-01,2,1,6.221488277730062,1.980734886255989,6.12928750269708,3.0,7.0,3.0,3141.0,0.5078512396694215,0.18181818181818182,0.2553144211539886,0.05862884160756501,0.7359426193217037,0.009740547241654123,5.083333333333333,2023,False
21195,"Pike County, Kentucky",21,2025-10-01,2025-07-01,2025-09-01,2,1,14.244665693830033,2.3440292403867096,13.789199178119729,10.0,10.0,10.0,6077.0,0.5651279707495429,0.3071297989031079,0.2504535591049767,0.061576113558492414,0.7867806454251708,0.013742893369871978,11.75,2023,False
21199,"Pulaski County, Kentucky",21,2025-10-01,2025-07-01,2025-09-01,2,1,22.210996633263296,3.0455226427071573,21.251560041447775,21.0,13.0,21.0,7293.0,0.4834957560515561,0.2720842502357749,0.20270565132009602,0.05238517467636106,0.8231867283950617,0.014544753086419754,17.583333333333332,2023,True
21205,"Rowan County, Kentucky",21,2025-10-01,2025-07-01,2025-09-01,2,1,10.517665304049135,3.0485986388548216,10.268802449844484,11.0,10.0,11.0,3450.0,0.47609756097560973,0.22276422764227644,0.24518453508245183,0.043378020664332675,0.7006955591225255,0.0,8.583333333333334,2023,False
21209,"Scott County, Kentucky",21,2025-10-01,2025-07-01,2025-09-01,2,1,35.75103905167477,5.802798093113905,34.235746471823894,34.0,44.0,34.0,6161.0,0.3879003558718861,0.14875444839857652,0.10441562098519913,0.03954524605202805,0.7113793571137935,0.0046566300465663004,36.666666666666664,2023,False
21211,"Shelby County, Kentucky",21,2025-10-01,2025-07-01,2025-09-01,2,1,20.637454861721675,4.455409080682572,20.82230385162497,25.0,18.0,25.0,4632.0,0.3595345523628592,0.13132272619330326,0.08614041777890767,0.028474711270410194,0.4870028011204482,0.00784313725490196,16.583333333333332,2023,False
21213,"Simpson County, Kentucky",21,2025-10-01,2025-07-01,2025-09-01,2,1,10.320422020429847,3.9816442980053424,10.285227519360445,11.0,10.0,11.0,2592.0,0.4556135770234987,0.25630983463881635,0.15118028534370948,0.039491941509232575,0.5359604629990896,0.0,9.25,2023,False
21217,"Taylor County, Kentucky",21,2025-10-01,2025-07-01,2025-09-01,2,1,13.144932292228905,4.0346630731212105,13.456559778883957,12.0,6.0,12.0,3258.0,0.37958590628405375,0.17798764983654194,0.16633980388232938,0.05042926753809266,0.551219512195122,0.0016923842707814833,12.166666666666666,2023,False
21225,"Union County, Kentucky",21,2025-10-01,2025-07-01,2025-09-01,2,1,5.583360208939602,3.8532506617940667,5.928013876655452,6.0,4.0,6.0,1449.0,0.3341404358353511,0.20581113801452786,0.17388321390455863,0.030654658815379286,0.5146255850234009,0.0033151326053042123,4.5,2023,False
21227,"Warren County, Kentucky",21,2025-10-01,2025-07-01,2025-09-01,2,1,142.5673692420141,6.074968861514151,144.34555491874815,126.0,168.0,126.0,23468.0,0.4644103600293902,0.2544085231447465,0.16793069382171896,0.04544138929088278,0.5682740554899646,0.0021768004722550176,135.83333333333334,2023,False
21235,"Whitley County, Kentucky",21,2025-10-01,2025-07-01,2025-09-01,2,1,10.034789447671264,2.2225447281663926,9.657753576589847,6.0,4.0,6.0,4515.0,0.411702688455456,0.19662625197680547,0.25053551538000174,0.05182288029054337,0.5619749447310243,0.005600589535740604,8.25,2023,False
21239,"Woodford County, Kentucky",21,2025-10-01,2025-07-01,2025-09-01,2,1,9.128155061256487,2.987939463586412,9.255370292765294,3.0,10.0,3.0,3055.0,0.45737051792828687,0.14262948207171314,0.10045385779122541,0.035222700642337824,0.5581308759192032,0.001954761239877129,8.083333333333334,2023,False
27003,"Anoka County, Minnesota",27,2025-10-01,2025-07-01,2025-09-01,2,1,68.18586737226411,2.499207102307815,61.698253679874554,63.0,61.0,63.0,27283.0,0.5117421335379893,0.23683806600153492,0.06646246569918668,0.039248339607023904,0.12277944643132532,0.002078269235005985,59.833333333333336,2023,False
27009,"Benton County, Minnesota",27,2025-10-01,2025-07-01,2025-09-01,2,1,12.295157459644596,2.318965948631572,12.503518374894906,14.0,11.0,14.0,5302.0,0.35186656076250994,0.17990468625893566,0.09763524298308081,0.04045208587886193,0.2589426458105978,0.014308233296956468,11.166666666666666,2023,False
27013,"Blue Earth County, Minnesota",27,2025-10-01,2025-07-01,2025-09-01,2,1,12.881415710394588,1.2390742314731231,11.76492000431423,8.0,16.0,8.0,10396.0,0.4696923234181744,0.24767453746294593,0.16279282159002695,0.041885871070053114,0.18397527866681382,0.005297428539896259,11.25,2023,False
27019,"Carver County, Minnesota",27,2025-10-01,2025-07-01,2025-09-01,2,1,18.964327434823055,2.5777256265900577,18.417702092433615,20.0,27.0,20.0,7357.0,0.408905745188931,0.16168001123753337,0.04220933371812655,0.031036724081897952,0.13969327135790807,0.0061395441326340386,16.833333333333332,2023,False
27025,"Chisago County, Minnesota",27,2025-10-01,2025-07-01,2025-09-01,2,1,6.529179718342086,2.1393118343191633,6.6048026713737595,7.0,2.0,7.0,3052.0,0.5192719486081371,0.27944325481798715,0.05932248790156967,0.03892388788891746,0.11678900809335592,0.008516845473367212,5.25,2023,False
27027,"Clay County, Minnesota",27,2025-10-01,2025-07-01,2025-09-01,2,1,16.557339887183083,1.913258595699455,15.786884129145578,18.0,16.0,18.0,8654.0,0.530295505338962,0.28830394834864664,0.14379951443904931,0.03887201493577061,0.3446162149658815,0.024711823894521763,12.916666666666666,2023,True
27035,"Crow Wing County, Minnesota",27,2025-10-01,2025-07-01,2025-09-01,2,1,6.935477388861837,1.0650303115574073,6.403463225478184,4.0,7.0,4.0,6512.0,0.4456304202801868,0.19129419613075382,0.09670682244687935,0.05161759360232643,0.2085620960455904,0.011571339217457781,5.25,2023,True
27037,"Dakota County, Minnesota",27,2025-10-01,2025-07-01,2025-09-01,2,1,148.50972505735402,3.51061922457873,148.15343740095668,160.0,143.0,160.0,42303.0,0.4930290578221309,0.23397906271402016,0.0558066256707746,0.036183296485568964,0.15553807609392298,0.002313115422711647,124.0,2023,False
27041,"Douglas County, Minnesota",27,2025-10-01,2025-07-01,2025-09-01,2,1,5.76439351983316,1.4045793176981385,5.601002987629449,5.0,3.0,5.0,4104.0,0.3845751633986928,0.18169934640522875,0.08282208588957055,0.02701768250518621,0.2408130454754249,0.0204983922829582,4.166666666666667,2023,True
27047,"Freeborn County, Minnesota",27,2025-10-01,2025-07-01,2025-09-01,2,1,4.698104070606339,1.7635525790564337,4.541087074308097,2.0,6.0,2.0,2664.0,0.44406922752216127,0.20683832840861122,0.09802557476976081,0.037707587105177465,0.13255723709740008,0.011486224291812185,2.3333333333333335,2023,False
27049,"Goodhue County, Minnesota",27,2025-10-01,2025-07-01,2025-09-01,2,1,7.063315726386162,1.635405354569614,6.906957273070754,10.0,6.0,10.0,4319.0,0.47763457164518575,0.2057113975233763,0.09264828203979782,0.035871215147399535,0.16703173552035047,0.012887779532372268,5.833333333333333,2023,False
27053,"Hennepin County, Minnesota",27,2025-10-01,2025-07-01,2025-09-01,2,1,498.1385739046442,2.5151908281897897,493.41806100128485,475.0,413.0,475.0,198052.0,0.4643087922624755,0.22630487347313127,0.10006751229630914,0.043094766340817284,0.19791684204028262,0.002272842062730441,393.0833333333333,2023,True
27057,"Hubbard County, Minnesota",27,2025-10-01,2025-07-01,2025-09-01,2,1,4.637609901581386,3.0016892566869813,4.541087074308097,4.0,2.0,4.0,1545.0,0.49262536873156343,0.275811209439528,0.09676364825106244,0.045782655987343025,0.2714687675858188,0.02160945413618458,2.0833333333333335,2023,False
27059,"Isanti County, Minnesota",27,2025-10-01,2025-07-01,2025-09-01,2,1,6.997473438520246,2.7174654130175715,7.028255567368159,6.0,3.0,6.0,2575.0,0.4919898819561551,0.2563237774030354,0.07808995538405884,0.04145678241875808,0.11464566929133858,0.01051968503937008,6.083333333333333,2023,False
27067,"Kandiyohi County, Minnesota",27,2025-10-01,2025-07-01,2025-09-01,2,1,6.6635497537570325,1.3711007723779902,6.182503387255536,6.0,6.0,6.0,4860.0,0.3634533661373295,0.17870722433460076,0.09999295824237729,0.035902116747076974,0.2118051575931232,0.01799426934097421,5.333333333333333,2023,False
27083,"Lyon County, Minnesota",27,2025-10-01,2025-07-01,2025-09-01,2,1,5.431841865781189,1.8438023984321754,5.653571136045753,2.0,5.0,2.0,2946.0,0.44711177794448614,0.21305326331582897,0.12456971611387843,0.03353012412957917,0.33709887033889835,0.01479556133160052,4.083333333333333,2023,True
27095,"Mille Lacs County, Minnesota",27,2025-10-01,2025-07-01,2025-09-01,2,1,5.949887060679082,2.486371525565851,5.788983320365721,5.0,6.0,5.0,2393.0,0.42764378478664195,0.22820037105751392,0.10541267376235748,0.043691067444036565,0.12403389514852407,0.018809945060061457,4.75,2023,True
27099,"Mower County, Minnesota",27,2025-10-01,2025-07-01,2025-09-01,2,1,4.985734365853113,1.3366580069311293,4.541087074308097,2.0,4.0,2.0,3730.0,0.43062338408503303,0.22723355357655847,0.12147538484987044,0.03746725322524838,0.1747591522157996,0.007129094412331407,2.5,2023,False
27103,"Nicollet County, Minnesota",27,2025-10-01,2025-07-01,2025-09-01,2,1,4.985734365853113,1.3837730685132148,4.541087074308097,3.0,2.0,3.0,3603.0,0.42114642114642115,0.19602019602019602,0.09600426546230084,0.016205266711681297,0.16920825631546518,0.011090573012939002,2.5833333333333335,2023,False
27109,"Olmsted County, Minnesota",27,2025-10-01,2025-07-01,2025-09-01,2,1,26.815491761673247,1.3741668423528361,23.775750968718334,26.0,19.0,26.0,19514.0,0.4856352992194276,0.22165004336513444,0.07920705724039971,0.03582235128514902,0.18244308034039233,0.0026114754836482615,20.333333333333332,2023,True
27111,"Otter Tail County, Minnesota",27,2025-10-01,2025-07-01,2025-09-01,2,1,5.733886048058698,1.0927932243298453,5.352349167012226,2.0,2.0,2.0,5247.0,0.44343187374972215,0.21449210935763502,0.08900028693435955,0.051269990592662275,0.2762400222389897,0.04562964139629085,3.5833333333333335,2023,True
27113,"Pennington County, Minnesota",27,2025-10-01,2025-07-01,2025-09-01,2,1,4.637609901581386,2.6230825235188835,4.541087074308097,2.0,3.0,2.0,1768.0,0.3689776733254994,0.14806110458284372,0.09921479415865561,0.027708470124753776,0.24230145867098865,0.019611021069692057,2.4166666666666665,2023,False
27123,"Ramsey County, Minnesota",27,2025-10-01,2025-07-01,2025-09-01,2,1,280.2940309293131,3.2832464294586345,291.8510495575336,339.0,255.0,339.0,85371.0,0.5041830558836782,0.24853562599705298,0.1240255298460634,0.04653232685234196,0.24167979002624673,0.003350450758872532,263.8333333333333,2023,False
27131,"Rice County, Minnesota",27,2025-10-01,2025-07-01,2025-09-01,2,1,5.512865181830388,0.9790206325395823,5.010129522604603,3.0,2.0,3.0,5631.0,0.4656416097190585,0.21678056188306757,0.09297572579699462,0.046120640690673634,0.18299421717712572,0.003212679374598415,3.5833333333333335,2023,True
27137,"St. Louis County, Minnesota",27,2025-10-01,2025-07-01,2025-09-01,2,1,37.10437212717544,1.5345701694518152,33.663499964103444,34.0,25.0,34.0,24179.0,0.5382062780269058,0.26896860986547083,0.1339111334448871,0.04467172162463998,0.17948390985811,0.0699480664008161,27.75,2023,True
27139,"Scott County, Minnesota",27,2025-10-01,2025-07-01,2025-09-01,2,1,23.66478519214494,2.779514351908027,23.67767291703968,27.0,17.0,27.0,8514.0,0.47347788803136104,0.20997182408428275,0.04123151861705648,0.02974368243281407,0.12804675688631587,0.0015118551569010656,18.583333333333332,2023,True
27141,"Sherburne County, Minnesota",27,2025-10-01,2025-07-01,2025-09-01,2,1,12.066004427428835,2.1914283377095596,11.929257584266896,10.0,14.0,10.0,5506.0,0.44172716851356514,0.20672525792892626,0.04841383428918566,0.03270943450872493,0.1526994935767217,0.004749506451889788,11.166666666666666,2023,False
27145,"Stearns County, Minnesota",27,2025-10-01,2025-07-01,2025-09-01,2,1,32.94779893064174,1.6798959328323937,30.280076482600307,25.0,35.0,25.0,19613.0,0.4576941578919237,0.24672617456838955,0.12156018812263293,0.04307916851959544,0.2807161494658418,0.01645962223279781,27.0,2023,False
27147,"Steele County, Minnesota",27,2025-10-01,2025-07-01,2025-09-01,2,1,5.585769592534734,1.8526598980214708,5.83133226932339,2.0,5.0,2.0,3015.0,0.5743994263176766,0.22588741484403013,0.07442339485595034,0.030615384615384614,0.14865675621625224,0.0021331911205919605,4.083333333333333,2023,True
27161,"Waseca County, Minnesota",27,2025-10-01,2025-07-01,2025-09-01,2,1,4.637609901581386,2.982385788798319,4.541087074308097,2.0,2.0,2.0,1555.0,0.401609363569861,0.16313094367227504,0.07247259439707673,0.03965252938170669,0.12205196535642905,0.007861425716189207,2.1666666666666665,2023,False
27163,"Washington County, Minnesota",27,2025-10-01,2025-07-01,2025-09-01,2,1,51.02448178584261,2.6177140255408684,47.99748848686629,64.0,34.0,64.0,19492.0,0.4977503117038001,0.25142299560904213,0.05012005917467681,0.03303814713896458,0.15450000483507556,0.004119484387540977,37.916666666666664,2023,True
27169,"Winona County, Minnesota",27,2025-10-01,2025-07-01,2025-09-01,2,1,6.242822579729511,0.98467233118762,5.7432893858789615,5.0,3.0,5.0,6340.0,0.45686371915880114,0.2417618811061434,0.13409129986244842,0.03030409192825112,0.2485705835962145,0.019420347003154575,4.0,2023,True
27171,"Wright County, Minnesota",27,2025-10-01,2025-07-01,2025-09-01,2,1,17.9474038138658,2.160775802295425,17.72841754122736,24.0,12.0,24.0,8306.0,0.42938144329896905,0.19845360824742267,0.049453637215110834,0.02140524098037749,0.14418939666774078,0.011391853213791535,13.833333333333334,2023,True
30013,"Cascade County, Montana",30,2025-10-01,2025-07-01,2025-09-01,2,1,25.050708747523597,2.404329469960994,24.055978954239535,27.0,28.0,27.0,10419.0,0.4340859431900947,0.19040682551243368,0.13188538054389487,0.029976169572306536,0.1524248761064482,0.004096364834283423,22.25,2023,False
30029,"Flathead County, Montana",30,2025-10-01,2025-07-01,2025-09-01,2,1,16.780348753486912,1.4838048239001602,15.892687172898643,18.0,14.0,18.0,11309.0,0.5215727542332345,0.24624509710131062,0.09572375474283797,0.03033775304195995,0.3694913698127066,0.006243114212265883,15.333333333333334,2023,False
30031,"Gallatin County, Montana",30,2025-10-01,2025-07-01,2025-09-01,2,1,15.639838913949884,0.8124169608825454,14.366612895491377,13.0,16.0,13.0,19251.0,0.4865751626838738,0.2388582052824411,0.10210406548245762,0.023444006440508577,0.3137254901960784,0.00221862445283924,13.0,2023,False
30049,"Lewis and Clark County, Montana",30,2025-10-01,2025-07-01,2025-09-01,2,1,18.52260774849594,1.993392999192417,17.439092403393317,17.0,14.0,17.0,9292.0,0.42456180547599953,0.16588383549089242,0.08716832795170575,0.03513841998649561,0.2493231120534986,0.0005545587995433045,15.75,2023,False
30063,"Missoula County, Montana",30,2025-10-01,2025-07-01,2025-09-01,2,1,30.72495144582559,1.4747504773843518,26.513829714116618,32.0,18.0,32.0,20834.0,0.4799678278791535,0.23807369426431407,0.109275426696964,0.04455765229245892,0.3336625227527981,0.004686108206498586,22.916666666666668,2023,True
30111,"Yellowstone County, Montana",30,2025-10-01,2025-07-01,2025-09-01,2,1,52.07083227608681,2.4494699537156275,50.177610668383416,44.0,40.0,44.0,21258.0,0.47259737717752986,0.20317087492660013,0.10229189585625229,0.03421421170683943,0.21788024021249566,0.0010826885321630674,47.5,2023,False
36001,"Albany County, New York",36,2025-10-01,2025-07-01,2025-09-01,2,1,335.1938202302645,5.835242244142272,341.21479777795736,305.0,395.0,305.0,57443.0,0.4492064931531695,0.24931531694930625,0.12918128440244475,0.05207277697909547,0.22402206015309506,0.06845578928334639,302.1666666666667,2023,False
36003,"Allegany County, New York",36,2025-10-01,2025-07-01,2025-09-01,2,1,7.437385325396428,2.2141665154499637,7.76213741116111,5.0,8.0,5.0,3359.0,0.4634641407307172,0.2645466847090663,0.16799659034404377,0.07218511450381679,0.12469953684704227,0.061558304508412966,6.416666666666667,2023,False
36005,"Bronx County, New York",36,2025-10-01,2025-07-01,2025-09-01,2,1,2920.0293860745587,6.9092189492285385,3339.6257076733914,3814.0,3709.0,3814.0,422628.0,0.5966542148768569,0.3465975214375961,0.2694714976944917,0.1111851287417329,0.15825735237243593,0.24079031518657076,3476.1666666666665,2023,False
36007,"Broome County, New York",36,2025-10-01,2025-07-01,2025-09-01,2,1,146.67501709219505,5.062822032107799,143.38150515864896,152.0,129.0,152.0,28971.0,0.509422651830205,0.28852422164774644,0.18926696958209419,0.06658902440339469,0.17559090742348468,0.10001100500116164,136.16666666666666,2023,False
36009,"Cattaraugus County, New York",36,2025-10-01,2025-07-01,2025-09-01,2,1,24.219294019293365,2.993732264436757,23.344551674244723,20.0,21.0,20.0,8090.0,0.47944827586206895,0.22344827586206897,0.17597916160552812,0.05206884561891516,0.14923637734900383,0.056376092011815725,22.416666666666668,2023,False
36011,"Cayuga County, New York",36,2025-10-01,2025-07-01,2025-09-01,2,1,41.15176361898934,4.675805433358635,41.200447730029545,36.0,60.0,36.0,8801.0,0.4874797558240937,0.20929363398529963,0.1376772347900957,0.038919626066337795,0.14533733324822876,0.12855045637326865,41.333333333333336,2023,False
36013,"Chautauqua County, New York",36,2025-10-01,2025-07-01,2025-09-01,2,1,46.178915945834646,2.7848821581132945,43.50354003726046,48.0,61.0,48.0,16582.0,0.512727988452959,0.2710930324104448,0.17014579463830767,0.05492783648740403,0.15228909369053392,0.028189246669900376,43.5,2023,False
36015,"Chemung County, New York",36,2025-10-01,2025-07-01,2025-09-01,2,1,67.79323269163325,6.436881189862633,68.46984300415086,76.0,66.0,76.0,10532.0,0.5218488243011403,0.3142597638510445,0.15761534290794002,0.06344527044347603,0.14446099209531446,0.055246878222018556,58.916666666666664,2023,False
36017,"Chenango County, New York",36,2025-10-01,2025-07-01,2025-09-01,2,1,14.194282238035674,3.0277905797857665,14.146300922700329,9.0,16.0,9.0,4688.0,0.4348952201554038,0.19425476807157993,0.12200544959128065,0.06880997656215451,0.1732828282828283,0.34035353535353535,12.75,2023,False
36019,"Clinton County, New York",36,2025-10-01,2025-07-01,2025-09-01,2,1,43.40959415414697,4.188093984963529,42.84906485469294,61.0,40.0,61.0,10365.0,0.4684430512016719,0.27335423197492165,0.13786747136010485,0.039925817989137635,0.3360980887125857,0.38631446087270105,31.666666666666668,2023,True
36021,"Columbia County, New York",36,2025-10-01,2025-07-01,2025-09-01,2,1,18.868198964515305,2.934401083128352,18.369517215611992,22.0,17.0,22.0,6430.0,0.5277173913043478,0.3141304347826087,0.11390100068494295,0.05261457963244081,0.14767415127595984,0.46555291593225534,15.25,2023,False
36023,"Cortland County, New York",36,2025-10-01,2025-07-01,2025-09-01,2,1,20.082196081341888,3.1836074954568625,19.907369658538247,17.0,21.0,17.0,6308.0,0.45585180055401664,0.26540858725761773,0.128130976258221,0.057387354503792024,0.1497229326513214,0.13613597612958228,21.0,2023,False
36025,"Delaware County, New York",36,2025-10-01,2025-07-01,2025-09-01,2,1,11.202889973149286,2.536311970375659,10.926501166125062,9.0,12.0,9.0,4417.0,0.4847106393732626,0.2731867576446803,0.1485898431068144,0.06364480046891027,0.13089143400010556,0.4142080540454953,9.666666666666666,2023,False
36027,"Dutchess County, New York",36,2025-10-01,2025-07-01,2025-09-01,2,1,149.1403648887846,4.154327712779515,147.86012922074704,164.0,192.0,164.0,35900.0,0.5196116274236171,0.25541138394845453,0.08260447724198494,0.047969143176676915,0.16767085706348103,0.451260591748854,151.0,2023,False
36029,"Erie County, New York",36,2025-10-01,2025-07-01,2025-09-01,2,1,874.4574202976573,6.193392120641803,921.4925116396652,974.0,1040.0,974.0,141192.0,0.5019243128804204,0.27776643605156703,0.14023568751179785,0.048385611404785145,0.08279444399587974,0.009353797671215114,876.8333333333334,2023,False
36031,"Essex County, New York",36,2025-10-01,2025-07-01,2025-09-01,2,1,9.30362494463358,2.643826355394595,9.61904094726872,8.0,12.0,8.0,3519.0,0.499213094113944,0.22977651872836008,0.11804427728865716,0.05017252107019628,0.20288047883284493,0.4653033231498223,8.0,2023,False
36033,"Franklin County, New York",36,2025-10-01,2025-07-01,2025-09-01,2,1,9.40746375361552,1.697485339880101,9.427685606181802,13.0,9.0,13.0,5542.0,0.4160896130346232,0.19022403258655804,0.16532332350773765,0.047097156398104266,0.14271602370801706,0.49932411354892375,7.666666666666667,2023,False
36035,"Fulton County, New York",36,2025-10-01,2025-07-01,2025-09-01,2,1,37.36824227187962,5.367457953444358,38.83200878014962,39.0,35.0,39.0,6962.0,0.43762685402029666,0.21873536299765808,0.1453661172656039,0.03756237475934148,0.10452514707833857,0.2558057238908303,34.916666666666664,2023,False
36037,"Genesee County, New York",36,2025-10-01,2025-07-01,2025-09-01,2,1,26.059210491166233,4.079400515210744,26.3633668221823,21.0,31.0,21.0,6388.0,0.4465006729475101,0.20609017496635262,0.1057998277104833,0.041695900571314025,0.12410674633614599,0.0861560821995236,23.833333333333332,2023,False
36039,"Greene County, New York",36,2025-10-01,2025-07-01,2025-09-01,2,1,16.645006477079487,4.078658778995219,16.952689611557936,20.0,18.0,20.0,4081.0,0.46309081253319173,0.2578332448220924,0.11006499287749288,0.03263910475598383,0.1554321530679569,0.4848251594457884,13.416666666666666,2023,False
36043,"Herkimer County, New York",36,2025-10-01,2025-07-01,2025-09-01,2,1,25.576370848827352,4.172328034066452,25.520776849094958,22.0,27.0,22.0,6130.0,0.40831252229753834,0.213699607563325,0.1328286771445059,0.0441956797096984,0.13494061197199717,0.2237473452371588,20.833333333333332,2023,False
36045,"Jefferson County, New York",36,2025-10-01,2025-07-01,2025-09-01,2,1,72.01415263258872,3.3615344551458115,72.02581775813282,65.0,78.0,65.0,21423.0,0.45399960301707026,0.1978959904724097,0.1339728477359564,0.06383068337369696,0.2218796171388193,0.12616432196312713,68.91666666666667,2023,False
36047,"Kings County, New York",36,2025-10-01,2025-07-01,2025-09-01,2,1,2818.7478898073746,3.9724733145530036,2239.3892782729545,2832.0,2779.0,2832.0,709570.0,0.509640850766817,0.27497312332806395,0.188857948288268,0.07459402325357932,0.1264525612225088,0.07124037733905443,2743.25,2023,False
36049,"Lewis County, New York",36,2025-10-01,2025-07-01,2025-09-01,2,1,4.637609901581386,2.161048416393936,4.541087074308097,4.0,6.0,4.0,2146.0,0.4312638580931264,0.23669623059866962,0.12247374208470785,0.054427749360613814,0.07857273225041066,0.30224493520715456,2.75,2023,False
36051,"Livingston County, New York",36,2025-10-01,2025-07-01,2025-09-01,2,1,17.727528564678348,3.182680173191804,17.77119429680681,16.0,16.0,16.0,5570.0,0.5278604005552251,0.2544120563156851,0.11594559017112768,0.0449899766669953,0.1529039417978544,0.0949484154712483,17.25,2023,False
36053,"Madison County, New York",36,2025-10-01,2025-07-01,2025-09-01,2,1,16.686946685499592,3.0251897544415502,16.719915835939695,11.0,28.0,11.0,5516.0,0.43974073323880897,0.2434676929309297,0.09724214632259312,0.04116215300243399,0.14301920744826507,0.19899855259554824,14.583333333333334,2023,False
36055,"Monroe County, New York",36,2025-10-01,2025-07-01,2025-09-01,2,1,768.3719571624749,6.654068943333348,735.7659452048739,725.0,662.0,725.0,115474.0,0.5072313955913422,0.26615162808411086,0.1305751378755181,0.05105157851328029,0.18956354697857228,0.0139333851490967,704.5,2023,False
36057,"Montgomery County, New York",36,2025-10-01,2025-07-01,2025-09-01,2,1,32.950618003895784,5.5867443207690375,32.72651162056319,32.0,24.0,32.0,5898.0,0.4991702009957588,0.27328047206343353,0.1470841889117043,0.047264825107610015,0.11396485390454404,0.24524279920973277,28.583333333333332,2023,False
36059,"Nassau County, New York",36,2025-10-01,2025-07-01,2025-09-01,2,1,419.74571296430474,5.093321437239018,414.335020091986,437.0,410.0,437.0,82411.0,0.548129460667695,0.292096938642127,0.05313479119902731,0.0478499556263232,0.06603504679044721,0.2759803190696287,362.9166666666667,2023,False
36061,"New York County, New York",36,2025-10-01,2025-07-01,2025-09-01,2,1,2203.8598029631326,3.775458647983123,2202.854473252557,2109.0,1948.0,2109.0,583733.0,0.46665652216722314,0.2437633705994504,0.1583846859840042,0.07008032065106987,0.27627499432533376,0.15317471781432493,1978.0833333333333,2023,False
36063,"Niagara County, New York",36,2025-10-01,2025-07-01,2025-09-01,2,1,145.76246107819793,5.475057697411934,146.9942038538472,159.0,191.0,159.0,26623.0,0.484917380536722,0.24712760342657628,0.1301766593741266,0.05957710974829753,0.12152842293945985,0.04453892647524947,156.25,2023,False
36065,"Oneida County, New York",36,2025-10-01,2025-07-01,2025-09-01,2,1,148.90464258497516,4.8989847864772225,146.9942038538472,155.0,180.0,155.0,30395.0,0.44981832292658835,0.2337813525240766,0.14605071141919007,0.04722035543608124,0.1598647746420661,0.13763101281249668,144.83333333333334,2023,False
36067,"Onondaga County, New York",36,2025-10-01,2025-07-01,2025-09-01,2,1,332.10232027504276,4.9604528793882405,338.58109578133985,328.0,347.0,328.0,66950.0,0.5002468349390875,0.2767736284736046,0.13929739919412898,0.050976512982074056,0.20124331283371716,0.034919446253904585,342.8333333333333,2023,False
36069,"Ontario County, New York",36,2025-10-01,2025-07-01,2025-09-01,2,1,50.44150409079768,3.890290304704433,52.15131139743624,54.0,30.0,54.0,12966.0,0.4529059758996639,0.2053447003852775,0.09160972289921183,0.04027848590868335,0.1582920895897995,0.06287224226155524,49.0,2023,False
36071,"Orange County, New York",36,2025-10-01,2025-07-01,2025-09-01,2,1,156.64501516170682,3.613328454551274,161.8332812682119,137.0,159.0,137.0,43352.0,0.5616357752280082,0.31357261939786213,0.12958457468601575,0.054210339816046386,0.1478614240665351,0.27920559896876435,162.83333333333334,2023,False
36073,"Orleans County, New York",36,2025-10-01,2025-07-01,2025-09-01,2,1,11.863659309656084,3.2334857753219093,11.846346132083829,8.0,16.0,8.0,3669.0,0.40776406861269937,0.30514595245260306,0.13040613551906807,0.05787866020644618,0.13265054294175715,0.1290720631786772,10.5,2023,False
36075,"Oswego County, New York",36,2025-10-01,2025-07-01,2025-09-01,2,1,54.38283243404129,4.42316652574553,55.265495058729016,49.0,45.0,49.0,12295.0,0.48589398023360286,0.26028751123090743,0.165322903240144,0.0687297713623068,0.14881609097852838,0.11234405499448358,50.833333333333336,2023,False
36077,"Otsego County, New York",36,2025-10-01,2025-07-01,2025-09-01,2,1,16.192059509860858,2.7912531477091633,15.859991163010157,20.0,23.0,20.0,5801.0,0.4274921687857011,0.18426386585590565,0.14126170185587328,0.05303596201045779,0.13703113941967446,0.33014861995753714,12.666666666666666,2023,True
36079,"Putnam County, New York",36,2025-10-01,2025-07-01,2025-09-01,2,1,10.452324169222589,1.756988429857554,10.210763946037115,8.0,4.0,8.0,5949.0,0.5652173913043478,0.2899810964083176,0.0654177602347641,0.04126996241247066,0.22396873395332914,0.5779368973583614,8.583333333333334,2023,False
36081,"Queens County, New York",36,2025-10-01,2025-07-01,2025-09-01,2,1,1712.693253341726,3.752186984264996,1718.330159444434,1676.0,1806.0,1676.0,456452.0,0.5238030279208709,0.276068881962877,0.12249753546392532,0.07000689440076167,0.09272907284208493,0.1075655313137655,1676.3333333333333,2023,False
36083,"Rensselaer County, New York",36,2025-10-01,2025-07-01,2025-09-01,2,1,170.0843192354945,7.152109635233778,177.05708653082198,201.0,205.0,201.0,23781.0,0.4686967441026101,0.21311328370257424,0.11783887509481177,0.05624377380603575,0.1567194600878716,0.21027282472483505,148.25,2023,False
36085,"Richmond County, New York",36,2025-10-01,2025-07-01,2025-09-01,2,1,247.63897816452416,4.542750869783798,249.84758810085773,233.0,238.0,233.0,54513.0,0.555756044749188,0.3161714583583945,0.10898779915436436,0.054986296120427526,0.06351185260545614,0.042541179791469416,234.41666666666666,2023,False
36087,"Rockland County, New York",36,2025-10-01,2025-07-01,2025-09-01,2,1,105.08437050183193,3.2049643315186023,102.35398388604777,112.0,97.0,112.0,32788.0,0.5959697896998503,0.3454000911517677,0.15555156467471826,0.058712217102931494,0.10464350722280315,0.024689206459858254,94.33333333333333,2023,False
36089,"St. Lawrence County, New York",36,2025-10-01,2025-07-01,2025-09-01,2,1,35.14699864513127,2.955516199556952,32.862485731389334,26.0,34.0,26.0,11892.0,0.5166604268064395,0.2968925496068888,0.17434481621888906,0.057296405221843726,0.13903000095849707,0.24137352631074474,28.333333333333332,2023,False
36091,"Saratoga County, New York",36,2025-10-01,2025-07-01,2025-09-01,2,1,117.14359718028729,4.21576986289586,116.28581311526547,135.0,112.0,135.0,27787.0,0.40162186857534454,0.20143912282037615,0.06734743704515958,0.03112543002238847,0.1413532328341764,0.1233335002754545,119.0,2023,False
36093,"Schenectady County, New York",36,2025-10-01,2025-07-01,2025-09-01,2,1,139.84186248856145,5.827472704444783,145.447415581777,136.0,157.0,136.0,23997.0,0.5191791077641256,0.3003919496190602,0.12468882470619264,0.05788524266086784,0.17031542126530366,0.061003558289608587,147.83333333333334,2023,False
36095,"Schoharie County, New York",36,2025-10-01,2025-07-01,2025-09-01,2,1,7.7235968388449265,2.781273618597381,8.099601417700306,7.0,9.0,7.0,2777.0,0.4150326797385621,0.19321895424836602,0.10831734960767218,0.053964757709251104,0.1853846772248573,0.4308224133772811,6.25,2023,False
36099,"Seneca County, New York",36,2025-10-01,2025-07-01,2025-09-01,2,1,16.009119054093706,4.178835566195173,16.214744284617225,16.0,18.0,16.0,3831.0,0.4432401597261837,0.2378779235596121,0.13318205062643826,0.04718940672465273,0.16331603187367497,0.11397031946779736,13.166666666666666,2023,False
36101,"Steuben County, New York",36,2025-10-01,2025-07-01,2025-09-01,2,1,35.663622021539204,3.4618153777459915,35.36980561104701,38.0,38.0,38.0,10302.0,0.44044823906083247,0.22027748132337246,0.1367369419874137,0.05808097764050225,0.14104738410936377,0.05314009661835749,32.916666666666664,2023,False
36103,"Suffolk County, New York",36,2025-10-01,2025-07-01,2025-09-01,2,1,594.6377130950557,6.4181773477863295,573.5673621213983,597.0,576.0,597.0,92649.0,0.5880537209817008,0.33139975073091754,0.06375092413918271,0.04602637277564152,0.08646833762785977,0.448655032404154,567.3333333333334,2023,False
36105,"Sullivan County, New York",36,2025-10-01,2025-07-01,2025-09-01,2,1,52.8341977194482,5.6927268311009795,54.14767731756773,67.0,48.0,67.0,9281.0,0.48716425005942476,0.25802234371285954,0.15189423835832674,0.06080902207867846,0.18937613767996028,0.48952507032930664,51.583333333333336,2023,False
36107,"Tioga County, New York",36,2025-10-01,2025-07-01,2025-09-01,2,1,9.599955450010011,2.180321473997277,9.785339887079655,9.0,12.0,9.0,4403.0,0.47990255785627284,0.25140073081607794,0.1222334427333165,0.05267201639064367,0.10557039675472445,0.2805976056198674,8.833333333333334,2023,False
36109,"Tompkins County, New York",36,2025-10-01,2025-07-01,2025-09-01,2,1,35.24423829990688,1.764152482726343,32.55413675234228,21.0,45.0,21.0,19978.0,0.597804118643142,0.35751351941880155,0.15290930639426603,0.05325307671663536,0.25988583050220715,0.06961103792553561,32.666666666666664,2023,False
36111,"Ulster County, New York",36,2025-10-01,2025-07-01,2025-09-01,2,1,66.02816670391294,3.0092136862598187,67.048465614099,56.0,85.0,56.0,21942.0,0.5665472164740322,0.3275627113511331,0.14327737572326973,0.050969963143607515,0.13967580876821012,0.44943574310922646,71.75,2023,False
36113,"Warren County, New York",36,2025-10-01,2025-07-01,2025-09-01,2,1,29.598453866224766,3.4533256173404228,28.54942732554482,28.0,17.0,28.0,8571.0,0.48493597790610093,0.2424052221943259,0.09131502912501352,0.03762121393511313,0.14856362970606837,0.21077860257647882,23.833333333333332,2023,False
36115,"Washington County, New York",36,2025-10-01,2025-07-01,2025-09-01,2,1,16.23872258284958,2.8559132224498027,16.28059438702629,20.0,17.0,20.0,5686.0,0.4654028436018957,0.2538388625592417,0.10840182962478935,0.05390359357290486,0.1127236744454523,0.39432670899645417,14.666666666666666,2023,False
36117,"Wayne County, New York",36,2025-10-01,2025-07-01,2025-09-01,2,1,31.905759198513778,4.148453932975396,31.961198072852902,30.0,37.0,30.0,7691.0,0.4552973050049907,0.23071438756594895,0.11270133150187207,0.034503232616440165,0.16022186175501021,0.09769242844435141,32.5,2023,False
36119,"Westchester County, New York",36,2025-10-01,2025-07-01,2025-09-01,2,1,713.4374095063307,5.097365066991975,715.6319636284411,640.0,812.0,640.0,139962.0,0.5296292928374405,0.2792504016246855,0.08879149519468665,0.06014354157592743,0.12855159673307118,0.30026792273454045,684.8333333333334,2023,False
36121,"Wyoming County, New York",36,2025-10-01,2025-07-01,2025-09-01,2,1,5.888020592523264,1.5722351381904576,5.968960076936874,6.0,5.0,6.0,3745.0,0.39747235387045815,0.1570300157977883,0.10643776824034334,0.03802240985608837,0.1848982352579475,0.10287154891471438,4.166666666666667,2023,True
39035,"Cuyahoga County, Ohio",39,2025-10-01,2025-07-01,2025-09-01,2,1,562.7090599710092,2.479801248787042,560.1871897305631,535.0,548.0,535.0,226917.0,0.47462448415543956,0.24496502467031062,0.16204236293851143,0.0693526461710968,0.1626170888874052,0.001308255725197727,473.1666666666667,2023,False
39095,"Lucas County, Ohio",39,2025-10-01,2025-07-01,2025-09-01,2,1,615.516694318332,8.81336637578333,623.7333142857358,615.0,593.0,615.0,69839.0,0.4491352055049284,0.2374930258508462,0.17811878875696494,0.06822741235284034,0.2070152515015427,0.002717600166899081,522.4166666666666,2023,False
39153,"Summit County, Ohio",39,2025-10-01,2025-07-01,2025-09-01,2,1,258.19061958035564,3.4392399240776275,261.82492527942617,256.0,255.0,256.0,75072.0,0.46589603676048247,0.24080987937966686,0.12649193998030592,0.05219803370786517,0.13085667725476355,0.005890990531714183,242.0,2023,False
40001,"Adair County, Oklahoma",40,2025-10-01,2025-07-01,2025-09-01,2,1,7.376461046972914,3.3272264533030738,7.564405356961955,11.0,5.0,11.0,2217.0,0.3901162790697674,0.1744186046511628,0.21549259162984144,0.06958600729835158,0.3850707479064395,0.0005775339301183945,6.083333333333333,2023,False
40013,"Bryan County, Oklahoma",40,2025-10-01,2025-07-01,2025-09-01,2,1,44.54552306415348,6.704624181841282,47.21361946053678,56.0,24.0,56.0,6644.0,0.45950076413652574,0.1913737476651384,0.17386479841604838,0.04808758314855876,0.7348908632225513,0.0014807502467917078,34.833333333333336,2023,True
40015,"Caddo County, Oklahoma",40,2025-10-01,2025-07-01,2025-09-01,2,1,6.659949277592303,2.4657346455358398,6.722604357257631,6.0,6.0,6.0,2701.0,0.36909871244635195,0.14258464473056748,0.1898673866433733,0.053709806715952615,0.47859025032938074,0.0018664909969257795,5.5,2023,False
40017,"Canadian County, Oklahoma",40,2025-10-01,2025-07-01,2025-09-01,2,1,157.92551431359868,10.88690985203355,166.70542034876453,154.0,158.0,154.0,14506.0,0.42716797163539666,0.20062047569803515,0.0856943886769725,0.0401144781937885,0.36574202979256576,0.00020882639565641096,131.58333333333334,2023,False
40019,"Carter County, Oklahoma",40,2025-10-01,2025-07-01,2025-09-01,2,1,22.414107610332444,3.6696312394126465,21.78120264505025,25.0,12.0,25.0,6108.0,0.41421338833677107,0.19163697731108195,0.15088207985143917,0.039228963524738175,0.6017895907237782,0.0017472335468841002,18.083333333333332,2023,False
40021,"Cherokee County, Oklahoma",40,2025-10-01,2025-07-01,2025-09-01,2,1,18.06713571005548,2.8709893071755097,17.204454569369947,21.0,21.0,21.0,6293.0,0.4178525226390686,0.23858806135649602,0.1934142944197789,0.05132058287795993,0.47394446557626474,0.0011411182959300114,15.333333333333334,2023,False
40023,"Choctaw County, Oklahoma",40,2025-10-01,2025-07-01,2025-09-01,2,1,6.530137151767923,3.2536806934568627,6.621104829442572,6.0,14.0,6.0,2007.0,0.4646666666666667,0.21466666666666667,0.22010521825678941,0.04235414186086069,0.6375896210310686,0.017241379310344827,5.5,2023,False
40027,"Cleveland County, Oklahoma",40,2025-10-01,2025-07-01,2025-09-01,2,1,417.8771050279631,10.090968704642803,416.7843993428035,382.0,388.0,382.0,41411.0,0.47563337723715815,0.21776297099764985,0.12801673017677564,0.04837662963510309,0.402279409851422,0.000563780975427823,386.6666666666667,2023,False
40031,"Comanche County, Oklahoma",40,2025-10-01,2025-07-01,2025-09-01,2,1,228.70023653220795,11.357778929887164,249.90930065096245,211.0,209.0,211.0,20136.0,0.42554670373736836,0.21451104100946372,0.17748480514837325,0.06904428712545276,0.5491301042085961,0.0010063061854286865,194.0,2023,False
40035,"Craig County, Oklahoma",40,2025-10-01,2025-07-01,2025-09-01,2,1,4.86777630450082,3.4621453090333003,5.010129522604603,5.0,2.0,5.0,1406.0,0.3485915492957746,0.14524647887323944,0.19525204717902486,0.04741229593608892,0.45998475609756095,0.0,3.75,2023,False
40037,"Creek County, Oklahoma",40,2025-10-01,2025-07-01,2025-09-01,2,1,22.656425971663733,3.189249151416629,22.306110943725738,21.0,27.0,21.0,7104.0,0.3918148272391815,0.1769540422676954,0.13909024499887615,0.035521803037726604,0.40837226015091627,0.00017966223499820338,19.0,2023,False
40039,"Custer County, Oklahoma",40,2025-10-01,2025-07-01,2025-09-01,2,1,11.96169602196352,3.0940755359450387,11.838465060085571,14.0,10.0,14.0,3866.0,0.5290615253756734,0.23787921746526794,0.16458815622432976,0.03539038527105353,0.4872032640949555,0.0,10.5,2023,False
40041,"Delaware County, Oklahoma",40,2025-10-01,2025-07-01,2025-09-01,2,1,11.118059623432622,2.725014613586427,10.97920968157371,9.0,10.0,9.0,4080.0,0.4368580060422961,0.22356495468277945,0.18591012570523607,0.0484149855907781,0.5386887182516243,0.0021854695806261073,9.25,2023,False
40047,"Garfield County, Oklahoma",40,2025-10-01,2025-07-01,2025-09-01,2,1,45.86484521883927,5.414975822767328,45.752492157157825,56.0,44.0,56.0,8470.0,0.4290010460251046,0.19286087866108786,0.12694696290392216,0.042244001351808044,0.30581346716854874,0.000836470096194061,37.25,2023,False
40049,"Garvin County, Oklahoma",40,2025-10-01,2025-07-01,2025-09-01,2,1,7.437385325396428,2.333663421837599,7.468671398474676,6.0,1.0,6.0,3187.0,0.3783684016242156,0.18420081210778885,0.1533633349123638,0.027745561602283877,0.6652,0.0019,6.25,2023,False
40051,"Grady County, Oklahoma",40,2025-10-01,2025-07-01,2025-09-01,2,1,21.552447035160185,4.245114641552134,21.904043261939222,17.0,20.0,17.0,5077.0,0.3596846846846847,0.18986486486486487,0.12317938959232964,0.05182104316546762,0.4735637779941577,0.0018500486854917235,19.0,2023,False
40065,"Jackson County, Oklahoma",40,2025-10-01,2025-07-01,2025-09-01,2,1,14.290288105538336,3.7745082159372254,14.530400810366622,27.0,6.0,27.0,3786.0,0.3976691301876066,0.10119386014781126,0.15970680628272252,0.05236441357200107,0.3070157496420536,0.0,10.5,2023,True
40069,"Johnston County, Oklahoma",40,2025-10-01,2025-07-01,2025-09-01,2,1,4.690617301071598,4.022827873989364,4.659650351412488,4.0,2.0,4.0,1166.0,0.38404907975460123,0.13006134969325153,0.21939860281461981,0.05098605098605099,0.6881226053639847,0.0015325670498084292,2.3333333333333335,2023,False
40071,"Kay County, Oklahoma",40,2025-10-01,2025-07-01,2025-09-01,2,1,24.506637798709956,4.543314386116046,24.68294906964865,37.0,38.0,37.0,5394.0,0.4153209109730849,0.15900621118012423,0.15541461122856473,0.05982778358468966,0.22278056951423786,0.011964584828906437,21.333333333333332,2023,False
40079,"Le Flore County, Oklahoma",40,2025-10-01,2025-07-01,2025-09-01,2,1,22.15354051787251,4.459247286206223,22.048955807797537,23.0,25.0,23.0,4968.0,0.44126074498567336,0.1781279847182426,0.1998215310089872,0.05212591986917416,0.5364712514092447,0.004509582863585118,19.5,2023,False
40081,"Lincoln County, Oklahoma",40,2025-10-01,2025-07-01,2025-09-01,2,1,10.06213674852069,3.9289874066851582,10.401943285847695,12.0,9.0,12.0,2561.0,0.4359618282270216,0.18583626318432947,0.16480889340465588,0.03560830860534125,0.4629972247918594,0.0013876040703052729,8.083333333333334,2023,False
40083,"Logan County, Oklahoma",40,2025-10-01,2025-07-01,2025-09-01,2,1,15.502741528797136,6.238527778187982,16.015662058286487,14.0,19.0,14.0,2485.0,0.5063808065339459,0.2557427258805513,0.13676166538290024,0.033254756693045964,0.4229014598540146,0.006101733576642336,13.166666666666666,2023,False
40085,"Love County, Oklahoma",40,2025-10-01,2025-07-01,2025-09-01,2,1,6.134759278457757,6.020372206533619,6.239919222539709,12.0,3.0,12.0,1019.0,0.2992874109263658,0.09263657957244656,0.14779936558287074,0.04658651781880636,0.8152375895938413,0.0002654632333421821,5.0,2023,False
40087,"McClain County, Oklahoma",40,2025-10-01,2025-07-01,2025-09-01,2,1,12.090858019014489,3.5076466547764693,12.25371631538605,10.0,7.0,10.0,3447.0,0.48623853211009177,0.2299905093324897,0.07807255506000275,0.046600599216409314,0.4374414976599064,0.0013104524180967238,10.583333333333334,2023,False
40089,"McCurtain County, Oklahoma",40,2025-10-01,2025-07-01,2025-09-01,2,1,7.8412031453227975,2.462689430063693,7.8685533844857645,6.0,6.0,6.0,3184.0,0.40717382735514385,0.18092234923137565,0.21089440504334123,0.04181048007530593,0.6818825194621373,0.022204529370134465,6.833333333333333,2023,False
40097,"Mayes County, Oklahoma",40,2025-10-01,2025-07-01,2025-09-01,2,1,17.902159689401724,4.556416311886415,18.0332604117103,18.0,17.0,18.0,3929.0,0.4221212121212121,0.19787878787878788,0.17603691387621478,0.06562117673228784,0.45411672234230693,0.0007860090391039497,15.083333333333334,2023,False
40101,"Muskogee County, Oklahoma",40,2025-10-01,2025-07-01,2025-09-01,2,1,47.54169684864407,5.484103916096905,46.907364737425354,48.0,51.0,48.0,8669.0,0.4712230215827338,0.22738951695786228,0.20286125319693094,0.05909916454776607,0.5539702233250621,0.001163151364764268,40.666666666666664,2023,False
40109,"Oklahoma County, Oklahoma",40,2025-10-01,2025-07-01,2025-09-01,2,1,1635.1855879190168,12.227697923538951,1723.8897952139337,1638.0,1549.0,1638.0,133728.0,0.4860276876626088,0.25222432788359617,0.15713025925435065,0.04842935196760585,0.3793538882458171,0.0004209197095654004,1500.1666666666667,2023,False
40111,"Okmulgee County, Oklahoma",40,2025-10-01,2025-07-01,2025-09-01,2,1,22.104262070299587,5.188793913215866,22.79012861686532,21.0,17.0,21.0,4260.0,0.46405228758169936,0.2435350951974993,0.17621368797723366,0.07211264032472886,0.3822388375537843,0.00028214713973337093,16.333333333333332,2023,True
40113,"Osage County, Oklahoma",40,2025-10-01,2025-07-01,2025-09-01,2,1,11.770490817370606,3.170929638300271,11.683150741182398,11.0,11.0,11.0,3712.0,0.4657391304347826,0.21634782608695652,0.12637027326356712,0.05378093266292024,0.3912967084455898,0.008141033149818438,10.916666666666666,2023,False
40115,"Ottawa County, Oklahoma",40,2025-10-01,2025-07-01,2025-09-01,2,1,9.376700903199572,2.4367725839915724,9.255370292765294,6.0,6.0,6.0,3848.0,0.4432957393483709,0.19642857142857142,0.2071316023840515,0.034724409448818896,0.4184602296894938,0.00034028073160357296,8.0,2023,False
40119,"Payne County, Oklahoma",40,2025-10-01,2025-07-01,2025-09-01,2,1,48.40339615190985,3.0490328284667623,47.10392338651621,37.0,35.0,37.0,15875.0,0.5870713282973461,0.36031820308844176,0.2386896551724138,0.04462313106920824,0.47447512445502615,0.003153891345351102,46.583333333333336,2023,False
40121,"Pittsburg County, Oklahoma",40,2025-10-01,2025-07-01,2025-09-01,2,1,16.446577123951176,3.262562413003606,16.146797007298158,12.0,24.0,12.0,5041.0,0.5141690682036504,0.2442363112391931,0.18239115210934292,0.057759562841530054,0.5140801178537028,0.0006232647742081704,16.333333333333332,2023,False
40123,"Pontotoc County, Oklahoma",40,2025-10-01,2025-07-01,2025-09-01,2,1,15.71108857137194,3.126584790322774,15.364340774128221,18.0,15.0,18.0,5025.0,0.37107329842931935,0.17888307155322863,0.1255647845025838,0.03518029903254178,0.4221316949378923,0.0026712969146520634,14.75,2023,False
40125,"Pottawatomie County, Oklahoma",40,2025-10-01,2025-07-01,2025-09-01,2,1,42.472128134033184,5.3070258820483796,43.637813291723475,47.0,38.0,47.0,8003.0,0.4164159862483885,0.20469846726829968,0.15682119587153318,0.05387971921836464,0.4231217787141191,0.001993905421165494,35.583333333333336,2023,False
40131,"Rogers County, Oklahoma",40,2025-10-01,2025-07-01,2025-09-01,2,1,41.876843417622894,5.276819987099659,41.285825704010776,34.0,43.0,34.0,7936.0,0.41381726457399104,0.1593329596412556,0.09562821493300368,0.04660008543009987,0.3152958960864453,0.00022395162644868707,37.333333333333336,2023,False
40133,"Seminole County, Oklahoma",40,2025-10-01,2025-07-01,2025-09-01,2,1,9.479432151358784,3.583906295409748,9.657753576589847,11.0,9.0,11.0,2645.0,0.44372093023255815,0.2186046511627907,0.22442969539800448,0.07145177005521273,0.4710952764050109,0.0005746465923457074,8.083333333333334,2023,False
40135,"Sequoyah County, Oklahoma",40,2025-10-01,2025-07-01,2025-09-01,2,1,15.17239752203956,3.4451402184467668,15.155893168765436,15.0,16.0,15.0,4404.0,0.4176121015667207,0.20934629929767692,0.20312061800474213,0.04782338308457711,0.6302687038988409,0.009681243414120126,14.083333333333334,2023,False
40137,"Stephens County, Oklahoma",40,2025-10-01,2025-07-01,2025-09-01,2,1,23.179743200769035,5.275317068905106,23.129196691316498,22.0,37.0,22.0,4394.0,0.4255091103965702,0.21302250803858522,0.1753182693662799,0.05284099952252109,0.4384722544694683,0.002728117018806594,20.333333333333332,2023,False
40141,"Tillman County, Oklahoma",40,2025-10-01,2025-07-01,2025-09-01,2,1,4.637609901581386,6.952938383180489,4.541087074308097,2.0,2.0,2.0,667.0,0.4448669201520912,0.2870722433460076,0.1717755071819932,0.058863101244534144,0.3634651600753296,0.0011299435028248588,2.8333333333333335,2023,False
40143,"Tulsa County, Oklahoma",40,2025-10-01,2025-07-01,2025-09-01,2,1,1190.17245446067,11.007578909766377,1208.1803715117308,1090.0,1108.0,1090.0,108123.0,0.45325989877939865,0.21616552545400416,0.14658055709490425,0.05394677151066082,0.34637843071537633,0.00033888206159460765,1116.5833333333333,2023,False
40145,"Wagoner County, Oklahoma",40,2025-10-01,2025-07-01,2025-09-01,2,1,29.862776341476184,5.137240038100152,30.064721380264995,26.0,26.0,26.0,5813.0,0.453206742879287,0.20170509591164504,0.09312630636010749,0.04804519666722055,0.3165385244560772,0.001014231964665467,25.083333333333332,2023,False
40147,"Washington County, Oklahoma",40,2025-10-01,2025-07-01,2025-09-01,2,1,22.38525205797201,3.8575309422664157,22.06713967636403,32.0,18.0,32.0,5803.0,0.49914853358561967,0.2183538315988647,0.14629651185349007,0.03864168618266979,0.275830258302583,0.0,17.916666666666668,2023,False
40153,"Woodward County, Oklahoma",40,2025-10-01,2025-07-01,2025-09-01,2,1,12.587118204164414,5.515827433902022,12.893459359207709,9.0,12.0,9.0,2282.0,0.2699356116889549,0.08568598315998019,0.1106534164049225,0.04757253101494578,0.36015278462296696,0.0006160670280926564,12.166666666666666,2023,False
42001,"Adams County, Pennsylvania",42,2025-10-01,2025-07-01,2025-09-01,2,1,37.674661548082355,4.451691072678997,38.488552271861856,38.0,58.0,38.0,8463.0,0.4218546496483459,0.19432143787444647,0.08374516225066984,0.03079763123263635,0.3059068075523991,0.1433273118705303,38.333333333333336,2023,False
42003,"Allegheny County, Pennsylvania",42,2025-10-01,2025-07-01,2025-09-01,2,1,1160.0613592845652,6.052483522382911,1212.6118567663077,1340.0,1373.0,1340.0,191667.0,0.44803889825493765,0.22363147141246217,0.11214604696498016,0.0493896366444626,0.15837857520580706,0.010239576071303753,1188.4166666666667,2023,False
42005,"Armstrong County, Pennsylvania",42,2025-10-01,2025-07-01,2025-09-01,2,1,17.415543648825942,2.9108379824211834,16.69168001523832,13.0,18.0,13.0,5983.0,0.41360437842064113,0.17083659108678656,0.11265638096420699,0.04633748279944958,0.09247688077980505,0.0675902452958189,14.833333333333334,2023,False
42007,"Beaver County, Pennsylvania",42,2025-10-01,2025-07-01,2025-09-01,2,1,129.13228999470394,7.043707521666064,130.9304326656061,132.0,148.0,132.0,18333.0,0.41690090305603733,0.18820644698283595,0.10093352089004183,0.05102675063622184,0.1644737756165335,0.0864466828759986,121.5,2023,False
42009,"Bedford County, Pennsylvania",42,2025-10-01,2025-07-01,2025-09-01,2,1,10.090482563714371,2.3314423668471282,9.9129164791809,12.0,10.0,12.0,4328.0,0.4797605473204105,0.21522234891676167,0.1097779293295256,0.041731332988446286,0.26180235794160805,0.486768203208015,8.916666666666666,2023,False
42011,"Berks County, Pennsylvania",42,2025-10-01,2025-07-01,2025-09-01,2,1,374.4521159859199,7.997866592321919,383.8793973938082,328.0,353.0,328.0,46819.0,0.49679669866168125,0.24561683500148196,0.11689423478123247,0.052606119240536944,0.22594170722506354,0.2354345365829525,311.0833333333333,2023,False
42013,"Blair County, Pennsylvania",42,2025-10-01,2025-07-01,2025-09-01,2,1,74.94910387674794,5.381568455284551,75.78817266246702,71.0,73.0,71.0,13927.0,0.48543532639393205,0.19551359638505608,0.1302368095874875,0.044421155829008976,0.16038221096779298,0.20750573712115217,69.58333333333333,2023,False
42015,"Bradford County, Pennsylvania",42,2025-10-01,2025-07-01,2025-09-01,2,1,26.530184866529435,3.906668364972675,26.46843599706007,27.0,22.0,27.0,6791.0,0.39227916385704653,0.14565070802427513,0.1344787429748021,0.05500277418161642,0.16347449667170336,0.2176665169273492,24.333333333333332,2023,False
42017,"Bucks County, Pennsylvania",42,2025-10-01,2025-07-01,2025-09-01,2,1,536.9586517582443,9.861137364251896,552.3823507870272,518.0,542.0,518.0,54452.0,0.481452694168626,0.2551347570098906,0.06072224489155341,0.04556223750063765,0.30536511704902414,0.2454920581086428,475.0833333333333,2023,False
42019,"Butler County, Pennsylvania",42,2025-10-01,2025-07-01,2025-09-01,2,1,63.32355569408828,3.3402023258829137,60.30436602751998,54.0,68.0,54.0,18958.0,0.415460038764109,0.21417170220043324,0.07959444858224847,0.04284474939863559,0.19138887158078385,0.06518786217209795,57.666666666666664,2023,False
42021,"Cambria County, Pennsylvania",42,2025-10-01,2025-07-01,2025-09-01,2,1,62.79967448999392,4.661496028057743,62.95493675963224,62.0,65.0,62.0,13472.0,0.4366352601646719,0.233935998641881,0.14161705366132088,0.047260937865570375,0.1361236802413273,0.29031099619334916,61.583333333333336,2023,False
42025,"Carbon County, Pennsylvania",42,2025-10-01,2025-07-01,2025-09-01,2,1,37.5829049375358,6.094195709021534,39.33906616393059,44.0,27.0,44.0,6167.0,0.4224356650960493,0.20097861544037696,0.12048400225408552,0.07089021400248206,0.30557708633226294,0.40597202229358137,32.0,2023,False
42027,"Centre County, Pennsylvania",42,2025-10-01,2025-07-01,2025-09-01,2,1,76.81279373439973,3.4039171201985168,76.82484182334787,65.0,65.0,65.0,22566.0,0.5646940822467402,0.35654582796007067,0.169083844729293,0.0399473965182745,0.43707419584449037,0.20013218994678508,65.83333333333333,2023,False
42029,"Chester County, Pennsylvania",42,2025-10-01,2025-07-01,2025-09-01,2,1,242.03900823354962,4.772909393101095,255.67642317234106,216.0,276.0,216.0,50711.0,0.47196552152832455,0.2204633044631387,0.059366116653802904,0.03847152049129217,0.304646624342284,0.19354264963810183,231.0,2023,False
42031,"Clarion County, Pennsylvania",42,2025-10-01,2025-07-01,2025-09-01,2,1,10.03437211759583,2.3450273703191935,9.824721800298075,7.0,11.0,7.0,4279.0,0.4415446071904128,0.2559254327563249,0.13927685316829752,0.05076419213973799,0.12261380323054331,0.042851421706047256,8.666666666666666,2023,False
42033,"Clearfield County, Pennsylvania",42,2025-10-01,2025-07-01,2025-09-01,2,1,18.869689002071024,2.7135014383191005,17.80993762201013,10.0,16.0,10.0,6954.0,0.450960901259112,0.2191848906560636,0.13779665587918016,0.05821629404254163,0.11418243011623921,0.4104833432017202,17.5,2023,False
42035,"Clinton County, Pennsylvania",42,2025-10-01,2025-07-01,2025-09-01,2,1,19.732703745412035,4.560366014654965,19.695963320597155,17.0,21.0,17.0,4327.0,0.4587249174498349,0.2049784099568199,0.1419412140220378,0.05704365079365079,0.27500327696945864,0.36256390090444357,16.75,2023,False
42037,"Columbia County, Pennsylvania",42,2025-10-01,2025-07-01,2025-09-01,2,1,33.21906406751429,4.34122635487641,32.907157630152156,24.0,23.0,24.0,7652.0,0.436267870579383,0.20902934537246048,0.1570630905012199,0.05529982777516831,0.3098863724201901,0.27583674731390584,29.583333333333332,2023,False
42039,"Crawford County, Pennsylvania",42,2025-10-01,2025-07-01,2025-09-01,2,1,32.13057799562421,3.6301635968392505,31.92725758661707,31.0,31.0,31.0,8851.0,0.4237597911227154,0.19295039164490863,0.12823524953579143,0.0489221668576301,0.1321394574012375,0.10164802475011898,25.5,2023,True
42041,"Cumberland County, Pennsylvania",42,2025-10-01,2025-07-01,2025-09-01,2,1,233.2923903885386,7.7469745098139935,252.1757995780331,228.0,182.0,228.0,30114.0,0.41254160098090736,0.1981432825363461,0.07750972205084523,0.03421412168250923,0.36745985720668906,0.15536140397577647,200.41666666666666,2023,False
42043,"Dauphin County, Pennsylvania",42,2025-10-01,2025-07-01,2025-09-01,2,1,658.6445902612724,14.994754473791062,651.8429395848389,654.0,689.0,654.0,43925.0,0.4316658195987318,0.2091289721435659,0.12286633890991405,0.043424900072430724,0.3731870444127151,0.16698813489976036,615.9166666666666,2023,False
42045,"Delaware County, Pennsylvania",42,2025-10-01,2025-07-01,2025-09-01,2,1,671.6596896721531,10.211939574167626,685.6617478910313,741.0,632.0,741.0,65772.0,0.5446024357584646,0.2892303768411656,0.10170588648940064,0.06862140052785692,0.21619126742361303,0.13600572325302318,572.9166666666666,2023,False
42047,"Elk County, Pennsylvania",42,2025-10-01,2025-07-01,2025-09-01,2,1,7.437385325396428,2.60960888610401,7.468671398474676,7.0,6.0,7.0,2850.0,0.4388753056234719,0.17400162999185004,0.09086712825585229,0.062243545230730384,0.1472442697129293,0.043023514576070024,6.333333333333333,2023,False
42049,"Erie County, Pennsylvania",42,2025-10-01,2025-07-01,2025-09-01,2,1,259.40603215257084,7.440299215619413,279.935944036869,294.0,300.0,294.0,34865.0,0.4985464217232634,0.2694686707490567,0.15419019246966342,0.05539493465941945,0.10855902493960365,0.026011298203549308,232.91666666666666,2023,False
42051,"Fayette County, Pennsylvania",42,2025-10-01,2025-07-01,2025-09-01,2,1,73.07701931292038,4.828665211637398,71.3021798612193,72.0,49.0,72.0,15134.0,0.4408410837040032,0.22353416902547513,0.1744788695666346,0.06714060031595577,0.20057494268767512,0.2539390851861286,58.833333333333336,2023,False
42055,"Franklin County, Pennsylvania",42,2025-10-01,2025-07-01,2025-09-01,2,1,115.83317821875475,6.861342152514794,116.87003075561998,124.0,154.0,124.0,16882.0,0.3881421931918101,0.17089561612862705,0.07759786258159258,0.03572345780471519,0.5090435996699879,0.1872183791330837,118.58333333333333,2023,False
42057,"Fulton County, Pennsylvania",42,2025-10-01,2025-07-01,2025-09-01,2,1,4.86777630450082,3.5350590446629053,5.010129522604603,2.0,4.0,2.0,1377.0,0.3339676498572788,0.1351094196003806,0.1171993911719939,0.030153586022262927,0.3786549707602339,0.3619233268356075,3.6666666666666665,2023,False
42059,"Greene County, Pennsylvania",42,2025-10-01,2025-07-01,2025-09-01,2,1,11.644630367471791,3.7587573813659754,11.838465060085571,14.0,13.0,14.0,3098.0,0.36768060836501903,0.11939163498098859,0.12539410020290306,0.060593764793399604,0.24366416536882346,0.12190287413280476,11.25,2023,False
42061,"Huntingdon County, Pennsylvania",42,2025-10-01,2025-07-01,2025-09-01,2,1,12.157794303596226,3.5373274086692543,12.073333881291463,13.0,16.0,13.0,3437.0,0.36593707250341995,0.19186046511627908,0.11039679070126263,0.05152027027027027,0.23793490460157127,0.4603441825664048,11.416666666666666,2023,False
42063,"Indiana County, Pennsylvania",42,2025-10-01,2025-07-01,2025-09-01,2,1,30.111892961482862,3.228464989973503,29.351872447667912,29.0,19.0,29.0,9327.0,0.4642466917567075,0.22908826028894014,0.1280358012976688,0.06624758220502901,0.16970672942925275,0.17655074169273172,26.333333333333332,2023,False
42065,"Jefferson County, Pennsylvania",42,2025-10-01,2025-07-01,2025-09-01,2,1,9.736601240468069,2.0698557058818174,9.434132930808648,9.0,8.0,9.0,4704.0,0.4599406528189911,0.22032640949554896,0.1525823768974454,0.04732794320646815,0.08161696050969407,0.07370791453836437,7.5,2023,True
42069,"Lackawanna County, Pennsylvania",42,2025-10-01,2025-07-01,2025-09-01,2,1,174.10972366933925,5.695816660211307,180.368238728106,171.0,192.0,171.0,30568.0,0.4738232040255523,0.24260376146461582,0.140425061625767,0.047212886340742416,0.17983141866630412,0.08386015000113294,162.83333333333334,2023,False
42071,"Lancaster County, Pennsylvania",42,2025-10-01,2025-07-01,2025-09-01,2,1,394.13117517009454,6.22866405123654,403.11208389460467,408.0,393.0,408.0,63277.0,0.4623230779453784,0.23483287926108046,0.08703083351676708,0.03300728853411041,0.3514790819622297,0.17131986928601284,370.4166666666667,2023,False
42073,"Lawrence County, Pennsylvania",42,2025-10-01,2025-07-01,2025-09-01,2,1,54.002877733676264,6.104779305186103,55.875506368619725,63.0,40.0,63.0,8846.0,0.5125326370757181,0.23838120104438643,0.1158631976702207,0.061899758070428385,0.2477155950562422,0.11170670740174976,49.833333333333336,2023,False
42075,"Lebanon County, Pennsylvania",42,2025-10-01,2025-07-01,2025-09-01,2,1,99.37578942871555,6.1900952677660115,103.89393505224668,111.0,74.0,111.0,16054.0,0.46977765943283184,0.22247370523232593,0.10575190872437162,0.04142020089285714,0.23704473015077177,0.3181606560899617,82.16666666666667,2023,False
42077,"Lehigh County, Pennsylvania",42,2025-10-01,2025-07-01,2025-09-01,2,1,644.1155720651756,12.906575803814684,636.0029690577148,618.0,593.0,618.0,49906.0,0.5406125729757171,0.2832303917421102,0.11851619245262411,0.05519022773815772,0.4058559029593224,0.18637108299348182,553.0833333333334,2023,False
42079,"Luzerne County, Pennsylvania",42,2025-10-01,2025-07-01,2025-09-01,2,1,240.06951359397894,5.579638209314808,255.3908670125175,240.0,251.0,240.0,43026.0,0.4557189416685914,0.25578053224523317,0.15433803595775583,0.057346921214058294,0.2373832756269017,0.16288951841359772,218.16666666666666,2023,False
42081,"Lycoming County, Pennsylvania",42,2025-10-01,2025-07-01,2025-09-01,2,1,93.08907822507376,6.541288611135814,94.80974134337458,92.0,75.0,92.0,14231.0,0.48116646415552855,0.2242557715674362,0.12518839662839812,0.053570465212465605,0.26514577606545314,0.22287396376701804,82.16666666666667,2023,False
42083,"McKean County, Pennsylvania",42,2025-10-01,2025-07-01,2025-09-01,2,1,12.552287497682322,3.6372899152947906,12.567373638154782,17.0,17.0,17.0,3451.0,0.41502504173622706,0.18864774624373956,0.13722452250567652,0.04798048251558688,0.07368550975067885,0.017526536657615402,10.5,2023,False
42085,"Mercer County, Pennsylvania",42,2025-10-01,2025-07-01,2025-09-01,2,1,61.76764888510352,4.87395635485706,61.71570729567847,58.0,51.0,58.0,12673.0,0.4427900381104316,0.21581139767792254,0.127518081646522,0.052691049658043415,0.17997528348112654,0.08698480150900852,61.166666666666664,2023,False
42087,"Mifflin County, Pennsylvania",42,2025-10-01,2025-07-01,2025-09-01,2,1,20.818594575394254,3.9421690163594496,20.835416211376646,25.0,20.0,25.0,5281.0,0.380564263322884,0.19017763845350052,0.1604059342457273,0.03269581056466302,0.24510863690411847,0.4104961625770187,17.5,2023,False
42089,"Monroe County, Pennsylvania",42,2025-10-01,2025-07-01,2025-09-01,2,1,118.1410579461494,9.529041615272577,124.48576644812995,137.0,127.0,137.0,12398.0,0.5422026431718062,0.2798237885462555,0.11264683040481506,0.06397812876807182,0.4628645024933126,0.24076153363495262,112.0,2023,False
42091,"Montgomery County, Pennsylvania",42,2025-10-01,2025-07-01,2025-09-01,2,1,648.282083594407,6.877011112937657,676.2634800066223,643.0,773.0,643.0,94268.0,0.47969921441619134,0.24805845371107102,0.06506776751682582,0.04363108524940187,0.2678058492297175,0.15052441576665448,647.0,2023,False
42093,"Montour County, Pennsylvania",42,2025-10-01,2025-07-01,2025-09-01,2,1,10.368860724287334,4.095126668359926,10.632644656746127,12.0,8.0,12.0,2532.0,0.43564356435643564,0.19081908190819083,0.08768667557673311,0.025848142164781908,0.4003121342177136,0.2058785277669398,8.833333333333334,2023,False
42095,"Northampton County, Pennsylvania",42,2025-10-01,2025-07-01,2025-09-01,2,1,243.39146677428462,6.936799007446765,259.2559443237843,277.0,258.0,277.0,35087.0,0.5031812397745864,0.2221111313094589,0.08762466823824204,0.04765460881813656,0.3101336669519984,0.22563705801014025,227.33333333333334,2023,False
42097,"Northumberland County, Pennsylvania",42,2025-10-01,2025-07-01,2025-09-01,2,1,57.00823504371642,6.031340990659799,59.931773112765946,81.0,31.0,81.0,9452.0,0.3871118374970815,0.18398318935325705,0.12243844229754228,0.03918909439521126,0.2932598919666853,0.3115670152470663,41.833333333333336,2023,True
42099,"Perry County, Pennsylvania",42,2025-10-01,2025-07-01,2025-09-01,2,1,20.441567715661428,5.81221714974735,21.343654225921853,25.0,13.0,25.0,3517.0,0.422814429639259,0.1582710432239194,0.08037247391361775,0.03186751416093743,0.33309565598946905,0.3144471259324265,18.083333333333332,2023,False
42101,"Philadelphia County, Pennsylvania",42,2025-10-01,2025-07-01,2025-09-01,2,1,1217.1750175219463,3.8146270618493303,1215.966944550143,1235.0,1251.0,1235.0,319081.0,0.5201344646074257,0.2879716577593929,0.22003358368324463,0.08402846336620451,0.24389216134556246,0.029885449073700505,1163.5,2023,False
42103,"Pike County, Pennsylvania",42,2025-10-01,2025-07-01,2025-09-01,2,1,13.402261279869185,4.031967894064135,13.894785522077555,9.0,11.0,9.0,3324.0,0.5167213114754098,0.3104918032786885,0.09267492772978547,0.07348743298753742,0.3819401057936607,0.17989087425548753,12.333333333333334,2023,False
42107,"Schuylkill County, Pennsylvania",42,2025-10-01,2025-07-01,2025-09-01,2,1,99.5704422965573,7.297745697490274,104.86260971707442,117.0,90.0,117.0,13644.0,0.415065334358186,0.1963446921171748,0.12525061138161228,0.052271960821688834,0.25679979117723833,0.4810754372226573,75.83333333333333,2023,True
42109,"Snyder County, Pennsylvania",42,2025-10-01,2025-07-01,2025-09-01,2,1,10.606022862274747,2.833562079154354,10.487631946454824,11.0,17.0,11.0,3743.0,0.42944973870273595,0.1678450660928374,0.0856916952941818,0.023455348530233032,0.3383050381469517,0.29603409169015055,8.583333333333334,2023,False
42111,"Somerset County, Pennsylvania",42,2025-10-01,2025-07-01,2025-09-01,2,1,19.364842450563202,3.376018558326918,18.957602919976377,19.0,19.0,19.0,5736.0,0.4152319222199716,0.18189183714806562,0.11182577132486389,0.05314220784896425,0.17615493103092428,0.38361253482852326,16.416666666666668,2023,False
42115,"Susquehanna County, Pennsylvania",42,2025-10-01,2025-07-01,2025-09-01,2,1,11.394211216452254,3.363108387382601,11.55600031198051,20.0,9.0,20.0,3388.0,0.4342058085335246,0.22983148081749732,0.10935562999498853,0.05558081382132303,0.1759703305837969,0.34522667689749986,8.833333333333334,2023,True
42117,"Tioga County, Pennsylvania",42,2025-10-01,2025-07-01,2025-09-01,2,1,11.509450366800442,2.9640613872779915,11.294549651712654,12.0,12.0,12.0,3883.0,0.45110902842861605,0.2139956263667604,0.11842170650499428,0.04681910094882563,0.07812969529418835,0.04188953663080714,10.333333333333334,2023,False
42119,"Union County, Pennsylvania",42,2025-10-01,2025-07-01,2025-09-01,2,1,11.956843233267874,2.928445562887062,11.846346132083829,9.0,7.0,9.0,4083.0,0.48274925292040205,0.19668568323825047,0.09663396581096163,0.023127567385065557,0.4007412069086078,0.2889308439969233,10.666666666666666,2023,False
42121,"Venango County, Pennsylvania",42,2025-10-01,2025-07-01,2025-09-01,2,1,17.412914350791457,3.34992580815534,17.45562446619478,20.0,10.0,20.0,5198.0,0.43742797879695783,0.2041945148651763,0.12812939235297713,0.06339593046054638,0.09778839846312436,0.040905257239246554,14.833333333333334,2023,False
42123,"Warren County, Pennsylvania",42,2025-10-01,2025-07-01,2025-09-01,2,1,11.77002895995105,3.2813016336635212,11.732932006925909,15.0,13.0,15.0,3587.0,0.3401692708333333,0.15071614583333334,0.11394498839473895,0.042337099166951955,0.08721037428553868,0.024460696945485833,9.916666666666666,2023,False
42125,"Washington County, Pennsylvania",42,2025-10-01,2025-07-01,2025-09-01,2,1,114.97288282634526,5.566076821569775,114.09981513946741,105.0,102.0,105.0,20656.0,0.39304712266938907,0.19047874912686047,0.09355720918399796,0.04918323201432141,0.202509553413563,0.07770489933268693,97.5,2023,False
42127,"Wayne County, Pennsylvania",42,2025-10-01,2025-07-01,2025-09-01,2,1,12.090858019014489,3.280211074067957,12.25371631538605,10.0,5.0,10.0,3686.0,0.48304542546385154,0.2530390275111964,0.1219690330119778,0.06026705160591844,0.2466279413212563,0.3288372550950084,10.916666666666666,2023,False
42129,"Westmoreland County, Pennsylvania",42,2025-10-01,2025-07-01,2025-09-01,2,1,178.92892152338953,5.329389453844925,177.2335954898884,150.0,171.0,150.0,33574.0,0.4075989588615083,0.19676841429199202,0.10015847311585857,0.048320003549678865,0.16636978981118633,0.12800466366551155,153.16666666666666,2023,False
42131,"Wyoming County, Pennsylvania",42,2025-10-01,2025-07-01,2025-09-01,2,1,6.349254324900699,2.512566016976929,6.403463225478184,8.0,4.0,8.0,2527.0,0.3553639846743295,0.1896551724137931,0.11363996200126662,0.047136179988909135,0.23255600440690416,0.3570510466397356,5.25,2023,False
42133,"York County, Pennsylvania",42,2025-10-01,2025-07-01,2025-09-01,2,1,620.3125392190203,14.243032219393376,651.8429395848389,660.0,688.0,660.0,43552.0,0.4773852193207032,0.20634920634920634,0.08562837816831662,0.04426072635724817,0.2309344254107776,0.1279639525656606,606.0,2023,False
45001,"Abbeville County, South Carolina",45,2025-10-01,2025-07-01,2025-09-01,2,1,20.669498006898372,9.403775253365955,21.216579971671738,18.0,26.0,18.0,2198.0,0.4271899886234357,0.1353811149032992,0.1410174678056866,0.03389994205138111,0.6728187919463087,0.0036703020134228187,19.083333333333332,2023,False
45003,"Aiken County, South Carolina",45,2025-10-01,2025-07-01,2025-09-01,2,1,259.1555408240589,16.19418489183646,275.5468422326164,261.0,210.0,261.0,16003.0,0.48297516048004463,0.25,0.1385326414581388,0.0562942711569529,0.6298428708859284,0.0019386059528321137,229.83333333333334,2023,False
45005,"Allendale County, South Carolina",45,2025-10-01,2025-07-01,2025-09-01,2,1,10.857546924724202,9.711580433563686,11.178645208887811,13.0,7.0,13.0,1118.0,0.4401041666666667,0.17838541666666666,0.26476992306575703,0.10753064798598949,0.7091368953525135,0.0,9.416666666666666,2023,False
45007,"Anderson County, South Carolina",45,2025-10-01,2025-07-01,2025-09-01,2,1,362.19359208433934,17.952594403189064,375.3286328703645,329.0,302.0,329.0,20175.0,0.45399988988603207,0.24582943346363487,0.14387509066316428,0.05051196600988694,0.64626098814133,0.005150120534735919,293.9166666666667,2023,False
45009,"Bamberg County, South Carolina",45,2025-10-01,2025-07-01,2025-09-01,2,1,14.050394664895173,11.866887385891193,14.366612895491377,14.0,14.0,14.0,1184.0,0.5449790794979079,0.26569037656903766,0.21605037946068142,0.11874032008260196,0.7271341463414634,0.02613240418118467,13.083333333333334,2023,False
45011,"Barnwell County, South Carolina",45,2025-10-01,2025-07-01,2025-09-01,2,1,34.44990689445007,14.66577560427845,36.46183287084335,44.0,42.0,44.0,2349.0,0.5016025641025641,0.2793803418803419,0.285317322483005,0.0720148845354055,0.7731589983964475,0.0033304551622055016,32.75,2023,False
45013,"Beaufort County, South Carolina",45,2025-10-01,2025-07-01,2025-09-01,2,1,130.69699898106225,6.8345447357141795,131.92374321485795,128.0,121.0,128.0,19123.0,0.5067954427158637,0.22023017754901394,0.10484985719894795,0.02964750289666376,0.8068127014747316,0.0013579714191435895,116.16666666666667,2023,False
45015,"Berkeley County, South Carolina",45,2025-10-01,2025-07-01,2025-09-01,2,1,580.8659148696302,24.82651258151174,614.0794013813455,549.0,563.0,549.0,23397.0,0.4814343097874008,0.2374350935632409,0.10317311142627685,0.03650290227993537,0.7847877097445434,0.0011732412449639172,535.8333333333334,2023,False
45017,"Calhoun County, South Carolina",45,2025-10-01,2025-07-01,2025-09-01,2,1,10.187533232797659,10.218187796186218,10.250369590308855,5.0,7.0,5.0,997.0,0.5007429420505201,0.3164933135215453,0.16285919540229885,0.07268951194184839,0.8283801436969301,0.006694970607446114,9.083333333333334,2023,False
45019,"Charleston County, South Carolina",45,2025-10-01,2025-07-01,2025-09-01,2,1,1099.8809680950292,17.165792179277542,1124.5576075606227,1126.0,972.0,1126.0,64074.0,0.5221358736525445,0.26736859697501464,0.116404695681438,0.035961608553031224,0.7659245921629183,0.0013960193505376099,934.9166666666666,2023,False
45021,"Cherokee County, South Carolina",45,2025-10-01,2025-07-01,2025-09-01,2,1,159.10243730413777,27.248233824993623,178.63670148269586,188.0,123.0,188.0,5839.0,0.4711737868104521,0.20302778929904605,0.18459950005434192,0.0627749842866122,0.6987285034760337,0.0108397365532382,154.33333333333334,2023,False
45023,"Chester County, South Carolina",45,2025-10-01,2025-07-01,2025-09-01,2,1,44.857824504247944,15.695529917511529,48.34428344505939,60.0,33.0,60.0,2858.0,0.4818363273453094,0.2283433133732535,0.19315800994402577,0.06487634445433993,0.5167878694104905,0.009593068234565991,38.166666666666664,2023,False
45025,"Chesterfield County, South Carolina",45,2025-10-01,2025-07-01,2025-09-01,2,1,58.34125864180148,12.144308626519877,62.38195314122017,55.0,49.0,55.0,4804.0,0.4609396719488463,0.2819015846538782,0.2016250725478816,0.08061101028433151,0.7936252229445947,0.019216385708532305,51.0,2023,False
45027,"Clarendon County, South Carolina",45,2025-10-01,2025-07-01,2025-09-01,2,1,34.68777913775402,10.735926690731668,36.924649534293586,37.0,26.0,37.0,3231.0,0.547185095180235,0.22154718509518023,0.1854748980073502,0.0863650998068255,0.9022512344129215,0.0023432923257176333,29.583333333333332,2023,False
45029,"Colleton County, South Carolina",45,2025-10-01,2025-07-01,2025-09-01,2,1,43.74355664310766,10.170554904233354,46.894706302114585,49.0,51.0,49.0,4301.0,0.5223660977045321,0.22778104767510302,0.18685771797859943,0.09323691541698773,0.7982214428857716,0.0077655310621242485,42.583333333333336,2023,False
45031,"Darlington County, South Carolina",45,2025-10-01,2025-07-01,2025-09-01,2,1,150.30869067178222,20.411283361187156,157.31883366571822,145.0,122.0,145.0,7364.0,0.5674817402349952,0.27881867259447446,0.2029451398697904,0.06858899607759991,0.8932360213767249,0.00658052165589854,132.33333333333334,2023,False
45033,"Dillon County, South Carolina",45,2025-10-01,2025-07-01,2025-09-01,2,1,135.41306215282816,32.225859627041444,146.81119955752442,144.0,138.0,144.0,4202.0,0.5052703162189731,0.2873172390343421,0.29222734032135217,0.06799740344044142,0.8842920562954567,0.01350713138755077,124.58333333333333,2023,False
45035,"Dorchester County, South Carolina",45,2025-10-01,2025-07-01,2025-09-01,2,1,384.46333452996674,25.408983843101364,395.8768745857779,410.0,373.0,410.0,15131.0,0.5409526474085472,0.23151710148982305,0.11524956417452802,0.04655609138292172,0.7669920257255616,0.0005846718529225472,364.9166666666667,2023,False
45037,"Edgefield County, South Carolina",45,2025-10-01,2025-07-01,2025-09-01,2,1,15.882688796351792,8.285179340819923,16.21588353636084,15.0,19.0,15.0,1917.0,0.5724331926863573,0.2630098452883263,0.1643672497331034,0.05829485488126649,0.744741270509045,0.007782919646613378,16.416666666666668,2023,False
45039,"Fairfield County, South Carolina",45,2025-10-01,2025-07-01,2025-09-01,2,1,32.69655485497287,15.532805156756707,34.8218157784323,35.0,31.0,35.0,2105.0,0.5766832917705735,0.27119700748129677,0.16931734768779055,0.05526941362916006,0.6827767012424484,0.019605608115809872,30.416666666666668,2023,False
45041,"Florence County, South Carolina",45,2025-10-01,2025-07-01,2025-09-01,2,1,526.8865601051966,28.289211280815927,560.4170249983518,518.0,440.0,518.0,18625.0,0.4966447242282866,0.26554611107560555,0.18286998999118625,0.046752416713269955,0.8383344122462968,0.0064353984996763265,447.9166666666667,2023,False
45043,"Georgetown County, South Carolina",45,2025-10-01,2025-07-01,2025-09-01,2,1,68.6752559414896,15.281543378168578,74.3915098127847,69.0,65.0,69.0,4494.0,0.4766597510373444,0.16856846473029047,0.14413435960397286,0.051481832083302995,0.8757191742187794,0.006167036438160418,65.08333333333333,2023,False
45045,"Greenville County, South Carolina",45,2025-10-01,2025-07-01,2025-09-01,2,1,1339.48682990979,19.871038435665714,1380.517181655705,1432.0,1080.0,1432.0,67409.0,0.5059564863000815,0.2336666875666186,0.1100230294048737,0.0425473973132863,0.5719966260995301,0.0067709733332097476,1274.1666666666667,2023,False
45047,"Greenwood County, South Carolina",45,2025-10-01,2025-07-01,2025-09-01,2,1,233.11871300903871,24.799863086067948,252.1757995780331,264.0,167.0,264.0,9400.0,0.4823395366502089,0.25661476136219774,0.1711189477985803,0.04707147045410125,0.6641339575081022,0.0033129276197335256,212.0,2023,False
45049,"Hampton County, South Carolina",45,2025-10-01,2025-07-01,2025-09-01,2,1,13.433980862471422,7.1686130536133525,13.66691417464629,13.0,18.0,13.0,1874.0,0.5338181818181819,0.25745454545454544,0.20028954841583607,0.10026480500722196,0.8212274774774775,0.0059121621621621625,12.916666666666666,2023,False
45051,"Horry County, South Carolina",45,2025-10-01,2025-07-01,2025-09-01,2,1,551.1576820320664,15.176717756142372,560.4170249983518,516.0,488.0,516.0,36316.0,0.5174149200601467,0.2617301377850063,0.12817194807344764,0.05214616998020738,0.8773463170637613,0.0007117106330898884,454.5833333333333,2023,False
45053,"Jasper County, South Carolina",45,2025-10-01,2025-07-01,2025-09-01,2,1,41.008807889062325,13.752115321617143,45.97646145083981,45.0,28.0,45.0,2982.0,0.4288039056143206,0.20707892595606184,0.18302132620174175,0.051037869206160255,0.7551529790660225,0.0,43.083333333333336,2023,False
45055,"Kershaw County, South Carolina",45,2025-10-01,2025-07-01,2025-09-01,2,1,109.508452862922,23.06412233844187,116.09062959767853,109.0,123.0,109.0,4748.0,0.5428719008264463,0.28202479338842973,0.14065200727458554,0.04911729838838871,0.7371024461877342,0.004482745295049658,96.08333333333333,2023,False
45057,"Lancaster County, South Carolina",45,2025-10-01,2025-07-01,2025-09-01,2,1,123.37524407148958,18.812937491840437,128.46853419587322,137.0,135.0,137.0,6558.0,0.538031509401999,0.30950364221582244,0.12304952338548096,0.055121271021718925,0.443373125191307,0.003494541373329252,117.41666666666667,2023,False
45059,"Laurens County, South Carolina",45,2025-10-01,2025-07-01,2025-09-01,2,1,175.20573275991956,22.70975149188847,185.36280216523272,186.0,143.0,186.0,7715.0,0.44626705503602637,0.23225509734784608,0.17645808342317446,0.04548834502602567,0.6399908714008596,0.008558061694115857,155.91666666666666,2023,False
45061,"Lee County, South Carolina",45,2025-10-01,2025-07-01,2025-09-01,2,1,18.067763114179673,10.81254525085558,18.30236237621121,14.0,16.0,14.0,1671.0,0.4888030888030888,0.24324324324324326,0.232842327762732,0.0567550894509562,0.8662217985382904,0.010168414362885288,18.25,2023,False
45063,"Lexington County, South Carolina",45,2025-10-01,2025-07-01,2025-09-01,2,1,533.2236197770405,19.070944913341936,549.1340918455317,497.0,523.0,497.0,27960.0,0.4687649784310593,0.22172072216008948,0.11437315039009954,0.04199039319649325,0.6956428151570093,0.0037503415046072075,448.4166666666667,2023,False
45065,"McCormick County, South Carolina",45,2025-10-01,2025-07-01,2025-09-01,2,1,5.940405484172563,8.973422181529552,5.940127930088887,4.0,2.0,4.0,662.0,0.43148148148148147,0.15925925925925927,0.1797598627787307,0.05522804840210983,0.8203067932797663,0.014852690528366203,4.916666666666667,2023,False
45067,"Marion County, South Carolina",45,2025-10-01,2025-07-01,2025-09-01,2,1,91.0653065107191,20.42280926457033,98.21463313013622,131.0,105.0,131.0,4459.0,0.4226640159045726,0.20159045725646124,0.2731821681013367,0.05868605556998182,0.8516287750254496,0.009331523583305057,75.0,2023,False
45069,"Marlboro County, South Carolina",45,2025-10-01,2025-07-01,2025-09-01,2,1,59.671786914925974,16.575496365257216,63.22680344283917,56.0,61.0,56.0,3600.0,0.4165282392026578,0.23837209302325582,0.2616332690534082,0.08370657907833184,0.7678075855689177,0.01161475999588858,52.25,2023,False
45071,"Newberry County, South Carolina",45,2025-10-01,2025-07-01,2025-09-01,2,1,57.780262588620126,14.273780283750032,61.934545051711986,55.0,62.0,55.0,4048.0,0.48863971673059897,0.2773679551490115,0.16010976471227517,0.03622250970245795,0.6597240473061761,0.008804204993429697,61.0,2023,False
45073,"Oconee County, South Carolina",45,2025-10-01,2025-07-01,2025-09-01,2,1,82.53836040148073,9.976835537468963,88.29240189292697,98.0,87.0,98.0,8273.0,0.5049902966454117,0.2388411422234544,0.16380021577711493,0.06071799607526261,0.6982141265266099,0.0065967372893947045,83.33333333333333,2023,False
45075,"Orangeburg County, South Carolina",45,2025-10-01,2025-07-01,2025-09-01,2,1,212.61250670728353,18.966325308410664,242.91410350149104,196.0,249.0,196.0,11210.0,0.5654921020656136,0.33827460510328067,0.2386278617387401,0.09346372168830439,0.8056265206812652,0.003710462287104623,193.75,2023,False
45077,"Pickens County, South Carolina",45,2025-10-01,2025-07-01,2025-09-01,2,1,165.53058865810075,10.92322744213414,179.29432037250547,188.0,133.0,188.0,15154.0,0.530624009223231,0.30912235192390836,0.17234930572277068,0.03511081852095677,0.6080460664539724,0.011594428449147926,139.83333333333334,2023,False
45079,"Richland County, South Carolina",45,2025-10-01,2025-07-01,2025-09-01,2,1,1770.0436921742541,27.019442713696446,1803.851390125688,1801.0,1705.0,1801.0,65510.0,0.5734394830968039,0.31917453724307304,0.16892338092483478,0.06573232012567308,0.7297408473879062,0.0007077697389116074,1646.5,2023,False
45081,"Saluda County, South Carolina",45,2025-10-01,2025-07-01,2025-09-01,2,1,11.529221338095022,7.00864519033132,12.039446821559643,20.0,7.0,20.0,1645.0,0.45323741007194246,0.23453237410071942,0.19372398334934357,0.023611922852133257,0.7202610896496603,0.021180231783668575,8.5,2023,True
45083,"Spartanburg County, South Carolina",45,2025-10-01,2025-07-01,2025-09-01,2,1,1035.2713385019554,29.739775889861118,1078.605703678436,969.0,950.0,969.0,34811.0,0.49503432859651925,0.2456330831869711,0.14502885008556587,0.043210397501898895,0.6765780756729857,0.014322815420742423,943.0833333333334,2023,False
45085,"Sumter County, South Carolina",45,2025-10-01,2025-07-01,2025-09-01,2,1,365.61957959824076,26.7031536370319,394.233120982934,369.0,359.0,369.0,13692.0,0.4881726020275539,0.20353522225110476,0.16359898178970042,0.07323873424607852,0.851994851994852,0.006944950341176756,331.25,2023,False
45087,"Union County, South Carolina",45,2025-10-01,2025-07-01,2025-09-01,2,1,47.88556206436331,13.275731096302556,49.80545843981507,53.0,52.0,53.0,3607.0,0.4637010676156584,0.19359430604982206,0.22711711372785073,0.07653104561284295,0.5805077525983984,0.020616800136309423,42.333333333333336,2023,False
45089,"Williamsburg County, South Carolina",45,2025-10-01,2025-07-01,2025-09-01,2,1,37.48726611974261,12.15146389618885,40.359869514360504,37.0,31.0,37.0,3085.0,0.562473164448261,0.36582224130528124,0.23596242834449893,0.04940347505805109,0.8501644736842106,0.0171875,35.083333333333336,2023,False
45091,"York County, South Carolina",45,2025-10-01,2025-07-01,2025-09-01,2,1,603.6740457821304,20.357255202742646,602.4342144529488,534.0,594.0,534.0,29654.0,0.49234822782068866,0.23738540388363533,0.08887848262603999,0.044440778620917186,0.5026741800524981,0.005464823557868898,562.8333333333334,2023,False
47037,"Davidson County, Tennessee",47,2025-10-01,2025-07-01,2025-09-01,2,1,1383.3014918729268,9.439882432358342,1394.649700467903,1362.0,1370.0,1362.0,146538.0,0.5169772493426318,0.2447910712244198,0.13918734042645892,0.04571790780740105,0.6620774497898773,0.0012079674993165446,1240.5,2023,False
47065,"Hamilton County, Tennessee",47,2025-10-01,2025-07-01,2025-09-01,2,1,339.2719497351374,6.288986407680453,332.24203337766335,290.0,284.0,290.0,53947.0,0.4647069247277954,0.22179999606213943,0.1254308402871255,0.041707709056975475,0.6732731502286605,0.0023725184382352165,281.1666666666667,2023,False
47157,"Shelby County, Tennessee",47,2025-10-01,2025-07-01,2025-09-01,2,1,2392.7968707673153,14.609288161181757,2409.6229822057453,2665.0,2593.0,2665.0,163786.0,0.5320291598467071,0.28489354289508106,0.17542466918036226,0.07166993441371412,0.5147036800798691,0.0006378435342078261,2193.9166666666665,2023,False
48091,"Comal County, Texas",48,2025-10-01,2025-07-01,2025-09-01,2,1,70.26696448669023,4.487034769265021,70.31054339166374,68.0,57.0,68.0,15660.0,0.4928183629991066,0.21235653906947977,0.06438343501571454,0.03497540342972737,0.7789833114070746,8.869048498913542e-05,58.083333333333336,2023,False
48157,"Fort Bend County, Texas",48,2025-10-01,2025-07-01,2025-09-01,2,1,550.8259115910415,8.69661043277403,566.7094294533995,504.0,462.0,504.0,63338.0,0.517791767885859,0.2524378143497451,0.07175347893879178,0.05002308370930068,0.37404314173057573,0.0010488553255184722,452.3333333333333,2023,False
48167,"Galveston County, Texas",48,2025-10-01,2025-07-01,2025-09-01,2,1,329.26724610272004,7.304875121524571,330.37250028327276,318.0,269.0,318.0,45075.0,0.5238974941973379,0.2929278575150396,0.11154669486498336,0.05535927255217053,0.5136442963668094,0.0005048101192794196,266.0833333333333,2023,False
48209,"Hays County, Texas",48,2025-10-01,2025-07-01,2025-09-01,2,1,239.30155499263057,7.056545028091254,264.25805027414515,219.0,199.0,219.0,33912.0,0.5993449781659389,0.32779164067373673,0.1201761306006794,0.04618290729661206,0.6393083524693383,8.465698049714812e-05,206.25,2023,False
48439,"Tarrant County, Texas",48,2025-10-01,2025-07-01,2025-09-01,2,1,3150.239293672856,10.075832612106252,3264.9218366971063,3167.0,3146.0,3167.0,312653.0,0.5429642253258598,0.2504260474776658,0.10922474019902237,0.04676052760171257,0.67120767985857,0.0007721455637377565,3092.75,2023,False
48453,"Travis County, Texas",48,2025-10-01,2025-07-01,2025-09-01,2,1,1377.4981983876405,5.223019225239029,1506.6545784804193,1327.0,1178.0,1327.0,263736.0,0.4759443838860701,0.22744026286691185,0.10994906139237395,0.04330566720873861,0.5597258014821253,0.0011344794484684528,1206.4166666666667,2023,False
48469,"Victoria County, Texas",48,2025-10-01,2025-07-01,2025-09-01,2,1,75.11012226353579,6.78746812430289,77.6808603382521,78.0,74.0,78.0,11066.0,0.4762826718296225,0.25237173281703773,0.15966743401202424,0.043033444969491214,0.6808622810614492,0.004832757307714838,62.666666666666664,2023,False
48491,"Williamson County, Texas",48,2025-10-01,2025-07-01,2025-09-01,2,1,526.3144647872331,6.613735593400684,537.9032971345364,496.0,411.0,496.0,79579.0,0.47666086866221863,0.20720942911290532,0.0633872684026039,0.04000044947481677,0.4962441159194884,0.0008190143699794006,428.4166666666667,2023,False
49003,"Box Elder County, Utah",49,2025-10-01,2025-07-01,2025-09-01,2,1,6.505127702490186,1.398651408834699,6.091029368667017,6.0,3.0,6.0,4651.0,0.4169628050225065,0.2023217247097844,0.08620195307888212,0.03208763340495227,0.09780678851174934,0.00036553524804177544,5.0,2023,True
49005,"Cache County, Utah",49,2025-10-01,2025-07-01,2025-09-01,2,1,13.191001019541712,0.8408874239524263,11.963663275365516,11.0,13.0,11.0,15687.0,0.4467665615141956,0.20452155625657203,0.13073984387925458,0.02380885095800599,0.12500579804258083,0.004499281042719978,11.666666666666666,2023,False
49011,"Davis County, Utah",49,2025-10-01,2025-07-01,2025-09-01,2,1,73.57364364418177,2.8390369918650116,69.95538004961013,65.0,51.0,65.0,25915.0,0.4366654490847843,0.17589999594139372,0.059759882773087296,0.025175596976142384,0.11508275633535064,6.976298027451732e-05,63.75,2023,False
49021,"Iron County, Utah",49,2025-10-01,2025-07-01,2025-09-01,2,1,8.727883575237941,1.3630928588533409,7.896980936885651,13.0,6.0,13.0,6403.0,0.4623908663532572,0.16856950973807924,0.13638124105413826,0.034237726098191215,0.2769355987384271,0.009003967850239089,6.666666666666667,2023,True
49035,"Salt Lake County, Utah",49,2025-10-01,2025-07-01,2025-09-01,2,1,459.99964548996877,3.345743959399866,447.5827918040256,421.0,478.0,421.0,137488.0,0.4748453889528891,0.21625841265991633,0.0835852438747877,0.03668083067189552,0.14813641262731372,0.0005713064915300212,397.3333333333333,2023,False
49041,"Sevier County, Utah",49,2025-10-01,2025-07-01,2025-09-01,2,1,4.637609901581386,3.118769268043972,4.541087074308097,1.0,1.0,1.0,1487.0,0.4023756495916852,0.1759465478841871,0.10526806526806527,0.03423351069169762,0.13296361422967673,0.005951575814960097,3.0,2023,False
49045,"Tooele County, Utah",49,2025-10-01,2025-07-01,2025-09-01,2,1,16.01561763697634,4.001903457515327,16.042472694246,12.0,12.0,12.0,4002.0,0.37372926698769393,0.0971107544141252,0.0469196622627343,0.035859984890455804,0.182646420824295,0.0045986984815618226,14.25,2023,False
49047,"Uintah County, Utah",49,2025-10-01,2025-07-01,2025-09-01,2,1,4.751802912165287,1.4235479065803736,4.903324343545821,5.0,5.0,5.0,3338.0,0.26286463454605047,0.0819403474270731,0.11107709435012525,0.05765306122448979,0.2149078726968174,0.011725293132328308,3.25,2023,False
49049,"Utah County, Utah",49,2025-10-01,2025-07-01,2025-09-01,2,1,131.04165925473822,2.1021826754161035,95.37319484702864,104.0,96.0,104.0,62336.0,0.4652676184230439,0.20683044947787924,0.087221609239515,0.035412372460283656,0.16196664655780615,0.0002658459524953733,90.83333333333333,2023,True
49053,"Washington County, Utah",49,2025-10-01,2025-07-01,2025-09-01,2,1,25.446732650979044,1.3874990540337537,22.040074357374976,20.0,18.0,20.0,18340.0,0.5449265261079166,0.2610210838125109,0.09880833102389733,0.033172681321264844,0.39788385091311235,0.00031383566966554084,18.916666666666668,2023,True
49057,"Weber County, Utah",49,2025-10-01,2025-07-01,2025-09-01,2,1,85.04927905285864,3.6191182575684526,88.04106497865025,78.0,88.0,78.0,23500.0,0.45228104633514865,0.19288456387822517,0.074977770008892,0.029994708919046462,0.14401264712570247,0.0,74.08333333333333,2023,False
50001,"Addison County, Vermont",50,2025-10-01,2025-07-01,2025-09-01,2,1,8.645873468378538,2.9508100574670775,8.596185870236388,4.0,29.0,4.0,2930.0,0.459053343350864,0.23027798647633357,0.07350885368126747,0.03782265485011381,0.05813635742587785,0.4590791091679191,7.666666666666667,2023,False
50003,"Bennington County, Vermont",50,2025-10-01,2025-07-01,2025-09-01,2,1,11.363365122987146,3.190164268104196,11.37686691789594,16.0,3.0,16.0,3562.0,0.6376078548051175,0.3543588217792324,0.11351886481135189,0.0415864870643575,0.07344902978955999,0.5858157966657557,9.25,2023,False
50005,"Caledonia County, Vermont",50,2025-10-01,2025-07-01,2025-09-01,2,1,8.075160438426177,2.872700262691632,8.123541177341318,10.0,12.0,10.0,2811.0,0.48337791364157434,0.26098586167367216,0.12556008489707915,0.02599924821450946,0.03991612953327638,0.47316921643239884,7.083333333333333,2023,False
50007,"Chittenden County, Vermont",50,2025-10-01,2025-07-01,2025-09-01,2,1,44.7987577367231,1.7450435391369234,42.919600014679624,40.0,50.0,40.0,25672.0,0.5310400321866827,0.2669483001408167,0.10439691700300505,0.03709131792128008,0.14296665389037946,0.15277600329344293,42.333333333333336,2023,False
50011,"Franklin County, Vermont",50,2025-10-01,2025-07-01,2025-09-01,2,1,13.00860041602932,3.0133426953971094,12.877462388791733,16.0,10.0,16.0,4317.0,0.5118131138837271,0.25590655694186354,0.10085178875638842,0.02803205834314582,0.05876052027543994,0.3235909206834991,11.833333333333334,2023,False
50017,"Orange County, Vermont",50,2025-10-01,2025-07-01,2025-09-01,2,1,6.18842893477499,2.6122536660088604,6.184403000523469,8.0,2.0,8.0,2369.0,0.5177098495875788,0.22950024260067928,0.09390495867768595,0.02809126594700687,0.036121970289288506,0.4111024237685692,4.666666666666667,2023,True
50019,"Orleans County, Vermont",50,2025-10-01,2025-07-01,2025-09-01,2,1,5.422219412689141,2.2926931977543936,5.511020942147857,4.0,4.0,4.0,2365.0,0.48799231508165225,0.3126801152737752,0.10848844190933654,0.05194253768310806,0.031040624204902043,0.5334577219913493,4.25,2023,True
50021,"Rutland County, Vermont",50,2025-10-01,2025-07-01,2025-09-01,2,1,18.513715355239185,2.663077582744417,18.031742503239073,14.0,20.0,14.0,6952.0,0.5168641750227895,0.25281069583713156,0.12026748796134017,0.04126156827369617,0.06409148066645709,0.6110892801005973,18.166666666666668,2023,False
50023,"Washington County, Vermont",50,2025-10-01,2025-07-01,2025-09-01,2,1,12.362888227072355,1.801382518879842,11.788028186966867,12.0,18.0,12.0,6863.0,0.45293668954996186,0.21052631578947367,0.09356885611387412,0.029739318216874904,0.06524299285546047,0.4607050325822407,10.75,2023,False
50025,"Windham County, Vermont",50,2025-10-01,2025-07-01,2025-09-01,2,1,15.141198308066755,2.8280161202963683,15.208350687296386,17.0,11.0,17.0,5354.0,0.4957282767243176,0.22983954990623046,0.11955224216761638,0.04294578706727629,0.07019328585961343,0.5366734486266531,13.083333333333334,2023,False
50027,"Windsor County, Vermont",50,2025-10-01,2025-07-01,2025-09-01,2,1,15.323710570125185,2.449833824160701,14.565234727675831,13.0,13.0,13.0,6255.0,0.4373903893370747,0.20343739038933709,0.08718253898797543,0.03808919748965149,0.07771479113898605,0.4695050858360471,13.25,2023,False
51001,"Accomack County, Virginia",51,2025-10-01,2025-07-01,2025-09-01,2,1,15.678207965606767,3.714334983560002,15.909607917455624,13.0,12.0,13.0,4221.0,0.40096182747219716,0.2043883378418996,0.14865440818314662,0.03815128272943666,0.6181652915676129,0.12347923367361208,14.583333333333334,2023,False
51003,"Albemarle County, Virginia",51,2025-10-01,2025-07-01,2025-09-01,2,1,109.7194694902242,7.150643214952047,118.52766320120087,108.0,105.0,108.0,15344.0,0.47813065886613737,0.24376654130101685,0.06770709876835848,0.03339763684591271,0.6643218533641044,0.03708059648499911,96.5,2023,False
51005,"Alleghany County, Virginia",51,2025-10-01,2025-07-01,2025-09-01,2,1,19.50997876131318,15.965612734298839,20.424674461654693,14.0,11.0,14.0,1222.0,0.4815595363540569,0.20758693361433087,0.13094587206123565,0.02521278304159306,0.6532104259376986,0.07962492053401145,17.833333333333332,2023,False
51009,"Amherst County, Virginia",51,2025-10-01,2025-07-01,2025-09-01,2,1,24.887937409535198,9.073254615215165,25.98658893438931,34.0,18.0,34.0,2743.0,0.48757763975155277,0.2524401064773736,0.10781326781326782,0.03839205058717254,0.8564005668398678,0.054558337269721306,20.5,2023,False
51013,"Arlington County, Virginia",51,2025-10-01,2025-07-01,2025-09-01,2,1,294.6195325830033,4.542391806706805,312.26942420720144,318.0,331.0,318.0,64860.0,0.4007590801358017,0.18611876241112035,0.07123943637754795,0.03264516900669116,0.5056756029767775,0.009683493230520935,282.4166666666667,2023,False
51015,"Augusta County, Virginia",51,2025-10-01,2025-07-01,2025-09-01,2,1,37.32908722270945,5.785661379837173,37.262062732497434,36.0,43.0,36.0,6452.0,0.4301131418624891,0.21061792863359444,0.07332876288798376,0.03021879940837456,0.5157616499151547,0.11232215115520167,37.583333333333336,2023,False
51019,"Bedford County, Virginia",51,2025-10-01,2025-07-01,2025-09-01,2,1,31.45845217549145,6.094237151393152,32.001599179390674,35.0,24.0,35.0,5162.0,0.4472885032537961,0.2544468546637744,0.08083741984156922,0.031696010001041774,0.8221909596917243,0.049972475380757234,28.833333333333332,2023,False
51023,"Botetourt County, Virginia",51,2025-10-01,2025-07-01,2025-09-01,2,1,9.890454757279851,5.317448794236479,10.309397762057655,8.0,8.0,8.0,1860.0,0.29762629336579427,0.11016433353621424,0.06088230019726224,0.026303088803088803,0.6708126669210225,0.045173597863410915,8.416666666666666,2023,False
51025,"Brunswick County, Virginia",51,2025-10-01,2025-07-01,2025-09-01,2,1,8.750219277478424,4.985879930187136,8.98537444702487,12.0,10.0,12.0,1755.0,0.4019073569482289,0.2064032697547684,0.15271079935700715,0.06332948643969995,0.6835680751173709,0.13114241001564944,7.583333333333333,2023,False
51029,"Buckingham County, Virginia",51,2025-10-01,2025-07-01,2025-09-01,2,1,6.574193812996073,4.600555502446517,6.722604357257631,7.0,5.0,7.0,1429.0,0.4447463768115942,0.28442028985507245,0.13734339215950425,0.04867892016082711,0.7149455625206202,0.03810623556581986,5.416666666666667,2023,False
51031,"Campbell County, Virginia",51,2025-10-01,2025-07-01,2025-09-01,2,1,61.41475422698677,11.366787752542434,67.04842512080621,66.0,67.0,66.0,5403.0,0.3560874089490114,0.15879292403746098,0.10104025493571664,0.046796179027583984,0.829981884057971,0.06236413043478261,58.166666666666664,2023,False
51033,"Caroline County, Virginia",51,2025-10-01,2025-07-01,2025-09-01,2,1,16.754841015279105,7.8587434405624315,17.146982386978106,19.0,24.0,19.0,2132.0,0.45641310383120487,0.22043309272626319,0.11556260743091366,0.0455364353606262,0.7809075342465753,0.0547945205479452,15.0,2023,False
51035,"Carroll County, Virginia",51,2025-10-01,2025-07-01,2025-09-01,2,1,6.997473438520246,2.527075998021035,7.028255567368159,7.0,5.0,7.0,2769.0,0.3567251461988304,0.24171539961013644,0.16214159720540933,0.0503448275862069,0.7180821259905548,0.09013047306491635,5.916666666666667,2023,False
51041,"Chesterfield County, Virginia",51,2025-10-01,2025-07-01,2025-09-01,2,1,731.0464579074046,23.51160897653506,746.6163378845155,706.0,641.0,706.0,31093.0,0.5150613738161179,0.2397168940404144,0.06849741272024629,0.046113386636035245,0.6671873631346901,0.022555403077462115,640.0833333333334,2023,False
51047,"Culpeper County, Virginia",51,2025-10-01,2025-07-01,2025-09-01,2,1,29.611872678225023,6.252506899963054,29.49377062296864,32.0,50.0,32.0,4736.0,0.4879907621247113,0.21501154734411085,0.08153074995180258,0.028916929547844375,0.47944468359879466,0.05951356005165734,25.75,2023,False
51049,"Cumberland County, Virginia",51,2025-10-01,2025-07-01,2025-09-01,2,1,5.520264162919092,5.385623573579601,5.723460037421122,1.0,4.0,1.0,1025.0,0.2521186440677966,0.1663135593220339,0.07685194698448577,0.02899980272243046,0.6902994011976048,0.1132934131736527,4.333333333333333,2023,True
51053,"Dinwiddie County, Virginia",51,2025-10-01,2025-07-01,2025-09-01,2,1,14.71155762271156,6.486577435058007,15.066172019363409,10.0,24.0,10.0,2268.0,0.37938478143550997,0.229897463572585,0.1068816732485008,0.04829485278542681,0.752949074518078,0.053419008343723026,16.083333333333332,2023,False
51057,"Essex County, Virginia",51,2025-10-01,2025-07-01,2025-09-01,2,1,7.624145535589872,5.585454604827746,7.793376777953,4.0,13.0,4.0,1365.0,0.5078318219291014,0.24649629018961253,0.15487062404870625,0.06300089047195014,0.8109645131938126,0.07552320291173795,6.583333333333333,2023,False
51059,"Fairfax County, Virginia",51,2025-10-01,2025-07-01,2025-09-01,2,1,859.9359908722785,6.58329243379684,872.6650061028296,794.0,884.0,794.0,130624.0,0.4537113336713996,0.20826730476673427,0.059358941781015306,0.04007335536300996,0.4165965933461444,0.012012223048831613,767.1666666666666,2023,False
51061,"Fauquier County, Virginia",51,2025-10-01,2025-07-01,2025-09-01,2,1,21.896819426570804,3.8121203737066165,21.70257010152883,28.0,23.0,28.0,5744.0,0.3776900296150049,0.20276406712734452,0.06148154193530836,0.02350791107550571,0.5162186857534455,0.07313637401964516,20.0,2023,False
51065,"Fluvanna County, Virginia",51,2025-10-01,2025-07-01,2025-09-01,2,1,4.637609901581386,3.90371203836817,4.541087074308097,5.0,5.0,5.0,1188.0,0.39925373134328357,0.23756218905472637,0.07742551566080978,0.03783937860756788,0.7762169544434689,0.027899717100770657,3.1666666666666665,2023,False
51067,"Franklin County, Virginia",51,2025-10-01,2025-07-01,2025-09-01,2,1,19.656595040571027,4.308766997056341,19.32903054402718,15.0,26.0,15.0,4562.0,0.3259935553168636,0.16756176154672395,0.11533579721506701,0.026486637192814754,0.7748621241771927,0.07147304750044477,18.75,2023,False
51069,"Frederick County, Virginia",51,2025-10-01,2025-07-01,2025-09-01,2,1,32.83722593558552,4.351030334647611,32.56119810312678,36.0,32.0,36.0,7547.0,0.41500516910352975,0.195687490769458,0.07081957895197079,0.04132438703204364,0.5006115673597763,0.04292620420525366,27.5,2023,False
51071,"Giles County, Virginia",51,2025-10-01,2025-07-01,2025-09-01,2,1,7.058626111559378,4.936102175915649,6.991137891143697,2.0,8.0,2.0,1430.0,0.35241210139002455,0.22567457072771874,0.0891155223699387,0.02273936170212766,0.7757423548530064,0.06544541291180381,6.25,2023,False
51073,"Gloucester County, Virginia",51,2025-10-01,2025-07-01,2025-09-01,2,1,29.06480035502218,9.538825190358445,30.85874535368581,34.0,21.0,34.0,3047.0,0.4236383054467782,0.12495550017799929,0.06791660183600436,0.033183810786012846,0.8233075243200317,0.036463503408113294,26.0,2023,False
51075,"Goochland County, Virginia",51,2025-10-01,2025-07-01,2025-09-01,2,1,9.63336524262071,7.047085034835925,9.968900895592137,9.0,12.0,9.0,1367.0,0.38847117794486213,0.17878028404344193,0.038561454781620395,0.026072262010139215,0.7864775791471088,0.024368321182462797,7.75,2023,False
51079,"Greene County, Virginia",51,2025-10-01,2025-07-01,2025-09-01,2,1,9.84982658721394,6.095189719810606,10.206039339248585,12.0,8.0,12.0,1616.0,0.353528153955809,0.13399857448325017,0.11727140783744558,0.03059377262853005,0.746840242669363,0.029701718907987867,8.0,2023,False
51081,"Greensville County, Virginia",51,2025-10-01,2025-07-01,2025-09-01,2,1,7.876753716986212,8.204951788527303,7.989175920102697,3.0,6.0,3.0,960.0,0.5740291262135923,0.28762135922330095,0.1354344122657581,0.0668398677373642,0.6872574385510997,0.13615782664941786,6.833333333333333,2023,False
51083,"Halifax County, Virginia",51,2025-10-01,2025-07-01,2025-09-01,2,1,11.963454509059623,2.972286834548975,11.914938209289552,11.0,14.0,11.0,4025.0,0.5368032029565754,0.23929781336618416,0.17947080291970802,0.03981396659854838,0.6804651502962042,0.1060484165874351,11.333333333333334,2023,False
51085,"Hanover County, Virginia",51,2025-10-01,2025-07-01,2025-09-01,2,1,55.57551235242101,7.695307719803518,60.592137207069406,74.0,43.0,74.0,7222.0,0.45459994006592747,0.2274498052142643,0.0517627487363235,0.026762445706648846,0.696086832333619,0.034204512996286775,46.5,2023,False
51087,"Henrico County, Virginia",51,2025-10-01,2025-07-01,2025-09-01,2,1,875.7703244208338,18.253961782121305,957.1623201235597,970.0,1003.0,970.0,47977.0,0.5175622741143117,0.23293007552968165,0.08437701216139008,0.03875724523418554,0.5944512865139123,0.03275097898952057,943.0,2023,False
51089,"Henry County, Virginia",51,2025-10-01,2025-07-01,2025-09-01,2,1,55.23288489468709,11.267418379169133,59.10699501796355,68.0,47.0,68.0,4902.0,0.46440677966101696,0.23220338983050848,0.14799004632907808,0.04052471304755212,0.7773984294981222,0.08549968297322343,43.0,2023,True
51093,"Isle of Wight County, Virginia",51,2025-10-01,2025-07-01,2025-09-01,2,1,52.739296287187635,18.305899440190085,60.15133827233974,50.0,55.0,50.0,2881.0,0.3803140559172731,0.23898889314438912,0.07386305569749617,0.045810336176618165,0.6173343705432387,0.024568909633086996,48.583333333333336,2023,False
51095,"James City County, Virginia",51,2025-10-01,2025-07-01,2025-09-01,2,1,93.36114895687147,14.07949765599027,101.83231128018953,111.0,98.0,111.0,6631.0,0.5488491871881539,0.2695960083695477,0.06464689836330571,0.0354426193363466,0.49867627826863575,0.010015629485502855,90.75,2023,False
51099,"King George County, Virginia",51,2025-10-01,2025-07-01,2025-09-01,2,1,29.903832417076018,12.671115430964415,31.25209054437249,30.0,8.0,30.0,2360.0,0.4892952720785013,0.1926851025869759,0.06503705342329388,0.037718556119571346,0.806418953123418,0.045256656879619314,27.0,2023,False
51101,"King William County, Virginia",51,2025-10-01,2025-07-01,2025-09-01,2,1,6.652350390455034,8.346738256530783,6.6964070084562275,10.0,4.0,10.0,797.0,0.565365025466893,0.22920203735144312,0.07896915181281386,0.03530476765238383,0.8742094167252283,0.034012649332396346,5.75,2023,False
51103,"Lancaster County, Virginia",51,2025-10-01,2025-07-01,2025-09-01,2,1,6.722302262159961,6.0890419041304,6.802674339761045,5.0,9.0,5.0,1104.0,0.5388496468213926,0.12108980827447023,0.13104097974564297,0.10004506534474988,0.7710314557425019,0.09272128749085588,5.666666666666667,2023,False
51105,"Lee County, Virginia",51,2025-10-01,2025-07-01,2025-09-01,2,1,9.63336524262071,4.370855373239887,9.968900895592137,11.0,9.0,11.0,2204.0,0.6266837716484926,0.3790891597177678,0.2758705368105692,0.09254498714652956,0.8207435472412976,0.02308785223774568,7.666666666666667,2023,True
51107,"Loudoun County, Virginia",51,2025-10-01,2025-07-01,2025-09-01,2,1,194.35265347477645,6.249281462211462,212.67297158976356,192.0,116.0,192.0,31100.0,0.4325184192900201,0.22089752176825184,0.03959177236790386,0.03234065265071595,0.3168374484281687,0.017014266135503435,165.91666666666666,2023,False
51109,"Louisa County, Virginia",51,2025-10-01,2025-07-01,2025-09-01,2,1,12.269207404122756,4.295940967830097,12.550979258379904,22.0,19.0,22.0,2856.0,0.540453074433657,0.2301779935275081,0.1008238928939238,0.05739104237798755,0.709946749063178,0.06534744592728946,11.166666666666666,2023,False
51111,"Lunenburg County, Virginia",51,2025-10-01,2025-07-01,2025-09-01,2,1,6.4602529632287435,4.9277291862919474,6.621104829442572,3.0,5.0,3.0,1311.0,0.4560496380558428,0.12306101344364012,0.1592391304347826,0.0364381198792583,0.5146712358106661,0.21632041122295995,5.5,2023,False
51115,"Mathews County, Virginia",51,2025-10-01,2025-07-01,2025-09-01,2,1,4.690617301071598,8.65427546323173,4.903324343545821,6.0,5.0,6.0,542.0,0.3838120104438642,0.17493472584856398,0.07880080578267568,0.05951405951405951,0.7855057074595169,0.03052827183435094,3.3333333333333335,2023,False
51117,"Mecklenburg County, Virginia",51,2025-10-01,2025-07-01,2025-09-01,2,1,18.74970862669963,4.98662463476054,19.021709807654034,20.0,30.0,20.0,3760.0,0.4918685695320279,0.26053767009624956,0.1736604260813428,0.029914529914529916,0.6771929824561403,0.0826427771556551,16.5,2023,False
51121,"Montgomery County, Virginia",51,2025-10-01,2025-07-01,2025-09-01,2,1,78.33100085611436,4.711355759419846,79.17674568301007,56.0,58.0,56.0,16626.0,0.5097508896797153,0.3294661921708185,0.23760465798560176,0.03321824756379088,0.7549209114916555,0.02496528817619994,65.66666666666667,2023,False
51125,"Nelson County, Virginia",51,2025-10-01,2025-07-01,2025-09-01,2,1,4.637609901581386,3.445475409793006,4.541087074308097,1.0,4.0,1.0,1346.0,0.38188277087033745,0.18650088809946713,0.14371013706065952,0.03331385154880187,0.6272024729520865,0.06584234930448223,2.5,2023,False
51131,"Northampton County, Virginia",51,2025-10-01,2025-07-01,2025-09-01,2,1,6.5155512025872016,3.508643620133119,6.6048026713737595,7.0,5.0,7.0,1857.0,0.4463087248322148,0.1697986577181208,0.17060611176768528,0.0417298937784522,0.6519295616335706,0.12045710003746722,5.333333333333333,2023,False
51135,"Nottoway County, Virginia",51,2025-10-01,2025-07-01,2025-09-01,2,1,12.11122548304296,7.170648598604475,12.402660680387774,19.0,15.0,19.0,1689.0,0.40831629175187456,0.1574642126789366,0.189410995715012,0.052690226042661575,0.5997815003641661,0.15768390386016023,11.0,2023,False
51137,"Orange County, Virginia",51,2025-10-01,2025-07-01,2025-09-01,2,1,21.164447029335896,6.500137294022082,22.381541120991873,22.0,23.0,22.0,3256.0,0.446331767256957,0.21178171304662088,0.10061108686163248,0.03691330302864341,0.6963250835208291,0.08502079498193223,18.833333333333332,2023,False
51139,"Page County, Virginia",51,2025-10-01,2025-07-01,2025-09-01,2,1,11.644940847112245,4.508300753818136,12.140577401790525,14.0,8.0,14.0,2583.0,0.40304182509505704,0.23716730038022812,0.09502339430029774,0.05027595722662987,0.5511620569986329,0.19097696918708593,9.166666666666666,2023,True
51141,"Patrick County, Virginia",51,2025-10-01,2025-07-01,2025-09-01,2,1,4.637609901581386,2.6068633510856585,4.541087074308097,5.0,3.0,5.0,1779.0,0.4335347432024169,0.2537764350453172,0.10821981604377692,0.020429682351390536,0.6590996537129665,0.07297678594331153,3.0,2023,False
51143,"Pittsylvania County, Virginia",51,2025-10-01,2025-07-01,2025-09-01,2,1,28.382062628069207,5.4205619992492755,28.660399444947675,30.0,32.0,30.0,5236.0,0.4822187430105122,0.26079176917915453,0.15000936281769742,0.0499193033817513,0.6850566313481915,0.0880120164007632,24.833333333333332,2023,False
51145,"Powhatan County, Virginia",51,2025-10-01,2025-07-01,2025-09-01,2,1,6.393027960715994,8.367837644916222,6.457071103242013,3.0,7.0,3.0,764.0,0.40976331360946744,0.20710059171597633,0.032621951219512196,0.030800821355236138,0.8132006098107794,0.011299435028248588,5.416666666666667,2023,False
51147,"Prince Edward County, Virginia",51,2025-10-01,2025-07-01,2025-09-01,2,1,24.160769716332823,7.979118136173323,24.98476367970458,28.0,21.0,28.0,3028.0,0.503968253968254,0.2265873015873016,0.21632846801946126,0.02258102258102258,0.7476190476190476,0.06534391534391534,21.75,2023,False
51149,"Prince George County, Virginia",51,2025-10-01,2025-07-01,2025-09-01,2,1,43.27666867193985,13.050865100102488,47.36221531926264,61.0,46.0,61.0,3316.0,0.47939124920735576,0.17628408370323398,0.0804225115967138,0.0561378989051945,0.7792891964145305,0.03223777323478534,41.333333333333336,2023,False
51153,"Prince William County, Virginia",51,2025-10-01,2025-07-01,2025-09-01,2,1,611.7169507782432,15.444277690826178,605.6885786208954,606.0,492.0,606.0,39608.0,0.49866624409053695,0.22322584053033304,0.06125055124660108,0.04460046217698389,0.4072078598270476,0.017185286755622246,521.1666666666666,2023,False
51155,"Pulaski County, Virginia",51,2025-10-01,2025-07-01,2025-09-01,2,1,35.068980700179736,8.754114004038875,36.49136517728688,45.0,48.0,45.0,4006.0,0.40332871012482663,0.22857142857142856,0.1461453133666112,0.03578554418484907,0.7270262755456695,0.057764493257333516,31.916666666666668,2023,False
51161,"Roanoke County, Virginia",51,2025-10-01,2025-07-01,2025-09-01,2,1,67.21135088063562,7.217713797319118,69.25195516442741,59.0,80.0,59.0,9312.0,0.41518107411144745,0.1626863998206077,0.07264830508474576,0.029298092507168683,0.48028344931304323,0.050470291351227346,67.0,2023,False
51163,"Rockbridge County, Virginia",51,2025-10-01,2025-07-01,2025-09-01,2,1,11.304822729085014,5.487778023827676,11.511891991408136,4.0,10.0,4.0,2060.0,0.3991056456120738,0.14197875908328675,0.08015370705244124,0.0329422806194275,0.5653266331658291,0.11735762144053602,10.5,2023,False
51165,"Rockingham County, Virginia",51,2025-10-01,2025-07-01,2025-09-01,2,1,86.76620697075529,10.907128468982437,97.23293872384701,76.0,93.0,76.0,7955.0,0.39269084238747004,0.16678425285734444,0.09564038633777928,0.02748482680636005,0.6484960059910134,0.1027209186220669,87.5,2023,False
51167,"Russell County, Virginia",51,2025-10-01,2025-07-01,2025-09-01,2,1,7.1967886270527455,2.8400902237777212,7.207241763140977,7.0,7.0,7.0,2534.0,0.41390548614883216,0.2275936990765888,0.18120831853518013,0.04372683959767072,0.8908309455587392,0.02999044890162369,5.833333333333333,2023,False
51169,"Scott County, Virginia",51,2025-10-01,2025-07-01,2025-09-01,2,1,5.583360208939602,2.8780207262575273,5.928013876655452,11.0,7.0,11.0,1940.0,0.42904019688269074,0.2428219852337982,0.18004924919125104,0.02936096718480138,0.882247793542621,0.021896994749190036,4.333333333333333,2023,True
51171,"Shenandoah County, Virginia",51,2025-10-01,2025-07-01,2025-09-01,2,1,17.016956018602155,3.469308056799624,16.838530002803,18.0,17.0,18.0,4905.0,0.39646643109540636,0.2049469964664311,0.1232442229270503,0.03900725825333645,0.6112360814306602,0.11595995950961646,15.916666666666666,2023,False
51173,"Smyth County, Virginia",51,2025-10-01,2025-07-01,2025-09-01,2,1,18.781612662407458,5.145647304769167,19.18765723656073,20.0,15.0,20.0,3650.0,0.4405030635278942,0.1909061593034505,0.165441686312578,0.030388749696920715,0.701436552274541,0.10582601755786113,14.416666666666666,2023,True
51175,"Southampton County, Virginia",51,2025-10-01,2025-07-01,2025-09-01,2,1,14.5386254342109,8.379611201274294,14.957055970452242,10.0,17.0,10.0,1735.0,0.5109970674486803,0.2837243401759531,0.08651630896083425,0.062393990792343104,0.7270219253666328,0.0913314941193553,14.166666666666666,2023,False
51177,"Spotsylvania County, Virginia",51,2025-10-01,2025-07-01,2025-09-01,2,1,143.79507128865464,13.774793686047959,159.9791989125277,139.0,145.0,139.0,10439.0,0.5147162941235967,0.2538687164964094,0.06977411208349948,0.05241522436110631,0.5763224083136735,0.02041373393905126,122.5,2023,False
51179,"Stafford County, Virginia",51,2025-10-01,2025-07-01,2025-09-01,2,1,133.351999962734,13.55616549382271,140.76661637770263,148.0,123.0,148.0,9837.0,0.468270645093507,0.2005673460811095,0.05068333131195782,0.0384005549499554,0.5553411682161025,0.02921514744002027,112.75,2023,False
51183,"Sussex County, Virginia",51,2025-10-01,2025-07-01,2025-09-01,2,1,7.971182298920485,7.00455386548373,8.123541177341318,1.0,12.0,1.0,1138.0,0.48035914702581367,0.2053872053872054,0.1210762331838565,0.04404603806994245,0.7554655870445344,0.07152496626180836,7.0,2023,False
51185,"Tazewell County, Virginia",51,2025-10-01,2025-07-01,2025-09-01,2,1,15.702378367794278,3.6525653332854797,15.396227730496307,18.0,19.0,18.0,4299.0,0.42873271239062943,0.165961049957663,0.19271881452055512,0.04770306032435367,0.8000752303930788,0.040436336279857064,15.25,2023,False
51187,"Warren County, Virginia",51,2025-10-01,2025-07-01,2025-09-01,2,1,19.751668556810827,5.399581344125431,20.542826837233058,25.0,14.0,25.0,3658.0,0.40337654507084714,0.14350316551100392,0.11317087756017342,0.0480160053351117,0.6435501725597448,0.10711727550953962,17.75,2023,False
51191,"Washington County, Virginia",51,2025-10-01,2025-07-01,2025-09-01,2,1,22.20515369089335,4.152048184535032,22.017154310450106,24.0,17.0,24.0,5348.0,0.2973208451317796,0.1411457198867349,0.10963632549535633,0.03714565004887586,0.8115561985712993,0.028438375983361967,16.416666666666668,2023,True
51193,"Westmoreland County, Virginia",51,2025-10-01,2025-07-01,2025-09-01,2,1,8.512516259683558,5.063959702369755,8.743244722728903,4.0,12.0,4.0,1681.0,0.5542774982027319,0.3745506829618979,0.13807644482889117,0.07545454545454545,0.7825382986673309,0.10536804085191182,6.916666666666667,2023,False
51195,"Wise County, Virginia",51,2025-10-01,2025-07-01,2025-09-01,2,1,30.702371474193786,8.443996555058797,31.850484760573156,30.0,17.0,30.0,3636.0,0.38538538538538536,0.19953286619953287,0.17738338882609891,0.08435916002896451,0.8835289932408396,0.023408039843472075,26.416666666666668,2023,False
51197,"Wythe County, Virginia",51,2025-10-01,2025-07-01,2025-09-01,2,1,20.288569839935036,6.988828742657608,21.003243877523765,27.0,11.0,27.0,2903.0,0.4550150667240637,0.24408092983211366,0.15615249435139691,0.038666463693103975,0.6728783478541465,0.1053565666343982,16.666666666666668,2023,False
51199,"York County, Virginia",51,2025-10-01,2025-07-01,2025-09-01,2,1,73.83981938665902,9.688993489917204,79.84788071516456,62.0,65.0,62.0,7621.0,0.45839699958327546,0.23725517432976803,0.05361082085220016,0.0429364552531531,0.4653809793911893,0.028625449045188125,70.58333333333333,2023,False
51510,"Alexandria city, Virginia",51,2025-10-01,2025-07-01,2025-09-01,2,1,503.98197020919775,11.539369667068065,510.50840003171146,486.0,321.0,486.0,43675.0,0.4522599001819115,0.20996781566304398,0.08407333604183997,0.03351328399854422,0.49387516755365035,0.005746592522793932,405.4166666666667,2023,False
51520,"Bristol city, Virginia",51,2025-10-01,2025-07-01,2025-09-01,2,1,32.82091028622468,12.155892698601733,35.161621026475096,42.0,13.0,42.0,2700.0,0.4332115306536744,0.25131952902963867,0.1826819648619577,0.04387331256490135,0.7505118056503344,0.011055002047222602,32.916666666666664,2023,False
51530,"Buena Vista city, Virginia",51,2025-10-01,2025-07-01,2025-09-01,2,1,4.637609901581386,4.148130502308932,4.734128751168204,1.0,4.0,1.0,1118.0,0.5044052863436124,0.2433920704845815,0.21979645436638215,0.02234258632362898,0.5492148602068173,0.01685178092684795,3.5,2023,False
51540,"Charlottesville city, Virginia",51,2025-10-01,2025-07-01,2025-09-01,2,1,52.8764303663894,4.770088440810952,50.885816696914,73.0,76.0,73.0,11085.0,0.5648723587341046,0.3107371641648341,0.2261779860576811,0.046751597412390364,0.5335296207929336,0.004974871820904615,38.833333333333336,2023,True
51550,"Chesapeake city, Virginia",51,2025-10-01,2025-07-01,2025-09-01,2,1,471.34654867633344,19.46024312275849,482.861827390488,462.0,384.0,462.0,24221.0,0.5562043164223001,0.28164871761602006,0.08691176291780994,0.049273118695725794,0.5249076991370817,0.015753402410108162,364.0,2023,True
51570,"Colonial Heights city, Virginia",51,2025-10-01,2025-07-01,2025-09-01,2,1,47.927135565677055,19.895033443618537,55.147760755019114,64.0,64.0,64.0,2409.0,0.5367647058823529,0.30422794117647056,0.09570095534325705,0.036830601092896174,0.5679257786613652,0.043339960238568585,48.666666666666664,2023,False
51590,"Danville city, Virginia",51,2025-10-01,2025-07-01,2025-09-01,2,1,147.07136689754623,15.48934880437559,158.0621070736149,136.0,150.0,136.0,9495.0,0.43586871289346923,0.23905007281281507,0.24968040121939228,0.04939813763343175,0.6406719622155431,0.02458136539287248,115.66666666666667,2023,True
51595,"Emporia city, Virginia",51,2025-10-01,2025-07-01,2025-09-01,2,1,8.27411735922741,6.052755932134171,8.469592082979018,9.0,6.0,9.0,1367.0,0.46119402985074626,0.16791044776119404,0.13537604456824512,0.033673017279574655,0.7453808021631365,0.11807120324470483,7.25,2023,False
51610,"Falls Church city, Virginia",51,2025-10-01,2025-07-01,2025-09-01,2,1,9.479432151358784,3.1451334277899083,9.657753576589847,3.0,3.0,3.0,3014.0,0.3917112299465241,0.15441176470588236,0.03643752583000413,0.06323015777429844,0.4634065752519412,0.0018172806872625144,8.083333333333334,2023,False
51620,"Franklin city, Virginia",51,2025-10-01,2025-07-01,2025-09-01,2,1,18.13286462432589,11.48376480324629,18.675905848174896,23.0,14.0,23.0,1579.0,0.4118476727785614,0.2623413258110014,0.16683266932270915,0.04689581667998934,0.8326446280991735,0.09208972845336481,16.083333333333332,2023,False
51630,"Fredericksburg city, Virginia",51,2025-10-01,2025-07-01,2025-09-01,2,1,96.86008720705988,14.484834336333165,99.99199729288038,91.0,105.0,91.0,6687.0,0.45622119815668205,0.26666666666666666,0.16385975656434204,0.04608678930837767,0.5416411780127589,0.016254478720615223,91.33333333333333,2023,False
51640,"Galax city, Virginia",51,2025-10-01,2025-07-01,2025-09-01,2,1,6.21157388498813,5.932735324726008,6.289317116915715,4.0,7.0,4.0,1047.0,0.4614572333685322,0.1805702217529039,0.23378441437237518,0.05468489496498833,0.7002565042139978,0.18981311835837303,5.083333333333333,2023,False
51650,"Hampton city, Virginia",51,2025-10-01,2025-07-01,2025-09-01,2,1,642.9103109708257,25.092120481259293,663.5994345796022,710.0,422.0,710.0,25622.0,0.5415717539863326,0.28250081353726003,0.1303733647914522,0.06313751768297222,0.5150848631797714,0.008468998960859023,530.1666666666666,2023,False
51670,"Hopewell city, Virginia",51,2025-10-01,2025-07-01,2025-09-01,2,1,72.02757762234623,17.198561991964237,81.49015500247371,85.0,97.0,85.0,4188.0,0.6196834817012858,0.37908011869436203,0.23780192705354394,0.09339364810102724,0.7200042471862391,0.018899978764068806,77.0,2023,False
51680,"Lynchburg city, Virginia",51,2025-10-01,2025-07-01,2025-09-01,2,1,178.2750473295015,12.201426824276332,193.82653616731344,160.0,167.0,160.0,14611.0,0.4778152103791843,0.27188015196043297,0.17387568449260166,0.05036816543944853,0.7545578136438108,0.04601387388015477,160.16666666666666,2023,False
51690,"Martinsville city, Virginia",51,2025-10-01,2025-07-01,2025-09-01,2,1,30.24080028967241,12.419219831487643,31.055227069360303,31.0,29.0,31.0,2435.0,0.43744374437443745,0.26552655265526554,0.21841004184100418,0.04426768113435933,0.590496529631607,0.07314468766684463,29.166666666666668,2023,False
51700,"Newport News city, Virginia",51,2025-10-01,2025-07-01,2025-09-01,2,1,955.9734347568325,24.296585034230482,933.026510380249,983.0,991.0,983.0,39346.0,0.5107861936720998,0.23588473420688186,0.15140797552911542,0.05892642274611168,0.6014670571782896,0.011425103564737856,834.3333333333334,2023,False
51710,"Norfolk city, Virginia",51,2025-10-01,2025-07-01,2025-09-01,2,1,928.216265277541,18.094589755498088,925.5999865399075,925.0,822.0,925.0,51298.0,0.53285560585453,0.27413166602383227,0.17291299474964308,0.06094010932352646,0.5910520130853193,0.01904570333590946,794.8333333333334,2023,False
51730,"Petersburg city, Virginia",51,2025-10-01,2025-07-01,2025-09-01,2,1,305.16124535257,33.27096002535652,350.99899118692895,339.0,326.0,339.0,9172.0,0.5000568375582585,0.29475957712856654,0.21080489140354078,0.11380175658720201,0.6524841793456309,0.012925811229298506,275.3333333333333,2023,False
51740,"Portsmouth city, Virginia",51,2025-10-01,2025-07-01,2025-09-01,2,1,365.7770798611366,21.36423572578334,406.13279969298503,346.0,348.0,346.0,17121.0,0.5706073481629592,0.29311422144463883,0.17587210841141285,0.06629039149108408,0.4720247996370785,0.011694137809365391,323.25,2023,False
51750,"Radford city, Virginia",51,2025-10-01,2025-07-01,2025-09-01,2,1,22.602587760700228,7.168597450269657,22.903704932525194,18.0,19.0,18.0,3153.0,0.5670753064798599,0.3527145359019264,0.33671566067298364,0.07616736014794268,0.7238181818181818,0.02327272727272727,20.5,2023,False
51760,"Richmond city, Virginia",51,2025-10-01,2025-07-01,2025-09-01,2,1,1186.993951497024,20.550805095258298,1163.59598440785,1198.0,1297.0,1198.0,57759.0,0.526951858092805,0.28888768096247575,0.18838028978048185,0.059835544213777195,0.5940183073082382,0.03773067697880464,1123.25,2023,False
51770,"Roanoke city, Virginia",51,2025-10-01,2025-07-01,2025-09-01,2,1,270.40728519749825,12.890655727582509,309.94841821214493,272.0,281.0,272.0,20977.0,0.4683161723272373,0.22667896111879515,0.19672435679123193,0.05494393058852419,0.4871169034516107,0.04605217711667319,245.91666666666666,2023,False
51775,"Salem city, Virginia",51,2025-10-01,2025-07-01,2025-09-01,2,1,40.730205726826775,11.01113969365417,44.005201383794905,56.0,37.0,56.0,3699.0,0.49257209437809496,0.21846781240897176,0.10859178177395534,0.034161490683229816,0.39911242603550295,0.020611439842209072,36.583333333333336,2023,False
51790,"Staunton city, Virginia",51,2025-10-01,2025-07-01,2025-09-01,2,1,24.71045837412148,5.371838776982931,24.39836137045562,31.0,17.0,31.0,4600.0,0.42195065713626934,0.21581738528937053,0.12558830814961605,0.05013560635412631,0.468562874251497,0.0074850299401197605,21.166666666666668,2023,False
51800,"Suffolk city, Virginia",51,2025-10-01,2025-07-01,2025-09-01,2,1,161.46585991212277,14.670712330739848,179.6012575421754,175.0,187.0,175.0,11006.0,0.5737268061587051,0.28523489932885904,0.09874660538959683,0.05281162235783517,0.5423477769100261,0.02763040960870385,148.58333333333334,2023,False
51810,"Virginia Beach city, Virginia",51,2025-10-01,2025-07-01,2025-09-01,2,1,897.6180425720104,14.23186635017695,949.3939590158792,868.0,1016.0,868.0,63071.0,0.5216533458181454,0.24530983513359864,0.08365626525059443,0.04304894265002359,0.6242046718576196,0.01367630700778643,882.3333333333334,2023,False
51820,"Waynesboro city, Virginia",51,2025-10-01,2025-07-01,2025-09-01,2,1,33.95968201927143,8.732240169522097,34.95864140328126,29.0,33.0,29.0,3889.0,0.46579292267365663,0.21546526867627785,0.11703557666457567,0.03824659448131331,0.4634095634095634,0.0060291060291060294,34.0,2023,False
51840,"Winchester city, Virginia",51,2025-10-01,2025-07-01,2025-09-01,2,1,33.931012140478934,5.1850568674326,32.5021508226841,36.0,49.0,36.0,6544.0,0.5140327430671567,0.25058469762779817,0.1930197042500093,0.05863280194542016,0.4696579298089738,0.10199911150599733,32.0,2023,False
54001,"Barbour County, West Virginia",54,2025-10-01,2025-07-01,2025-09-01,2,1,5.520264162919092,4.543427294583614,5.723460037421122,4.0,4.0,4.0,1215.0,0.3377777777777778,0.09333333333333334,0.20795952782462057,0.10324807782833831,0.3053994208823028,0.012774655084312723,4.333333333333333,2023,True
54003,"Berkeley County, West Virginia",54,2025-10-01,2025-07-01,2025-09-01,2,1,227.84338565886097,18.75254202953588,256.4430658740609,235.0,237.0,235.0,12150.0,0.4846146780563975,0.21456783319555434,0.11374700750333393,0.04754130281742881,0.7483800421189049,0.05034019115502997,211.83333333333334,2023,False
54007,"Braxton County, West Virginia",54,2025-10-01,2025-07-01,2025-09-01,2,1,4.637609901581386,4.722617007720353,4.541087074308097,4.0,6.0,4.0,982.0,0.3535660091047041,0.18209408194233687,0.18813630626840555,0.128022104536035,0.32917811113458695,0.0,2.9166666666666665,2023,False
54009,"Brooke County, West Virginia",54,2025-10-01,2025-07-01,2025-09-01,2,1,11.736802620217443,4.67043478719357,12.003829949741876,14.0,17.0,14.0,2513.0,0.4503642987249545,0.13296903460837886,0.12114882506527415,0.05999414691249634,0.2853661121119,0.0664406061248278,10.583333333333334,2023,False
54011,"Cabell County, West Virginia",54,2025-10-01,2025-07-01,2025-09-01,2,1,102.31910613791,7.163698532374851,104.86260971707442,109.0,99.0,109.0,14283.0,0.5914132950283297,0.3474583034075493,0.1982384305608675,0.05774796710616989,0.49054627216515917,0.000459911083857121,88.58333333333333,2023,False
54019,"Fayette County, West Virginia",54,2025-10-01,2025-07-01,2025-09-01,2,1,10.359130028355429,2.646010224356431,9.911144284264383,5.0,15.0,5.0,3915.0,0.5160843998616396,0.22448979591836735,0.1879128819157721,0.07138733884933615,0.49245763237941526,0.01980259482276988,10.416666666666666,2023,False
54025,"Greenbrier County, West Virginia",54,2025-10-01,2025-07-01,2025-09-01,2,1,17.273020508748598,4.508749806512294,17.38992586544805,18.0,9.0,18.0,3831.0,0.563150074294205,0.28714710252600295,0.20705963417689802,0.04185775642425566,0.5520054384772264,0.054180829367777024,13.25,2023,True
54027,"Hampshire County, West Virginia",54,2025-10-01,2025-07-01,2025-09-01,2,1,7.613019296356708,5.1508926227041325,7.796075843726852,6.0,11.0,6.0,1478.0,0.34407582938388626,0.14502369668246445,0.14188592618753312,0.07201440288057612,0.5016758439071104,0.09384725879818051,6.75,2023,False
54029,"Hancock County, West Virginia",54,2025-10-01,2025-07-01,2025-09-01,2,1,21.859389041883837,6.688919535460171,22.69147685213809,26.0,19.0,26.0,3268.0,0.42797349145448205,0.24764562260202302,0.14955959653359852,0.08211612528159291,0.2224032270576371,0.04235513148708401,19.083333333333332,2023,False
54031,"Hardy County, West Virginia",54,2025-10-01,2025-07-01,2025-09-01,2,1,6.3438265964611755,5.247168400712304,6.453273970471612,7.0,3.0,7.0,1209.0,0.3192713326941515,0.11984659635666348,0.1764914269519626,0.056638679379536074,0.462684041292943,0.10052462345574548,4.75,2023,True
54033,"Harrison County, West Virginia",54,2025-10-01,2025-07-01,2025-09-01,2,1,51.56225664757899,7.516363942795771,53.74834648571911,53.0,59.0,53.0,6860.0,0.46945742005030544,0.19601149838303988,0.13565342015484555,0.04253704253704254,0.1648347425057648,0.0007686395080707148,45.833333333333336,2023,False
54035,"Jackson County, West Virginia",54,2025-10-01,2025-07-01,2025-09-01,2,1,11.736802620217443,4.536839049175664,12.003829949741876,15.0,20.0,15.0,2587.0,0.3969946679592826,0.1992244304411052,0.1753060409023212,0.04338132837900604,0.5542104798091367,0.0,10.583333333333334,2023,False
54037,"Jefferson County, West Virginia",54,2025-10-01,2025-07-01,2025-09-01,2,1,37.02756280981231,8.11651968649985,37.795791830960376,32.0,40.0,32.0,4562.0,0.43639447540586385,0.20717228010661498,0.08806152770494668,0.041233026067994845,0.7385112385112386,0.05905905905905906,38.916666666666664,2023,False
54039,"Kanawha County, West Virginia",54,2025-10-01,2025-07-01,2025-09-01,2,1,169.7453354782559,7.408254505226548,170.7160208711571,194.0,177.0,194.0,22913.0,0.45474625025683174,0.22580645161290322,0.16116521490789662,0.054974754609894226,0.4498086087024451,0.0027211415774809258,143.08333333333334,2023,False
54041,"Lewis County, West Virginia",54,2025-10-01,2025-07-01,2025-09-01,2,1,8.197069944608502,4.030024554871437,8.3789637856649,5.0,14.0,5.0,2034.0,0.43847722637661457,0.28008157715839566,0.1938861475508485,0.09432327025855843,0.2671469740634006,0.0,6.916666666666667,2023,False
54045,"Logan County, West Virginia",54,2025-10-01,2025-07-01,2025-09-01,2,1,11.069242456099127,3.838156191435204,11.092922338725511,6.0,14.0,6.0,2884.0,0.4197707736389685,0.23973256924546324,0.21399482870071104,0.09824217007227626,0.6822362052274927,0.0007260406582768635,10.166666666666666,2023,False
54049,"Marion County, West Virginia",54,2025-10-01,2025-07-01,2025-09-01,2,1,30.122238813037548,5.423521572387027,30.219285312665548,27.0,21.0,27.0,5554.0,0.4545259545259545,0.212998712998713,0.1357154624832964,0.05280816921954778,0.258436751578489,0.0054430655345090355,25.416666666666668,2023,False
54051,"Marshall County, West Virginia",54,2025-10-01,2025-07-01,2025-09-01,2,1,16.314522805022946,6.222167355081216,16.870156794063163,18.0,11.0,18.0,2622.0,0.4821763602251407,0.30065666041275796,0.15016738402678145,0.0401788934574046,0.3362158699655697,0.026022900152133877,13.583333333333334,2023,False
54053,"Mason County, West Virginia",54,2025-10-01,2025-07-01,2025-09-01,2,1,9.357372196490466,5.096607950158207,9.657753576589847,5.0,10.0,5.0,1836.0,0.3491666666666667,0.12666666666666668,0.1788318178094536,0.0297009210390148,0.6476023733099893,0.01206108355218364,8.0,2023,False
54055,"Mercer County, West Virginia",54,2025-10-01,2025-07-01,2025-09-01,2,1,39.17735859510152,5.302836842867018,38.038220090120824,30.0,47.0,30.0,7388.0,0.5246514790887453,0.21455287317239036,0.17977605990224288,0.04016824395373291,0.6803342481464794,0.025560152377831484,35.916666666666664,2023,False
54057,"Mineral County, West Virginia",54,2025-10-01,2025-07-01,2025-09-01,2,1,11.501265218581297,5.266147078104989,11.682944749292405,12.0,10.0,12.0,2184.0,0.42643923240938164,0.2526652452025586,0.14251772370185858,0.05950288727090133,0.47550944101701254,0.09039072723873622,10.333333333333334,2023,False
54059,"Mingo County, West Virginia",54,2025-10-01,2025-07-01,2025-09-01,2,1,6.146957459356225,2.4489870356000893,6.091029368667017,5.0,8.0,5.0,2510.0,0.40104506858262573,0.21881123448726322,0.29861751152073734,0.10833822665883734,0.7518029512925773,0.006102296682569622,4.916666666666667,2023,True
54061,"Monongalia County, West Virginia",54,2025-10-01,2025-07-01,2025-09-01,2,1,100.62680314687285,5.348506598643183,101.5275393760642,92.0,91.0,92.0,18814.0,0.5509245840820822,0.31603964987536953,0.20505601150182712,0.04980609707319618,0.39944996731363136,0.007010662518879196,94.16666666666667,2023,False
54065,"Morgan County, West Virginia",54,2025-10-01,2025-07-01,2025-09-01,2,1,6.722302262159961,5.523666608184027,6.802674339761045,5.0,5.0,5.0,1217.0,0.40755873340143,0.18590398365679264,0.11026882033937839,0.03424170616113744,0.6243239495215642,0.09748994591596173,5.666666666666667,2023,False
54067,"Nicholas County, West Virginia",54,2025-10-01,2025-07-01,2025-09-01,2,1,4.86777630450082,2.8617144647271138,5.010129522604603,2.0,1.0,2.0,1701.0,0.29869130100076985,0.18090839107005388,0.1782680412371134,0.08624684077506319,0.4576341844710787,0.01552892131318395,3.5833333333333335,2023,False
54069,"Ohio County, West Virginia",54,2025-10-01,2025-07-01,2025-09-01,2,1,29.043028793213367,4.9084043929716685,29.394370839266948,34.0,26.0,34.0,5917.0,0.5425412293853074,0.28598200899550225,0.15668481548699334,0.05754008524457073,0.2829252150893448,0.012739907346128392,26.333333333333332,2023,False
54075,"Pocahontas County, West Virginia",54,2025-10-01,2025-07-01,2025-09-01,2,1,4.637609901581386,8.867322947574353,4.541087074308097,2.0,3.0,2.0,523.0,0.3312302839116719,0.2302839116719243,0.20806623931623933,0.10606610969851071,0.3486416558861578,0.08796895213454076,2.8333333333333335,2023,False
54077,"Preston County, West Virginia",54,2025-10-01,2025-07-01,2025-09-01,2,1,9.166449115260445,3.6857455228228564,9.273355745218517,10.0,11.0,10.0,2487.0,0.4714207947740882,0.18562874251497005,0.14147018030513175,0.062286153201592066,0.2846760959599906,0.14839415488005,7.583333333333333,2023,False
54079,"Putnam County, West Virginia",54,2025-10-01,2025-07-01,2025-09-01,2,1,17.43626115005527,4.424324067509584,17.496616546406468,15.0,24.0,15.0,3941.0,0.4140238580157114,0.22752400349141694,0.10681354261983529,0.03248483054610034,0.6039534372940918,0.0,16.75,2023,False
54081,"Raleigh County, West Virginia",54,2025-10-01,2025-07-01,2025-09-01,2,1,40.609045674755855,5.511542572578157,39.512242168594796,34.0,42.0,34.0,7368.0,0.5187414030261348,0.3313273727647868,0.21610768944969205,0.05455995008492495,0.5651710136948592,0.008877572087261717,36.916666666666664,2023,False
54083,"Randolph County, West Virginia",54,2025-10-01,2025-07-01,2025-09-01,2,1,16.138167571900503,6.792158068981693,16.917181108727554,17.0,9.0,17.0,2376.0,0.4384823848238482,0.221680216802168,0.14716921496582513,0.07004291845493563,0.36186807896003853,0.01608088589311507,13.916666666666666,2023,False
54087,"Roane County, West Virginia",54,2025-10-01,2025-07-01,2025-09-01,2,1,4.923414482070193,3.8797592451301757,5.189189256089142,3.0,3.0,3.0,1269.0,0.4789311408016444,0.14388489208633093,0.20218856438872382,0.09056122448979592,0.25230435568407733,0.005964214711729622,3.5833333333333335,2023,False
54091,"Taylor County, West Virginia",54,2025-10-01,2025-07-01,2025-09-01,2,1,6.9073719136123835,6.0750852362466,7.028255567368159,5.0,10.0,5.0,1137.0,0.3673469387755102,0.15037593984962405,0.14678329921210992,0.09609816627602372,0.25,0.012967430639324488,6.083333333333333,2023,False
54097,"Upshur County, West Virginia",54,2025-10-01,2025-07-01,2025-09-01,2,1,11.477963445299109,5.892178360009809,11.812868199807719,12.0,8.0,12.0,1948.0,0.5142495250158328,0.32678910702976566,0.1831647722187416,0.05840016450750565,0.34397163120567376,0.002816020025031289,9.916666666666666,2023,False
54099,"Wayne County, West Virginia",54,2025-10-01,2025-07-01,2025-09-01,2,1,14.871138527776157,4.2440463834977615,14.665685832887352,8.0,12.0,8.0,3504.0,0.4426460239268121,0.2079521463757917,0.1567917003362615,0.0538659793814433,0.4383922829581994,0.004180064308681672,13.083333333333334,2023,False
54103,"Wetzel County, West Virginia",54,2025-10-01,2025-07-01,2025-09-01,2,1,8.71311407672509,8.34589470950679,8.886988117670093,10.0,11.0,10.0,1044.0,0.3802145411203814,0.1632896305125149,0.16631761392359357,0.05826683985897198,0.1868354430379747,0.004556962025316456,7.583333333333333,2023,False
54107,"Wood County, West Virginia",54,2025-10-01,2025-07-01,2025-09-01,2,1,69.21097513988626,7.577290906490722,74.31847753258558,78.0,56.0,78.0,9134.0,0.5076630778974034,0.20037998733375553,0.1479488577834333,0.05616220514179698,0.2083683414552176,0.0022685262981011595,66.08333333333333,2023,False
54109,"Wyoming County, West Virginia",54,2025-10-01,2025-07-01,2025-09-01,2,1,5.252647997965631,4.006596489676301,5.475979176721711,6.0,4.0,6.0,1311.0,0.5741279069767442,0.2180232558139535,0.22567476707328787,0.05558858501783591,0.660105980317941,0.009714862477920767,3.8333333333333335,2023,True
02020,"Anchorage Municipality, Alaska",02,2025-12-01,2025-07-01,2025-09-01,2,3,134.5734625093232,3.440280760521594,134.4400960226987,150.0,133.0,150.0,39117.0,0.4783479817273529,0.20735714476531403,0.092698892957627,0.04578761966225664,0.15623725293877702,0.01825379167130196,122.75,2023,False
02090,"Fairbanks North Star Borough, Alaska",02,2025-12-01,2025-07-01,2025-09-01,2,3,24.032603605748122,1.7342043300438823,19.890102878129536,23.0,17.0,23.0,13858.0,0.47543242002142966,0.21406704423695086,0.06169332898030253,0.04926612546812124,0.10498673153471916,0.7267249004865104,17.5,2023,True
02110,"Juneau City and Borough, Alaska",02,2025-12-01,2025-07-01,2025-09-01,2,3,6.160422287177601,1.3174555789515827,5.881558398312336,2.0,2.0,2.0,4676.0,0.38553402433528616,0.1874718341595313,0.08185473576716876,0.04028408429386424,0.3298827827675445,0.5056325163647435,4.333333333333333,2023,True
02122,"Kenai Peninsula Borough, Alaska",02,2025-12-01,2025-07-01,2025-09-01,2,3,9.227999842927538,1.6624031423036458,9.05803501798901,11.0,10.0,11.0,5551.0,0.4849435382685069,0.22647427854454202,0.11615574107020665,0.0690911795329466,0.07421973056647979,0.24336875575265668,6.916666666666667,2023,True
02130,"Ketchikan Gateway Borough, Alaska",02,2025-12-01,2025-07-01,2025-09-01,2,3,5.158829019202373,2.8098197272344083,5.298564004921919,10.0,4.0,10.0,1836.0,0.4953596287703016,0.24477958236658934,0.09491129444403884,0.03476310625175217,0.3739548123109767,0.47518235189468067,3.75,2023,True
02170,"Matanuska-Susitna Borough, Alaska",02,2025-12-01,2025-07-01,2025-09-01,2,3,13.484533295238812,1.4544853085145952,11.637053023474353,14.0,9.0,14.0,9271.0,0.5298804780876494,0.2247480665573002,0.10305616101655614,0.06007390043307243,0.07665944256841893,0.1241116879189557,9.5,2023,True
04019,"Pima County, Arizona",04,2025-12-01,2025-07-01,2025-09-01,2,3,923.0300707719397,6.086139948780106,941.4520699792931,873.0,1014.0,873.0,151661.0,0.5238373210510204,0.2584482427228008,0.14352333331374773,0.056861893035906844,0.43928161219588596,0.00041534695392897333,927.25,2023,False
05005,"Baxter County, Arkansas",05,2025-12-01,2025-07-01,2025-09-01,2,3,5.464572543435675,1.1313814789721894,5.120387128798468,5.0,1.0,5.0,4830.0,0.5092223330009971,0.226321036889332,0.14457686866022398,0.056014225835132735,0.540722691689564,0.002229249831510187,3.75,2023,True
05007,"Benton County, Arkansas",05,2025-12-01,2025-07-01,2025-09-01,2,3,49.169198148838454,1.3924612202667286,41.96551162079549,37.0,38.0,37.0,35311.0,0.32072892938496583,0.12179195140470767,0.07610934056678047,0.031478837867131945,0.43296460382475593,0.0005108343317822545,45.583333333333336,2023,False
05009,"Boone County, Arkansas",05,2025-12-01,2025-07-01,2025-09-01,2,3,6.177733842538571,1.3652450480748224,5.881558398312336,1.0,3.0,1.0,4525.0,0.40356773526370215,0.17735263702171664,0.13442631734040558,0.03932223196026877,0.4564075630252101,0.0,4.833333333333333,2023,True
05031,"Craighead County, Arkansas",05,2025-12-01,2025-07-01,2025-09-01,2,3,67.65404761252928,3.824639471565904,67.93790272873915,71.0,62.0,71.0,17689.0,0.5198215744172897,0.25877992083935414,0.19067386190673863,0.05986257443884563,0.5739557626219526,0.0005996724865650299,62.166666666666664,2023,False
05033,"Crawford County, Arkansas",05,2025-12-01,2025-07-01,2025-09-01,2,3,7.4196173700645724,1.2526789414257256,7.128456838990115,2.0,5.0,2.0,5923.0,0.44922797456857405,0.17674841053587648,0.16786715693681895,0.052031469727490405,0.5385752805079586,0.0,6.083333333333333,2023,False
05035,"Crittenden County, Arkansas",05,2025-12-01,2025-07-01,2025-09-01,2,3,37.360333888745785,4.6958690156794605,36.2584958432518,43.0,38.0,43.0,7956.0,0.5082301727656101,0.27247993470276155,0.2071000855431993,0.09410492157923202,0.48544006980041443,0.0019631366561238955,33.416666666666664,2023,False
05045,"Faulkner County, Arkansas",05,2025-12-01,2025-07-01,2025-09-01,2,3,48.77211342340486,2.5981309089817204,47.525659178591994,44.0,43.0,44.0,18772.0,0.4559743016118855,0.22790110709573796,0.15025652946352966,0.032756389517955356,0.639524413702779,0.00012278475831866738,49.916666666666664,2023,False
05051,"Garland County, Arkansas",05,2025-12-01,2025-07-01,2025-09-01,2,3,17.05582412236195,1.2666783603685074,15.27285169584945,13.0,22.0,13.0,13465.0,0.4624466214518965,0.23319099053839068,0.16474563201363665,0.058701321663793486,0.6616470910835885,0.0007540788812211508,16.5,2023,False
05055,"Greene County, Arkansas",05,2025-12-01,2025-07-01,2025-09-01,2,3,6.486947190057369,1.038243788421474,6.086222162162328,7.0,6.0,7.0,6248.0,0.4764108954958163,0.2488873063913121,0.17036756852972587,0.07463932829243401,0.7581167019970992,0.0,5.083333333333333,2023,True
05069,"Jefferson County, Arkansas",05,2025-12-01,2025-07-01,2025-09-01,2,3,6.4280413999622565,0.7180564566535139,5.881558398312336,4.0,2.0,4.0,8952.0,0.481638418079096,0.20903954802259886,0.2058853068193231,0.0747585201385092,0.5359990137256514,0.0010273691131749815,4.5,2023,True
05085,"Lonoke County, Arkansas",05,2025-12-01,2025-07-01,2025-09-01,2,3,8.736703888113695,1.2279274614355158,8.410592261295324,9.0,4.0,9.0,7115.0,0.40488284450270356,0.17008028838276257,0.11147523224006717,0.044584725131631094,0.6467987202070676,0.0,6.833333333333333,2023,True
05091,"Miller County, Arkansas",05,2025-12-01,2025-07-01,2025-09-01,2,3,15.988068969167047,2.8277447770016,15.680405932822177,19.0,9.0,19.0,5654.0,0.5152733118971061,0.30144694533762056,0.21048808832074375,0.07205791570795218,0.5772178284593219,0.00042915823677273007,13.333333333333334,2023,False
05093,"Mississippi County, Arkansas",05,2025-12-01,2025-07-01,2025-09-01,2,3,9.011922551976257,1.443986949523515,8.558339970887996,11.0,1.0,11.0,6241.0,0.45008397089009144,0.23810412390371338,0.2103442936045011,0.08362760834670947,0.4322865873480268,0.0,6.833333333333333,2023,True
05111,"Poinsett County, Arkansas",05,2025-12-01,2025-07-01,2025-09-01,2,3,4.831956626474492,1.4727085115740604,4.602024618801368,3.0,1.0,3.0,3281.0,0.4718973972086005,0.17389664277631084,0.20063794420234513,0.05274858528698464,0.5083600930129554,0.0013287565053703909,2.5,2023,False
05115,"Pope County, Arkansas",05,2025-12-01,2025-07-01,2025-09-01,2,3,10.334363971447287,1.4923269272848068,9.549533567012572,9.0,10.0,9.0,6925.0,0.46202945990180033,0.22144026186579377,0.1755112820428173,0.047216081790549876,0.6784364225480829,0.0011215885016408423,7.333333333333333,2023,True
05119,"Pulaski County, Arkansas",05,2025-12-01,2025-07-01,2025-09-01,2,3,390.6334038142388,5.456078605148875,428.15397148547964,467.0,309.0,467.0,71596.0,0.47927196103281366,0.24542303522621428,0.1621972473078712,0.049350449293966626,0.46429983535257563,0.0009029052303588605,338.5833333333333,2023,False
05123,"St. Francis County, Arkansas",05,2025-12-01,2025-07-01,2025-09-01,2,3,6.724470968376922,1.9060291860478802,6.437102054198524,1.0,13.0,1.0,3528.0,0.5532399869749267,0.2666883751221101,0.27837919870497774,0.07403521044654308,0.553483060525314,0.0,5.25,2023,True
05125,"Saline County, Arkansas",05,2025-12-01,2025-07-01,2025-09-01,2,3,39.91923590633718,3.4165727410422098,36.13837487889457,43.0,22.0,43.0,11684.0,0.3885224923712964,0.17944679594448273,0.09053796168804502,0.03836042448142092,0.5800278287523443,0.000544475589344411,31.0,2023,True
05131,"Sebastian County, Arkansas",05,2025-12-01,2025-07-01,2025-09-01,2,3,5.967720653440251,0.2961794954310512,4.929725119351788,2.0,2.0,2.0,20149.0,0.4216383969179731,0.20134838675156508,0.1626734819831938,0.058144087705559906,0.5090181132220747,0.0009431964736001232,3.4166666666666665,2023,True
05139,"Union County, Arkansas",05,2025-12-01,2025-07-01,2025-09-01,2,3,6.581906036638335,1.6076956611231887,6.497592688650211,12.0,4.0,12.0,4094.0,0.4521215596330275,0.21731651376146788,0.1940515917156629,0.0436652916912198,0.515305785123967,0.0,5.083333333333333,2023,True
05143,"Washington County, Arkansas",05,2025-12-01,2025-07-01,2025-09-01,2,3,95.62303945717134,2.2539845242591774,81.38357095231262,66.0,77.0,66.0,42424.0,0.43836209090446376,0.21293327225530614,0.14786385005541752,0.04227201458241614,0.4611855405532802,0.00039804330292142834,70.66666666666667,2023,True
05145,"White County, Arkansas",05,2025-12-01,2025-07-01,2025-09-01,2,3,9.583064411624179,1.0423172081383705,9.09020479383179,10.0,13.0,10.0,9194.0,0.4989389589314692,0.17937835476220199,0.1642812862187003,0.05101713218340484,0.6469856624632925,0.0034893764035239245,7.666666666666667,2023,False
10001,"Kent County, Delaware",10,2025-12-01,2025-07-01,2025-09-01,2,3,175.42225298631422,8.627041063554353,191.20236294845918,181.0,169.0,181.0,20334.0,0.5325259149566322,0.25428390099428816,0.11288047100644301,0.054693556541767316,0.33297646067977105,0.10175153098368378,188.66666666666666,2023,False
10003,"New Castle County, Delaware",10,2025-12-01,2025-07-01,2025-09-01,2,3,625.7491360990691,8.91367838206107,657.3918202816963,675.0,506.0,675.0,70201.0,0.4675915499301833,0.23809738300076574,0.1020354277954801,0.04907556768829879,0.31274810153267874,0.09993585804443288,644.4166666666666,2023,False
10005,"Sussex County, Delaware",10,2025-12-01,2025-07-01,2025-09-01,2,3,138.2306983491362,7.149617169190865,142.2262443094221,156.0,90.0,156.0,19334.0,0.5345800786817949,0.2556588174924454,0.115000449923513,0.051221448256794,0.5177739238274248,0.07467082634939397,137.83333333333334,2023,False
12009,"Brevard County, Florida",12,2025-12-01,2025-07-01,2025-09-01,2,3,252.06926039450093,4.336004066372534,252.7598652602565,250.0,244.0,250.0,58134.0,0.5391325106508007,0.28040987219039226,0.0989520742985527,0.04833368537963083,0.87590962685945,0.0006153504122847763,269.25,2023,False
12031,"Duval County, Florida",12,2025-12-01,2025-07-01,2025-09-01,2,3,1466.5810490283247,8.632329858784447,1309.7748005348137,1427.0,1040.0,1427.0,169894.0,0.5444440969507428,0.2632306489444879,0.14619397748421148,0.044973990238021615,0.944483251427288,0.002828658805990043,1186.0833333333333,2023,False
12057,"Hillsborough County, Florida",12,2025-12-01,2025-07-01,2025-09-01,2,3,1117.3556053485204,5.034675510284774,1173.547933101729,1169.0,1158.0,1169.0,221932.0,0.5572781386570842,0.27762871317799903,0.13195051607844638,0.045432757007549056,0.9093224888508381,0.0008614065312509869,1072.1666666666667,2023,False
12069,"Lake County, Florida",12,2025-12-01,2025-07-01,2025-09-01,2,3,166.0915612429593,4.459911421362458,161.47041214259525,183.0,161.0,183.0,37241.0,0.567653577314315,0.26831278058760016,0.09457729738515613,0.050871068443489646,0.8721358967606004,0.00041386056661273936,156.5,2023,False
12081,"Manatee County, Florida",12,2025-12-01,2025-07-01,2025-09-01,2,3,196.51790131629016,4.607580157939794,195.70394767696686,197.0,174.0,197.0,42651.0,0.5830428567846127,0.28472553100784914,0.10400661889060579,0.050505368556944485,0.8815042966339078,0.0005400465270854104,182.0,2023,False
13063,"Clayton County, Georgia",13,2025-12-01,2025-07-01,2025-09-01,2,3,1484.9780219100141,30.033533328816723,1646.6444900176741,1949.0,1520.0,1949.0,49444.0,0.5753477095827485,0.3084088299094041,0.16836798863292576,0.06727765603873744,0.48373506523015164,0.0005964440573343684,1599.25,2023,False
18003,"Allen County, Indiana",18,2025-12-01,2025-07-01,2025-09-01,2,3,397.98023368828177,8.360753633080856,423.5339934346682,420.0,434.0,420.0,47601.0,0.4453072849450403,0.22513461795202705,0.12198983985071228,0.04625073902979167,0.2525959411867716,0.003171555878404234,416.75,2023,False
18005,"Bartholomew County, Indiana",18,2025-12-01,2025-07-01,2025-09-01,2,3,57.94001408212781,5.8401385023815955,59.268412027613024,48.0,42.0,48.0,9921.0,0.42551792173627095,0.2325989257919544,0.12003229239293971,0.03678836200867254,0.3871877273829736,0.001819063788503517,55.166666666666664,2023,False
18009,"Blackford County, Indiana",18,2025-12-01,2025-07-01,2025-09-01,2,3,5.071885627534759,3.802013214044047,5.120387128798468,4.0,5.0,4.0,1334.0,0.5143651529193698,0.1696014828544949,0.17493869958569375,0.05518553758325404,0.44486166007905137,0.007905138339920948,3.75,2023,True
18011,"Boone County, Indiana",18,2025-12-01,2025-07-01,2025-09-01,2,3,43.923629512500824,7.595301662199693,43.860155117054525,54.0,47.0,54.0,5783.0,0.3712121212121212,0.1331168831168831,0.05141821729737264,0.03029762511466721,0.3285387147559754,0.007263489337340776,40.416666666666664,2023,False
18017,"Cass County, Indiana",18,2025-12-01,2025-07-01,2025-09-01,2,3,17.26694868927516,4.693380997356662,17.651102913151124,20.0,19.0,20.0,3679.0,0.37303030303030305,0.12848484848484848,0.12700396717569698,0.03380876914949815,0.1806486196730099,0.001541141785044224,15.833333333333334,2023,False
18019,"Clark County, Indiana",18,2025-12-01,2025-07-01,2025-09-01,2,3,155.3041307007068,12.616095101600877,161.85941628976127,160.0,207.0,160.0,12310.0,0.47999649061238814,0.18740129847341638,0.09282567912661879,0.03759559498317528,0.4360157774886142,0.004412003903708523,155.91666666666666,2023,False
18021,"Clay County, Indiana",18,2025-12-01,2025-07-01,2025-09-01,2,3,7.449479447125794,3.1353027976118666,7.37650960125267,9.0,8.0,9.0,2376.0,0.35787847579814624,0.1380020597322348,0.10658794282162834,0.039120201282363445,0.5093444644720615,0.022957973626790626,6.5,2023,False
18023,"Clinton County, Indiana",18,2025-12-01,2025-07-01,2025-09-01,2,3,15.061254604155573,4.631382104598885,14.893891942032688,19.0,8.0,19.0,3252.0,0.38101559907069366,0.1437105874543644,0.08547754034016572,0.03147432357813363,0.21466602129719264,0.006776379477250726,14.166666666666666,2023,False
18027,"Daviess County, Indiana",18,2025-12-01,2025-07-01,2025-09-01,2,3,8.784324150072434,2.6667650728817347,8.685684504605046,4.0,5.0,4.0,3294.0,0.4404719342152306,0.18519842688594923,0.10437463748206491,0.01684583114840063,0.26927731673582295,0.01270746887966805,7.416666666666667,2023,False
18029,"Dearborn County, Indiana",18,2025-12-01,2025-07-01,2025-09-01,2,3,20.257966769867213,6.5879566731275485,20.333508250781573,25.0,18.0,25.0,3075.0,0.3867756843227871,0.18165659438322077,0.0813958133589006,0.022924719660147728,0.3853484216795712,0.024419297200714712,16.166666666666668,2023,True
18031,"Decatur County, Indiana",18,2025-12-01,2025-07-01,2025-09-01,2,3,10.553399192296153,4.044997773973228,10.572464297385453,12.0,14.0,12.0,2609.0,0.325,0.19698275862068965,0.09345143697056435,0.02628330792129529,0.3903783989351588,0.0038980794827914054,8.25,2023,True
18033,"DeKalb County, Indiana",18,2025-12-01,2025-07-01,2025-09-01,2,3,20.581568502886586,6.828655774016784,20.849672645301663,21.0,21.0,21.0,3014.0,0.3640552995391705,0.17369727047146402,0.10117816559384658,0.0411790780141844,0.2395931326434619,0.008466603951081843,18.916666666666668,2023,False
18035,"Delaware County, Indiana",18,2025-12-01,2025-07-01,2025-09-01,2,3,79.2280623326722,5.123387372780147,78.54549771479556,69.0,113.0,69.0,15464.0,0.5194622369254592,0.3175899204617442,0.19921231170224998,0.0617492960758456,0.3134182811077883,0.009773328132449183,84.25,2023,False
18037,"Dubois County, Indiana",18,2025-12-01,2025-07-01,2025-09-01,2,3,11.072951884950875,2.622679271660558,10.848155398501067,7.0,6.0,7.0,4222.0,0.3070040899795501,0.17075664621676892,0.09514535770431029,0.020859588892268913,0.3442119627018422,0.008187400500341141,9.75,2023,False
18039,"Elkhart County, Indiana",18,2025-12-01,2025-07-01,2025-09-01,2,3,167.1860552099407,8.102454938932862,177.14360514316343,216.0,143.0,216.0,20634.0,0.5036156194761369,0.2565215062402914,0.12541038394243811,0.034370755329829326,0.13322185061315497,0.0009894091415830546,159.08333333333334,2023,False
18041,"Fayette County, Indiana",18,2025-12-01,2025-07-01,2025-09-01,2,3,16.79809587576432,6.018665666701655,16.636718613603808,18.0,16.0,18.0,2791.0,0.5253115264797508,0.26479750778816197,0.16714672252771232,0.041218969988884774,0.2681717480746914,0.04156556598797342,15.25,2023,False
18043,"Floyd County, Indiana",18,2025-12-01,2025-07-01,2025-09-01,2,3,59.51905804131941,7.098277643568206,59.86191336626411,72.0,73.0,72.0,8385.0,0.44884653961885657,0.19759277833500502,0.09986434575351497,0.03841053215344923,0.43303499823565267,0.006030860039136432,64.33333333333333,2023,False
18049,"Fulton County, Indiana",18,2025-12-01,2025-07-01,2025-09-01,2,3,17.047361413680076,9.836907913260285,17.27389569510286,24.0,10.0,24.0,1733.0,0.36380832282471626,0.20491803278688525,0.12621696801112656,0.07360861759425494,0.17686388293175223,0.014255077582944368,13.25,2023,True
18051,"Gibson County, Indiana",18,2025-12-01,2025-07-01,2025-09-01,2,3,18.015654053543933,5.651083454687558,18.46276984071414,25.0,9.0,25.0,3188.0,0.3337954939341421,0.13795493934142114,0.10236049505257608,0.02925417256882429,0.37085740346609913,0.005472788081483734,13.5,2023,True
18053,"Grant County, Indiana",18,2025-12-01,2025-07-01,2025-09-01,2,3,59.695930551709864,7.902558982222645,62.48775909839459,77.0,47.0,77.0,7554.0,0.4223703703703704,0.2248888888888889,0.1883414682084712,0.06700644112313175,0.3554210113241395,0.00175654968793213,55.583333333333336,2023,False
18055,"Greene County, Indiana",18,2025-12-01,2025-07-01,2025-09-01,2,3,10.92277112492513,3.456573140799092,10.776060215914496,13.0,5.0,13.0,3160.0,0.40496198479391754,0.18567426970788314,0.1328073850988608,0.06434841323430114,0.3341679054847039,0.01181441201783898,8.916666666666666,2023,False
18057,"Hamilton County, Indiana",18,2025-12-01,2025-07-01,2025-09-01,2,3,140.9600058642106,4.46330206650024,134.60065691115446,135.0,123.0,135.0,31582.0,0.4067925025529532,0.1767302434364397,0.04349751374281129,0.02804456983388163,0.3661007276358967,0.00125402677760173,136.16666666666666,2023,False
18059,"Hancock County, Indiana",18,2025-12-01,2025-07-01,2025-09-01,2,3,46.5217288073897,7.068023215951033,51.38134118784531,42.0,31.0,42.0,6582.0,0.41890145395799677,0.12439418416801293,0.04487764004238855,0.02669143970634885,0.29715313527259196,0.0026049742603733795,43.75,2023,False
18061,"Harrison County, Indiana",18,2025-12-01,2025-07-01,2025-09-01,2,3,11.956935383693912,5.049381496492361,11.63857893714512,19.0,6.0,19.0,2368.0,0.3696808510638298,0.14202127659574468,0.0752335140362933,0.03754319013975556,0.5128019004883199,0.007786722977431701,10.833333333333334,2023,False
18063,"Hendricks County, Indiana",18,2025-12-01,2025-07-01,2025-09-01,2,3,117.1820657430964,8.034974337842595,122.22128912511249,124.0,108.0,124.0,14584.0,0.4522361359570662,0.18389982110912342,0.049965119337610504,0.024766971871648932,0.38294931575509955,0.0026124333601664665,120.5,2023,False
18065,"Henry County, Indiana",18,2025-12-01,2025-07-01,2025-09-01,2,3,24.404500124266658,5.494034246795736,24.898023434882358,28.0,25.0,28.0,4442.0,0.3708029197080292,0.13795620437956205,0.13033870120777175,0.04086845466155811,0.27193932827735645,0.020422535211267606,23.333333333333332,2023,False
18067,"Howard County, Indiana",18,2025-12-01,2025-07-01,2025-09-01,2,3,78.15991097483932,7.9093210863023,80.41934739854482,94.0,57.0,94.0,9882.0,0.49903726356325745,0.23332200702231284,0.12526624554228893,0.05721739570932854,0.2475162970764895,0.0002846650915198269,81.66666666666667,2023,False
18069,"Huntington County, Indiana",18,2025-12-01,2025-07-01,2025-09-01,2,3,14.97889002002095,4.128690744217462,15.260335429018525,21.0,18.0,21.0,3628.0,0.38833437305053026,0.14410480349344978,0.1009889206879941,0.03152121825248922,0.3282984172850857,0.020095882314310108,12.666666666666666,2023,False
18071,"Jackson County, Indiana",18,2025-12-01,2025-07-01,2025-09-01,2,3,20.855718662591677,4.430787903673608,20.734222863767926,23.0,17.0,23.0,4707.0,0.3891826923076923,0.12115384615384615,0.11222591362126245,0.030960422620594095,0.5793181177796562,0.010876303183995491,17.0,2023,False
18073,"Jasper County, Indiana",18,2025-12-01,2025-07-01,2025-09-01,2,3,10.091641389577878,4.7669538921010295,9.801259776852122,11.0,17.0,11.0,2117.0,0.4621212121212121,0.11688311688311688,0.06935404642023824,0.03890410958904109,0.12029238836802797,0.0017479739392976322,9.583333333333334,2023,False
18075,"Jay County, Indiana",18,2025-12-01,2025-07-01,2025-09-01,2,3,6.650961417573589,3.804897836140497,6.582302255928367,5.0,6.0,5.0,1748.0,0.4434907010014306,0.20314735336194564,0.1319434028298585,0.038028169014084505,0.2605855006910416,0.021108179419525065,5.416666666666667,2023,False
18077,"Jefferson County, Indiana",18,2025-12-01,2025-07-01,2025-09-01,2,3,22.502438819653154,5.795116873462054,22.328848381278043,28.0,20.0,28.0,3883.0,0.39508992292320866,0.1424493291464459,0.11248670084147402,0.040826807035562976,0.6394991731632412,0.016221749744074337,18.916666666666668,2023,False
18079,"Jennings County, Indiana",18,2025-12-01,2025-07-01,2025-09-01,2,3,8.51736674407472,3.775428521309716,8.475754590635143,5.0,8.0,5.0,2256.0,0.48664222105814564,0.19434258774227345,0.12480843269913655,0.04328621908127209,0.6548327137546468,0.01979553903345725,7.083333333333333,2023,False
18081,"Johnson County, Indiana",18,2025-12-01,2025-07-01,2025-09-01,2,3,159.09996623670494,9.925138255564875,169.2016804340776,188.0,151.0,188.0,16030.0,0.4250392464678179,0.20624018838304553,0.07227999775682765,0.0299673425275474,0.3227610423812853,0.0009591468470079496,161.33333333333334,2023,False
18083,"Knox County, Indiana",18,2025-12-01,2025-07-01,2025-09-01,2,3,17.516358583514283,3.397935709702092,17.456894530360305,20.0,11.0,20.0,5155.0,0.37692145714887343,0.16592966940408507,0.1339145139658289,0.025066899677789307,0.3310390469887492,0.006022501654533422,16.25,2023,False
18085,"Kosciusko County, Indiana",18,2025-12-01,2025-07-01,2025-09-01,2,3,37.99910738703385,5.198947514986161,38.146500124974914,40.0,47.0,40.0,7309.0,0.4500661862038535,0.21238417414325636,0.09667386060683002,0.029044037629077896,0.18300941821274452,0.0024569250637855545,42.666666666666664,2023,False
18087,"LaGrange County, Indiana",18,2025-12-01,2025-07-01,2025-09-01,2,3,10.111543147117352,4.347181060669541,10.251016684004785,18.0,6.0,18.0,2326.0,0.24822695035460993,0.127114020731042,0.057499875541394935,0.03412933220625528,0.11793189628241174,0.0029678225554514216,7.75,2023,True
18089,"Lake County, Indiana",18,2025-12-01,2025-07-01,2025-09-01,2,3,567.874151343192,10.074227879564866,588.7258987789046,635.0,400.0,635.0,56369.0,0.510427882123061,0.2707660405949675,0.14605305857536913,0.06344794596244092,0.10487197246141601,0.002372411796933955,542.4166666666666,2023,False
18091,"LaPorte County, Indiana",18,2025-12-01,2025-07-01,2025-09-01,2,3,73.42097723104017,6.607954030333919,74.99785427395301,94.0,82.0,94.0,11111.0,0.45027124773960214,0.20182841068917018,0.14011177659939725,0.0443164747120681,0.08994757446029165,0.004326824019596621,68.0,2023,False
18093,"Lawrence County, Indiana",18,2025-12-01,2025-07-01,2025-09-01,2,3,15.418292334629411,4.020415211115883,15.380714429735674,19.0,7.0,19.0,3835.0,0.4586063132817153,0.19922572960095294,0.11255645889792232,0.03422340898976413,0.4049906034662769,0.0029233660471914805,14.0,2023,False
18095,"Madison County, Indiana",18,2025-12-01,2025-07-01,2025-09-01,2,3,124.70925138157504,7.859166333600646,127.3448331188211,144.0,92.0,144.0,15868.0,0.45811895451739043,0.2530699046443027,0.12904205738222574,0.05717286679521547,0.2584069791646954,0.006585545862271256,116.25,2023,False
18097,"Marion County, Indiana",18,2025-12-01,2025-07-01,2025-09-01,2,3,2009.2201131784072,11.49275054013103,2066.1327811587516,2411.0,2052.0,2411.0,174825.0,0.5084965593438134,0.25488477104324536,0.15123951080304693,0.051069566501161644,0.4068577277379734,0.001976493841104013,2247.0833333333335,2023,False
18099,"Marshall County, Indiana",18,2025-12-01,2025-07-01,2025-09-01,2,3,13.101283870967276,3.215038986740436,13.232260012646773,12.0,8.0,12.0,4075.0,0.37833379158647235,0.18201814682430575,0.10947669305189094,0.028378857750975522,0.12533809057950163,0.005236807273982851,11.25,2023,False
18103,"Miami County, Indiana",18,2025-12-01,2025-07-01,2025-09-01,2,3,28.403994972194774,8.573496822274306,27.933887719657545,33.0,26.0,33.0,3313.0,0.4137248432860442,0.19663477400197954,0.15167701121986155,0.06474509319837057,0.24174830444611906,0.015599095704596834,26.75,2023,False
18105,"Monroe County, Indiana",18,2025-12-01,2025-07-01,2025-09-01,2,3,114.5742583075503,4.353952434259939,106.69760551076304,108.0,69.0,108.0,26315.0,0.5870525576978655,0.35543536600470665,0.20164149075463864,0.055235298871319664,0.47377454345736647,0.001990937800356996,91.41666666666667,2023,True
18107,"Montgomery County, Indiana",18,2025-12-01,2025-07-01,2025-09-01,2,3,15.55544351472424,4.515368219078154,15.303094503263969,18.0,12.0,18.0,3445.0,0.4319816873773708,0.19555264879005888,0.11946637625918867,0.03808092844930314,0.23982221077041999,0.016297346044833804,14.25,2023,False
18109,"Morgan County, Indiana",18,2025-12-01,2025-07-01,2025-09-01,2,3,38.20248174784585,8.074927446173293,38.44304305756419,42.0,38.0,42.0,4731.0,0.47279638869090046,0.24091233071988596,0.08537117596542355,0.03753910323253389,0.41208097282863637,0.01187168476888103,31.25,2023,False
18111,"Newton County, Indiana",18,2025-12-01,2025-07-01,2025-09-01,2,3,4.7465816696474326,4.2955490223053685,4.745273893029325,5.0,1.0,5.0,1105.0,0.42433234421364985,0.23837784371909002,0.13509749303621169,0.08684863523573201,0.1087461992487927,0.008048649615453407,3.0,2023,False
18113,"Noble County, Indiana",18,2025-12-01,2025-07-01,2025-09-01,2,3,26.90206062709412,6.298773267874999,25.59718641269078,22.0,41.0,22.0,4271.0,0.4258213552361396,0.14707392197125257,0.08501022274830518,0.03128689492325856,0.25552278671192474,0.005119358967224974,28.833333333333332,2023,False
18117,"Orange County, Indiana",18,2025-12-01,2025-07-01,2025-09-01,2,3,7.542351295302831,4.441903000767274,7.747178788347191,7.0,5.0,7.0,1698.0,0.46897931954636424,0.171447631754503,0.13258160848522293,0.029186023025651382,0.3337503127345509,0.010007505629221916,6.416666666666667,2023,False
18123,"Perry County, Indiana",18,2025-12-01,2025-07-01,2025-09-01,2,3,5.763002052858966,2.966032965959324,5.881558398312336,6.0,3.0,6.0,1943.0,0.4015792442188381,0.18048505358150027,0.1283635750800517,0.05066303978238694,0.3138949812927364,0.0024512966068894336,5.0,2023,False
18127,"Porter County, Indiana",18,2025-12-01,2025-07-01,2025-09-01,2,3,79.26774011366201,5.112068883894106,80.41934739854482,93.0,68.0,93.0,15506.0,0.49362064077119366,0.23376807485114828,0.09224135402305594,0.04435213873094776,0.10166203764934091,0.0014401387235668415,81.66666666666667,2023,False
18129,"Posey County, Indiana",18,2025-12-01,2025-07-01,2025-09-01,2,3,7.398070179059397,4.0206903147061945,7.537768372172556,8.0,7.0,8.0,1840.0,0.38988476312419973,0.2528809218950064,0.09851263654318997,0.022504420511171838,0.42716650438169423,0.0012658227848101266,6.333333333333333,2023,False
18133,"Putnam County, Indiana",18,2025-12-01,2025-07-01,2025-09-01,2,3,7.695655590059163,2.0815946957152187,7.747178788347191,10.0,5.0,10.0,3697.0,0.4297760977028206,0.06687990694969467,0.08066604995374653,0.020884450784593438,0.3879113018597997,0.03927038626609442,6.416666666666667,2023,False
18135,"Randolph County, Indiana",18,2025-12-01,2025-07-01,2025-09-01,2,3,7.792929689502955,3.4000565835527725,7.817448067181845,9.0,7.0,9.0,2292.0,0.4881253158160687,0.20717534108135421,0.15003130870381967,0.05417782770241079,0.2908073070123748,0.02052641917108623,6.5,2023,False
18137,"Ripley County, Indiana",18,2025-12-01,2025-07-01,2025-09-01,2,3,7.531136449925363,2.9897326121180483,7.537768372172556,10.0,10.0,10.0,2519.0,0.4720908230842006,0.26348155156102177,0.09587791615506051,0.031747079400699624,0.37953504755195494,0.010390982740401549,6.0,2023,True
18139,"Rush County, Indiana",18,2025-12-01,2025-07-01,2025-09-01,2,3,5.763002052858966,3.2522584948414033,5.881558398312336,3.0,3.0,3.0,1772.0,0.3705103969754253,0.18399495904221802,0.13003227967598513,0.05667366341523645,0.2795488721804511,0.020451127819548873,5.0,2023,False
18141,"St. Joseph County, Indiana",18,2025-12-01,2025-07-01,2025-09-01,2,3,274.09599230111246,8.217292010466256,293.8441116054717,275.0,322.0,275.0,33356.0,0.5048897411313519,0.2547778843080857,0.14584932011418397,0.05037358576341279,0.15361898976683333,0.0014485304425026868,252.91666666666666,2023,False
18143,"Scott County, Indiana",18,2025-12-01,2025-07-01,2025-09-01,2,3,20.3839190338918,7.577665068361265,20.502052665045742,23.0,11.0,23.0,2690.0,0.4036815068493151,0.14554794520547945,0.14735007862637597,0.033672670321064996,0.6343260350731555,0.011621874027186884,18.416666666666668,2023,False
18145,"Shelby County, Indiana",18,2025-12-01,2025-07-01,2025-09-01,2,3,28.676974885983878,6.033447272456107,28.39773627898289,25.0,28.0,25.0,4753.0,0.3988750878837591,0.2010780407780642,0.11507945477971926,0.04049234516353514,0.37850647561311657,0.02243042160374759,28.5,2023,False
18147,"Spencer County, Indiana",18,2025-12-01,2025-07-01,2025-09-01,2,3,4.7465816696474326,3.170729238241438,4.602024618801368,4.0,2.0,4.0,1497.0,0.3894230769230769,0.10096153846153846,0.06635216900830684,0.03409427809072043,0.3377616242636922,0.003383882692066675,2.5833333333333335,2023,False
18149,"Starke County, Indiana",18,2025-12-01,2025-07-01,2025-09-01,2,3,5.071885627534759,3.5617174350665444,5.157950675875648,7.0,2.0,7.0,1424.0,0.39198036006546644,0.16202945990180032,0.1484016286927142,0.0337603018568166,0.0992235670244348,0.0,3.75,2023,True
18151,"Steuben County, Indiana",18,2025-12-01,2025-07-01,2025-09-01,2,3,11.801906974179483,4.326212233936761,11.480189663723579,10.0,7.0,10.0,2728.0,0.3671653861706429,0.17185604528912252,0.08811959087332809,0.0708930170098478,0.14217217580820923,0.0034871049763893934,11.916666666666666,2023,False
18153,"Sullivan County, Indiana",18,2025-12-01,2025-07-01,2025-09-01,2,3,5.763002052858966,3.070326080372385,5.881558398312336,7.0,3.0,7.0,1877.0,0.3870146403564608,0.20623806492679822,0.1346921168985226,0.0508547468014192,0.38924256203715735,0.012342471092633494,4.833333333333333,2023,False
18157,"Tippecanoe County, Indiana",18,2025-12-01,2025-07-01,2025-09-01,2,3,157.8113924165666,4.600512853586176,162.88505580269788,168.0,154.0,168.0,34303.0,0.580127068081401,0.3039958718998936,0.1900329195488326,0.029197613285487773,0.3648592353692132,0.0008331653564469529,147.66666666666666,2023,False
18163,"Vanderburgh County, Indiana",18,2025-12-01,2025-07-01,2025-09-01,2,3,237.69968030180294,8.666946703923392,243.81127855373225,283.0,227.0,283.0,27426.0,0.4602830845386341,0.2376440559981437,0.14364866575377144,0.04405120885960488,0.37686209487292416,0.0014896758983393352,235.75,2023,False
18165,"Vermillion County, Indiana",18,2025-12-01,2025-07-01,2025-09-01,2,3,5.763002052858966,3.404017751245698,5.881558398312336,5.0,2.0,5.0,1693.0,0.4443037974683544,0.14810126582278482,0.1328052805280528,0.05977584059775841,0.41036585365853656,0.003048780487804878,4.5,2023,True
18167,"Vigo County, Indiana",18,2025-12-01,2025-07-01,2025-09-01,2,3,80.43296523465729,5.152326259346441,80.43036937505386,92.0,77.0,92.0,15611.0,0.5624347826086956,0.30594782608695653,0.20028800908648386,0.06090710188634617,0.46700316938607817,0.008639511679774621,79.83333333333333,2023,False
18169,"Wabash County, Indiana",18,2025-12-01,2025-07-01,2025-09-01,2,3,10.30334149200783,4.188350200003183,10.255402950031447,8.0,7.0,8.0,2460.0,0.41620879120879123,0.1575091575091575,0.10745245845468562,0.0356906807666887,0.2890712123625936,0.010673888800382348,8.083333333333334,2023,True
18173,"Warrick County, Indiana",18,2025-12-01,2025-07-01,2025-09-01,2,3,28.369997617588485,6.573215388690566,27.877784991136185,27.0,28.0,27.0,4316.0,0.35007458975634015,0.19965191447041272,0.06375047187617969,0.028582580238388326,0.3608535449649755,0.0019030651496133133,29.916666666666668,2023,False
18175,"Washington County, Indiana",18,2025-12-01,2025-07-01,2025-09-01,2,3,9.159740311411307,4.706958022307969,9.318724727581118,8.0,7.0,8.0,1946.0,0.4258461538461538,0.2473846153846154,0.13460078794231395,0.03607682757613379,0.5136438057122067,0.00909587047480444,7.0,2023,True
18177,"Wayne County, Indiana",18,2025-12-01,2025-07-01,2025-09-01,2,3,59.34948943374319,7.307250607454222,60.65746537360883,83.0,64.0,83.0,8122.0,0.48518762343647137,0.24147465437788018,0.16870614343538531,0.053316567117258726,0.2705645462003132,0.04970542173167276,62.833333333333336,2023,False
18179,"Wells County, Indiana",18,2025-12-01,2025-07-01,2025-09-01,2,3,11.724871089041732,4.336120964882298,11.40046435257398,12.0,8.0,12.0,2704.0,0.3643379366368806,0.16003249390739235,0.07216979426546624,0.020780984719864178,0.2973591549295775,0.017869718309859155,10.5,2023,False
18181,"White County, Indiana",18,2025-12-01,2025-07-01,2025-09-01,2,3,7.194525797251652,3.5284579682450476,7.180751737270958,6.0,9.0,6.0,2039.0,0.4281115879828326,0.21781115879828325,0.09959700633275763,0.047534165181224004,0.16948808920425748,0.006386213887480993,6.083333333333333,2023,False
18183,"Whitley County, Indiana",18,2025-12-01,2025-07-01,2025-09-01,2,3,11.77457584410939,4.270792834279794,11.436897133495801,8.0,13.0,8.0,2757.0,0.40058357649020426,0.1271363067944977,0.1069028531006838,0.04459376908979841,0.25787924474118745,0.014789288534711752,11.583333333333334,2023,False
21003,"Allen County, Kentucky",21,2025-12-01,2025-07-01,2025-09-01,2,3,6.9303205928397436,3.7953562939976693,6.905402816443384,3.0,10.0,3.0,1826.0,0.4586699813548788,0.15786202610316968,0.1504121872438895,0.0753262768471894,0.7573866530820174,0.0014009169638308711,5.666666666666667,2023,False
21009,"Barren County, Kentucky",21,2025-12-01,2025-07-01,2025-09-01,2,3,26.48405407373135,4.2300038450297635,26.417735699512278,19.0,30.0,19.0,6261.0,0.46484375,0.27201704545454547,0.21046976797348269,0.04828226555246054,0.5459603828177164,0.008513242822167817,25.333333333333332,2023,False
21013,"Bell County, Kentucky",21,2025-12-01,2025-07-01,2025-09-01,2,3,11.566333876874609,3.1184507621662467,11.116951917865444,13.0,10.0,13.0,3709.0,0.569188820722563,0.267211997273347,0.27104864864864864,0.1051047284585476,0.7706277556162082,0.007453285744278816,10.666666666666666,2023,False
21015,"Boone County, Kentucky",21,2025-12-01,2025-07-01,2025-09-01,2,3,95.69991877973251,8.146060502190373,98.76759513129444,120.0,83.0,120.0,11748.0,0.4110271067674719,0.20929374884750138,0.06597734022659774,0.028462659080289162,0.48032418903080987,0.013686656999265013,103.75,2023,False
21017,"Bourbon County, Kentucky",21,2025-12-01,2025-07-01,2025-09-01,2,3,11.135657327925385,3.8949483483474587,10.629723832050152,4.0,11.0,4.0,2859.0,0.4254368143031288,0.28118650954896385,0.1366783743100853,0.043856854624615055,0.5847687007874016,0.007012795275590551,11.666666666666666,2023,False
21019,"Boyd County, Kentucky",21,2025-12-01,2025-07-01,2025-09-01,2,3,18.73975717700811,3.1180960361078385,17.694085370989633,14.0,12.0,14.0,6010.0,0.4577410679984633,0.2330003841721091,0.17719538431449247,0.0658022533022533,0.4585086243163652,0.004206983592763988,15.75,2023,False
21021,"Boyle County, Kentucky",21,2025-12-01,2025-07-01,2025-09-01,2,3,15.787636100152762,4.378157543026279,15.303094503263969,20.0,7.0,20.0,3606.0,0.4371520656314093,0.2683855845297392,0.14204974981100832,0.05886190648785792,0.5835168558360155,0.0,14.0,2023,False
21029,"Bullitt County, Kentucky",21,2025-12-01,2025-07-01,2025-09-01,2,3,37.59255883252789,7.43229711991457,36.931129912903465,42.0,44.0,42.0,5058.0,0.43283261802575107,0.2034334763948498,0.09528414791890814,0.04113680590125356,0.4708989657915672,0.0024502784407319012,35.5,2023,False
21035,"Calloway County, Kentucky",21,2025-12-01,2025-07-01,2025-09-01,2,3,11.044875836790538,2.0162241396112703,10.776060215914496,13.0,10.0,13.0,5478.0,0.47060063224446785,0.23898840885142256,0.17238215391673356,0.043546894562081544,0.5240620442794645,0.00490521012859605,8.916666666666666,2023,False
21037,"Campbell County, Kentucky",21,2025-12-01,2025-07-01,2025-09-01,2,3,59.398108837218146,5.226406408906128,59.57510070231738,57.0,51.0,57.0,11365.0,0.4804453592814371,0.26075973053892215,0.10752022635837129,0.03687059340483752,0.42684543230016314,0.012897634584013051,55.25,2023,False
21041,"Carroll County, Kentucky",21,2025-12-01,2025-07-01,2025-09-01,2,3,6.40061346537324,4.374992115771183,6.420157191074641,9.0,4.0,9.0,1463.0,0.3630907726931733,0.13053263315828958,0.18896968552271226,0.06936416184971098,0.5077073648152679,0.016638120871054565,5.166666666666667,2023,False
21043,"Carter County, Kentucky",21,2025-12-01,2025-07-01,2025-09-01,2,3,4.7895037031413885,2.1429546770207555,4.745273893029325,3.0,1.0,3.0,2235.0,0.41933534743202416,0.22779456193353476,0.19565974236973424,0.04119373776908024,0.602931250602642,0.0046282904252241824,3.0833333333333335,2023,False
21045,"Casey County, Kentucky",21,2025-12-01,2025-07-01,2025-09-01,2,3,4.811525835030701,3.612256632905932,4.929725119351788,4.0,3.0,4.0,1332.0,0.5725190839694656,0.21564885496183206,0.24440719489394624,0.08935676392572944,0.7336335853305452,0.00707736850571015,3.5,2023,False
21047,"Christian County, Kentucky",21,2025-12-01,2025-07-01,2025-09-01,2,3,55.48574081287777,4.517647029219815,54.772507392797706,64.0,52.0,64.0,12282.0,0.4781021897810219,0.23482285917749687,0.1721830671781604,0.07759158222915043,0.6052344601962922,0.004985200186945007,58.25,2023,False
21049,"Clark County, Kentucky",21,2025-12-01,2025-07-01,2025-09-01,2,3,18.62876620885072,4.373976569347434,18.166205960831842,17.0,24.0,17.0,4259.0,0.4498992950654582,0.15634441087613293,0.12943413908106172,0.04839977540707468,0.5925405115843043,0.004486406856836748,21.833333333333332,2023,False
21051,"Clay County, Kentucky",21,2025-12-01,2025-07-01,2025-09-01,2,3,5.071885627534759,3.148284064267386,5.120387128798468,1.0,1.0,1.0,1611.0,0.6164383561643836,0.36164383561643837,0.3176495980143528,0.10214446952595936,0.5551685706324881,0.0678461967121761,3.75,2023,True
21059,"Daviess County, Kentucky",21,2025-12-01,2025-07-01,2025-09-01,2,3,39.994725336410106,2.9240185214512433,35.67147170543516,30.0,36.0,30.0,13678.0,0.4271062271062271,0.20293040293040293,0.15246154611976703,0.04445202592867607,0.32091746240007774,0.0012391573729863693,37.833333333333336,2023,False
21065,"Estill County, Kentucky",21,2025-12-01,2025-07-01,2025-09-01,2,3,4.7465816696474326,2.910227878385918,4.745273893029325,3.0,2.0,3.0,1631.0,0.42644757433489827,0.21439749608763695,0.2196415770609319,0.07209344770943603,0.5177966101694915,0.02271186440677966,3.0,2023,False
21067,"Fayette County, Kentucky",21,2025-12-01,2025-07-01,2025-09-01,2,3,374.1187730574261,5.852738854501206,381.8955307258565,424.0,401.0,424.0,63922.0,0.4966376254679167,0.2532547122933713,0.1568367300709982,0.05000535811980756,0.5722589493697525,0.0009361189524175816,391.4166666666667,2023,False
21071,"Floyd County, Kentucky",21,2025-12-01,2025-07-01,2025-09-01,2,3,10.63219712883085,2.6376078215903873,10.572464297385453,11.0,9.0,11.0,4031.0,0.4662433155080214,0.26336898395721925,0.266,0.0712223291626564,0.6221991701244813,0.021300138312586446,8.166666666666666,2023,True
21073,"Franklin County, Kentucky",21,2025-12-01,2025-07-01,2025-09-01,2,3,51.91652773414186,6.462102033126944,51.88447308753628,57.0,50.0,57.0,8034.0,0.430761168609983,0.2162976549194288,0.13414022199474118,0.05634238836003405,0.5305126840518006,0.001507894270001774,54.083333333333336,2023,False
21079,"Garrard County, Kentucky",21,2025-12-01,2025-07-01,2025-09-01,2,3,5.4026065631997655,4.028789383445015,5.5458230862413815,7.0,3.0,7.0,1341.0,0.5004492362982929,0.25157232704402516,0.17076734264508212,0.06108424535505218,0.7086792452830188,0.01660377358490566,4.0,2023,True
21081,"Grant County, Kentucky",21,2025-12-01,2025-07-01,2025-09-01,2,3,10.443143567847171,4.311785122975711,9.95695252125958,6.0,8.0,6.0,2422.0,0.38873626373626374,0.17307692307692307,0.1227525598645489,0.047380932863349455,0.5722793719545208,0.05793178126691933,10.416666666666666,2023,False
21083,"Graves County, Kentucky",21,2025-12-01,2025-07-01,2025-09-01,2,3,10.767914645491397,3.221997200925014,10.686081461527289,8.0,12.0,8.0,3342.0,0.479942175641489,0.2544271774485002,0.2052148854221508,0.039984958636249686,0.3756359525155455,0.0057942340305257205,9.083333333333334,2023,False
21085,"Grayson County, Kentucky",21,2025-12-01,2025-07-01,2025-09-01,2,3,6.886652682900658,2.963275681110438,6.811350182219999,5.0,4.0,5.0,2324.0,0.3431952662721893,0.1635287789133943,0.1929750479846449,0.05066022266332959,0.6799017601309865,0.0007163323782234957,5.416666666666667,2023,True
21089,"Greenup County, Kentucky",21,2025-12-01,2025-07-01,2025-09-01,2,3,6.032635929648157,2.1196893638960494,6.219273802907025,6.0,8.0,6.0,2846.0,0.41301460823373176,0.2501106684373617,0.15102308724066094,0.05764167936815851,0.4445890410958904,0.007945205479452055,5.083333333333333,2023,False
21093,"Hardin County, Kentucky",21,2025-12-01,2025-07-01,2025-09-01,2,3,56.03277493837321,3.4197604478714196,54.490542150531994,48.0,39.0,48.0,16385.0,0.3558081797987717,0.17679341434731477,0.11665388276391057,0.06687262915020922,0.705829596412556,0.002828561572956192,53.25,2023,False
21097,"Harrison County, Kentucky",21,2025-12-01,2025-07-01,2025-09-01,2,3,5.763002052858966,2.6879673754006372,5.881558398312336,6.0,4.0,6.0,2144.0,0.4,0.2843501326259947,0.1637215817261071,0.028910981602102617,0.5714877745544965,0.041304047520375746,4.916666666666667,2023,False
21101,"Henderson County, Kentucky",21,2025-12-01,2025-07-01,2025-09-01,2,3,26.638561977912115,4.044725474933513,26.057363867792578,21.0,19.0,21.0,6586.0,0.4703667321545514,0.2405042567125082,0.1544601692777026,0.030078163648956168,0.5199371546213024,0.002112904973453245,24.25,2023,False
21103,"Henry County, Kentucky",21,2025-12-01,2025-07-01,2025-09-01,2,3,5.763002052858966,3.8755898136240527,5.881558398312336,2.0,7.0,2.0,1487.0,0.5567846607669616,0.20943952802359883,0.16608157273249505,0.03871681415929203,0.5430291198958842,0.002277533756303888,4.75,2023,False
21107,"Hopkins County, Kentucky",21,2025-12-01,2025-07-01,2025-09-01,2,3,18.63479353871495,3.6310977277308942,18.21578773799054,28.0,7.0,28.0,5132.0,0.4196675900277008,0.21283471837488457,0.19161062350393251,0.06422205245734658,0.5085585337663052,0.00044031041884528595,16.416666666666668,2023,False
21111,"Jefferson County, Kentucky",21,2025-12-01,2025-07-01,2025-09-01,2,3,1171.6056963221702,9.315166062319479,1199.593094956121,1317.0,1196.0,1317.0,125774.0,0.4575029778750222,0.22469651018391018,0.14526133381570702,0.047994880546075085,0.37971474717054454,0.0021372710934084616,1302.6666666666667,2023,False
21113,"Jessamine County, Kentucky",21,2025-12-01,2025-07-01,2025-09-01,2,3,28.965865365303973,4.797261570934742,28.454885384967724,33.0,29.0,33.0,6038.0,0.420810476021943,0.20580428242788887,0.10497682081146316,0.032050073526639265,0.6178671417663527,0.0037159582590990075,27.166666666666668,2023,False
21117,"Kenton County, Kentucky",21,2025-12-01,2025-07-01,2025-09-01,2,3,129.8120379315359,6.409521450231369,128.43817994001853,133.0,125.0,133.0,20253.0,0.4313860130995141,0.19559476019437988,0.11934501504823763,0.0377907917300288,0.4116846419007885,0.014557720474013582,128.33333333333334,2023,False
21119,"Knott County, Kentucky",21,2025-12-01,2025-07-01,2025-09-01,2,3,5.4026065631997655,3.39786576301872,5.5458230862413815,4.0,2.0,4.0,1590.0,0.536046511627907,0.35930232558139535,0.25921004060538944,0.11628383921246924,0.5691997063142438,0.006424375917767988,3.9166666666666665,2023,True
21121,"Knox County, Kentucky",21,2025-12-01,2025-07-01,2025-09-01,2,3,11.036649381501869,2.8291846658553883,10.552139622935456,6.0,11.0,6.0,3901.0,0.4522382798731054,0.25696157913288686,0.36733230926779314,0.0790182270091135,0.6334981458590853,0.018099947024545295,10.0,2023,False
21125,"Laurel County, Kentucky",21,2025-12-01,2025-07-01,2025-09-01,2,3,25.727558779971183,3.7868058257243424,25.29911945578141,30.0,16.0,30.0,6794.0,0.44068120933792576,0.23478760045924224,0.21312359110065668,0.03581478639038117,0.8122508915460457,0.01040486679253199,23.916666666666668,2023,False
21133,"Letcher County, Kentucky",21,2025-12-01,2025-07-01,2025-09-01,2,3,5.798837335587928,2.5300337415305094,5.881558398312336,3.0,6.0,3.0,2292.0,0.450469992769342,0.21402747650036152,0.26761039713982027,0.05833108290575209,0.776144376718059,0.009919923509023544,4.416666666666667,2023,True
21137,"Lincoln County, Kentucky",21,2025-12-01,2025-07-01,2025-09-01,2,3,5.763002052858966,2.6754884182260756,5.881558398312336,3.0,6.0,3.0,2154.0,0.4314420803782506,0.19148936170212766,0.18539769656147354,0.07599844901124467,0.7492771581990912,0.00795125980999587,4.583333333333333,2023,True
21145,"McCracken County, Kentucky",21,2025-12-01,2025-07-01,2025-09-01,2,3,35.70628408097772,4.0164549022472125,34.85328844452827,39.0,31.0,39.0,8890.0,0.4402726294391965,0.20363505918928615,0.153332529466735,0.030559188490860954,0.4215560523326126,0.0011360721222560195,30.25,2023,False
21147,"McCreary County, Kentucky",21,2025-12-01,2025-07-01,2025-09-01,2,3,4.7465816696474326,3.3169683226047746,4.602024618801368,2.0,1.0,2.0,1431.0,0.39575289575289574,0.21621621621621623,0.35143644234553323,0.02312022517088862,0.7020554066130473,0.025915996425379804,2.75,2023,False
21151,"Madison County, Kentucky",21,2025-12-01,2025-07-01,2025-09-01,2,3,46.34709561710967,3.356782473897999,43.69891478071388,41.0,51.0,41.0,13807.0,0.4402907580477674,0.20808371275660995,0.1581078781691339,0.05259989621172807,0.8072000435706116,0.0036762703556451172,46.583333333333336,2023,False
21155,"Marion County, Kentucky",21,2025-12-01,2025-07-01,2025-09-01,2,3,5.861792716028263,3.4001117842391313,6.086222162162328,8.0,4.0,8.0,1724.0,0.4684931506849315,0.1184931506849315,0.1950297999148574,0.0550275724510149,0.6407114624505929,0.001844532279314888,5.083333333333333,2023,False
21157,"Marshall County, Kentucky",21,2025-12-01,2025-07-01,2025-09-01,2,3,5.798837335587928,2.459218547747213,5.881558398312336,4.0,2.0,4.0,2358.0,0.5422606924643585,0.26120162932790225,0.1340442720956536,0.03717368604246432,0.4040304182509506,0.0028897338403041824,4.416666666666667,2023,True
21161,"Mason County, Kentucky",21,2025-12-01,2025-07-01,2025-09-01,2,3,6.40061346537324,2.941458394013438,6.420157191074641,8.0,3.0,8.0,2176.0,0.4016268429079817,0.22928317234367057,0.18379186602870815,0.04844704008494823,0.5529089071748231,0.0023098022231846397,5.166666666666667,2023,False
21163,"Meade County, Kentucky",21,2025-12-01,2025-07-01,2025-09-01,2,3,8.059441388475417,2.7829562805509034,8.008181592631393,7.0,5.0,7.0,2896.0,0.40454545454545454,0.17272727272727273,0.1373879168485744,0.03747727590546777,0.645119466567883,0.0009260974254491572,6.75,2023,False
21167,"Mercer County, Kentucky",21,2025-12-01,2025-07-01,2025-09-01,2,3,7.542351295302831,3.6105080398768936,7.747178788347191,9.0,7.0,9.0,2089.0,0.41023017902813297,0.19079283887468032,0.11350319602272728,0.028568716780561883,0.7052643099485608,0.0007661157929298456,6.416666666666667,2023,False
21173,"Montgomery County, Kentucky",21,2025-12-01,2025-07-01,2025-09-01,2,3,9.955483433285675,2.696501471637507,9.835387244594878,8.0,8.0,8.0,3692.0,0.2524486571879937,0.16619273301737758,0.152429354094579,0.040893924109567784,0.6742465753424658,0.004748858447488584,8.583333333333334,2023,False
21177,"Muhlenberg County, Kentucky",21,2025-12-01,2025-07-01,2025-09-01,2,3,8.48368629750374,3.934919432979471,8.393607607810592,6.0,8.0,6.0,2156.0,0.455842018650576,0.17882611080636313,0.17780938833570412,0.0406308266003729,0.6105386613051855,0.0,7.25,2023,False
21179,"Nelson County, Kentucky",21,2025-12-01,2025-07-01,2025-09-01,2,3,11.915988014043533,2.790629511485605,11.810945927530819,9.0,16.0,9.0,4270.0,0.44447544642857145,0.22293526785714285,0.09707818752958389,0.03058302967204581,0.7314632458615,0.016128173737158674,11.416666666666666,2023,False
21181,"Nicholas County, Kentucky",21,2025-12-01,2025-07-01,2025-09-01,2,3,4.7465816696474326,6.077569359343703,4.602024618801368,3.0,4.0,3.0,781.0,0.3704819277108434,0.26656626506024095,0.18524416135881103,0.07162619120811559,0.590528233151184,0.009836065573770493,1.8333333333333333,2023,False
21185,"Oldham County, Kentucky",21,2025-12-01,2025-07-01,2025-09-01,2,3,16.99426528941863,6.334053406417679,16.64414616548478,12.0,16.0,12.0,2683.0,0.3876451077943615,0.1322553897180763,0.03960778855225104,0.033454228927897865,0.45255376942601416,0.002315536358373781,17.083333333333332,2023,False
21191,"Pendleton County, Kentucky",21,2025-12-01,2025-07-01,2025-09-01,2,3,4.811525835030701,3.469016463612618,4.929725119351788,6.0,5.0,6.0,1387.0,0.33506044905008636,0.2392055267702936,0.14331409498644043,0.048839184597961494,0.46052878304894057,0.04012750796924808,3.5,2023,False
21193,"Perry County, Kentucky",21,2025-12-01,2025-07-01,2025-09-01,2,3,5.866658976030296,1.8677679006782222,5.881558398312336,3.0,5.0,3.0,3141.0,0.5078512396694215,0.18181818181818182,0.2553144211539886,0.05862884160756501,0.7359426193217037,0.009740547241654123,5.083333333333333,2023,False
21195,"Pike County, Kentucky",21,2025-12-01,2025-07-01,2025-09-01,2,3,13.237360131858033,2.178272195467835,12.496161925726128,10.0,10.0,10.0,6077.0,0.5651279707495429,0.3071297989031079,0.2504535591049767,0.061576113558492414,0.7867806454251708,0.013742893369871978,11.75,2023,False
21199,"Pulaski County, Kentucky",21,2025-12-01,2025-07-01,2025-09-01,2,3,21.72583190675557,2.978997930447768,20.203205986194096,21.0,14.0,21.0,7293.0,0.4834957560515561,0.2720842502357749,0.20270565132009602,0.05238517467636106,0.8231867283950617,0.014544753086419754,17.583333333333332,2023,False
21205,"Rowan County, Kentucky",21,2025-12-01,2025-07-01,2025-09-01,2,3,10.068097907625965,2.9182892485872363,9.91820299856144,11.0,11.0,11.0,3450.0,0.47609756097560973,0.22276422764227644,0.24518453508245183,0.043378020664332675,0.7006955591225255,0.0,8.583333333333334,2023,False
21209,"Scott County, Kentucky",21,2025-12-01,2025-07-01,2025-09-01,2,3,31.8680106841873,5.1725386599882,31.182800614643373,34.0,23.0,34.0,6161.0,0.3879003558718861,0.14875444839857652,0.10441562098519913,0.03954524605202805,0.7113793571137935,0.0046566300465663004,36.666666666666664,2023,False
21211,"Shelby County, Kentucky",21,2025-12-01,2025-07-01,2025-09-01,2,3,19.956508617156235,4.308399960525958,19.867787931748502,25.0,11.0,25.0,4632.0,0.3595345523628592,0.13132272619330326,0.08614041777890767,0.028474711270410194,0.4870028011204482,0.00784313725490196,16.583333333333332,2023,False
21213,"Simpson County, Kentucky",21,2025-12-01,2025-07-01,2025-09-01,2,3,10.479858992688394,4.043155475574226,10.387140184225903,11.0,14.0,11.0,2592.0,0.4556135770234987,0.25630983463881635,0.15118028534370948,0.039491941509232575,0.5359604629990896,0.0,9.25,2023,False
21217,"Taylor County, Kentucky",21,2025-12-01,2025-07-01,2025-09-01,2,3,13.085351501203583,4.016375537508773,12.822601748716899,12.0,9.0,12.0,3258.0,0.37958590628405375,0.17798764983654194,0.16633980388232938,0.05042926753809266,0.551219512195122,0.0016923842707814833,12.166666666666666,2023,False
21225,"Union County, Kentucky",21,2025-12-01,2025-07-01,2025-09-01,2,3,5.763002052858966,3.977227089619715,5.881558398312336,6.0,7.0,6.0,1449.0,0.3341404358353511,0.20581113801452786,0.17388321390455863,0.030654658815379286,0.5146255850234009,0.0033151326053042123,4.5,2023,True
21227,"Warren County, Kentucky",21,2025-12-01,2025-07-01,2025-09-01,2,3,138.05982104779022,5.882896755061796,128.43817994001853,126.0,123.0,126.0,23468.0,0.4644103600293902,0.2544085231447465,0.16793069382171896,0.04544138929088278,0.5682740554899646,0.0021768004722550176,135.83333333333334,2023,False
21235,"Whitley County, Kentucky",21,2025-12-01,2025-07-01,2025-09-01,2,3,9.808676741323088,2.1724643945344604,9.746979165283337,6.0,9.0,6.0,4515.0,0.411702688455456,0.19662625197680547,0.25053551538000174,0.05182288029054337,0.5619749447310243,0.005600589535740604,8.25,2023,False
21239,"Woodford County, Kentucky",21,2025-12-01,2025-07-01,2025-09-01,2,3,9.494907215231212,3.107989268488122,9.280628130599965,3.0,6.0,3.0,3055.0,0.45737051792828687,0.14262948207171314,0.10045385779122541,0.035222700642337824,0.5581308759192032,0.001954761239877129,8.083333333333334,2023,False
27003,"Anoka County, Minnesota",27,2025-12-01,2025-07-01,2025-09-01,2,3,61.313755591180765,2.247324546097598,53.833086974542724,63.0,72.0,63.0,27283.0,0.5117421335379893,0.23683806600153492,0.06646246569918668,0.039248339607023904,0.12277944643132532,0.002078269235005985,59.833333333333336,2023,False
27009,"Benton County, Minnesota",27,2025-12-01,2025-07-01,2025-09-01,2,3,12.386743744457036,2.336239861270659,12.233846783043804,14.0,11.0,14.0,5302.0,0.35186656076250994,0.17990468625893566,0.09763524298308081,0.04045208587886193,0.2589426458105978,0.014308233296956468,11.166666666666666,2023,False
27013,"Blue Earth County, Minnesota",27,2025-12-01,2025-07-01,2025-09-01,2,3,13.42705545836146,1.2915597786034494,11.02980513321024,8.0,13.0,8.0,10396.0,0.4696923234181744,0.24767453746294593,0.16279282159002695,0.041885871070053114,0.18397527866681382,0.005297428539896259,11.25,2023,False
27019,"Carver County, Minnesota",27,2025-12-01,2025-07-01,2025-09-01,2,3,18.326949410703524,2.491090038154618,17.08398959704692,20.0,14.0,20.0,7357.0,0.408905745188931,0.16168001123753337,0.04220933371812655,0.031036724081897952,0.13969327135790807,0.0061395441326340386,16.833333333333332,2023,False
27025,"Chisago County, Minnesota",27,2025-12-01,2025-07-01,2025-09-01,2,3,6.759018090951883,2.214619295855794,6.661097370656965,7.0,5.0,7.0,3052.0,0.5192719486081371,0.27944325481798715,0.05932248790156967,0.03892388788891746,0.11678900809335592,0.008516845473367212,5.25,2023,True
27027,"Clay County, Minnesota",27,2025-12-01,2025-07-01,2025-09-01,2,3,17.511175511975388,2.023477641781302,17.315641987581877,18.0,2.0,18.0,8654.0,0.530295505338962,0.28830394834864664,0.14379951443904931,0.03887201493577061,0.3446162149658815,0.024711823894521763,12.916666666666666,2023,True
27035,"Crow Wing County, Minnesota",27,2025-12-01,2025-07-01,2025-09-01,2,3,7.252795953126973,1.113758592310653,6.437102054198524,4.0,7.0,4.0,6512.0,0.4456304202801868,0.19129419613075382,0.09670682244687935,0.05161759360232643,0.2085620960455904,0.011571339217457781,5.25,2023,True
27037,"Dakota County, Minnesota",27,2025-12-01,2025-07-01,2025-09-01,2,3,128.63461360317172,3.0407917547968637,134.48618461056003,160.0,118.0,160.0,42303.0,0.4930290578221309,0.23397906271402016,0.0558066256707746,0.036183296485568964,0.15553807609392298,0.002313115422711647,124.0,2023,False
27041,"Douglas County, Minnesota",27,2025-12-01,2025-07-01,2025-09-01,2,3,6.106316014243257,1.4878937656538151,5.881558398312336,5.0,6.0,5.0,4104.0,0.3845751633986928,0.18169934640522875,0.08282208588957055,0.02701768250518621,0.2408130454754249,0.0204983922829582,4.166666666666667,2023,True
27047,"Freeborn County, Minnesota",27,2025-12-01,2025-07-01,2025-09-01,2,3,4.831956626474492,1.8137975324603948,4.602024618801368,2.0,2.0,2.0,2664.0,0.44406922752216127,0.20683832840861122,0.09802557476976081,0.037707587105177465,0.13255723709740008,0.011486224291812185,2.3333333333333335,2023,False
27049,"Goodhue County, Minnesota",27,2025-12-01,2025-07-01,2025-09-01,2,3,7.3980185519931885,1.7129007992575107,7.37650960125267,10.0,7.0,10.0,4319.0,0.47763457164518575,0.2057113975233763,0.09264828203979782,0.035871215147399535,0.16703173552035047,0.012887779532372268,5.833333333333333,2023,True
27053,"Hennepin County, Minnesota",27,2025-12-01,2025-07-01,2025-09-01,2,3,458.9634667336633,2.3173886996024446,454.38222731983467,475.0,431.0,475.0,198052.0,0.4643087922624755,0.22630487347313127,0.10006751229630914,0.043094766340817284,0.19791684204028262,0.002272842062730441,393.0833333333333,2023,False
27057,"Hubbard County, Minnesota",27,2025-12-01,2025-07-01,2025-09-01,2,3,4.7465816696474326,3.0722211454028687,4.602024618801368,4.0,3.0,4.0,1545.0,0.49262536873156343,0.275811209439528,0.09676364825106244,0.045782655987343025,0.2714687675858188,0.02160945413618458,2.0833333333333335,2023,False
27059,"Isanti County, Minnesota",27,2025-12-01,2025-07-01,2025-09-01,2,3,7.3239309928388865,2.8442450457626745,7.128456838990115,6.0,3.0,6.0,2575.0,0.4919898819561551,0.2563237774030354,0.07808995538405884,0.04145678241875808,0.11464566929133858,0.01051968503937008,6.083333333333333,2023,False
27067,"Kandiyohi County, Minnesota",27,2025-12-01,2025-07-01,2025-09-01,2,3,6.907275039083038,1.4212500080417776,6.582302255928367,6.0,5.0,6.0,4860.0,0.3634533661373295,0.17870722433460076,0.09999295824237729,0.035902116747076974,0.2118051575931232,0.01799426934097421,5.333333333333333,2023,True
27083,"Lyon County, Minnesota",27,2025-12-01,2025-07-01,2025-09-01,2,3,5.798837335587928,1.968376556547158,5.881558398312336,2.0,3.0,2.0,2946.0,0.44711177794448614,0.21305326331582897,0.12456971611387843,0.03353012412957917,0.33709887033889835,0.01479556133160052,4.083333333333333,2023,True
27095,"Mille Lacs County, Minnesota",27,2025-12-01,2025-07-01,2025-09-01,2,3,5.866658976030296,2.4515917158505207,5.881558398312336,5.0,6.0,5.0,2393.0,0.42764378478664195,0.22820037105751392,0.10541267376235748,0.043691067444036565,0.12403389514852407,0.018809945060061457,4.75,2023,False
27099,"Mower County, Minnesota",27,2025-12-01,2025-07-01,2025-09-01,2,3,5.08816723436829,1.3641199019754129,4.602024618801368,2.0,1.0,2.0,3730.0,0.43062338408503303,0.22723355357655847,0.12147538484987044,0.03746725322524838,0.1747591522157996,0.007129094412331407,2.5,2023,True
27103,"Nicollet County, Minnesota",27,2025-12-01,2025-07-01,2025-09-01,2,3,5.08816723436829,1.4122029515315822,4.602024618801368,3.0,3.0,3.0,3603.0,0.42114642114642115,0.19602019602019602,0.09600426546230084,0.016205266711681297,0.16920825631546518,0.011090573012939002,2.5833333333333335,2023,True
27109,"Olmsted County, Minnesota",27,2025-12-01,2025-07-01,2025-09-01,2,3,24.98491649242178,1.280358537071937,24.43089036730877,26.0,21.0,26.0,19514.0,0.4856352992194276,0.22165004336513444,0.07920705724039971,0.03582235128514902,0.18244308034039233,0.0026114754836482615,20.333333333333332,2023,False
27111,"Otter Tail County, Minnesota",27,2025-12-01,2025-07-01,2025-09-01,2,3,5.579082205214341,1.0632899190421843,5.298564004921919,2.0,3.0,2.0,5247.0,0.44343187374972215,0.21449210935763502,0.08900028693435955,0.051269990592662275,0.2762400222389897,0.04562964139629085,3.5833333333333335,2023,True
27113,"Pennington County, Minnesota",27,2025-12-01,2025-07-01,2025-09-01,2,3,4.7465816696474326,2.6847181389408554,4.602024618801368,2.0,3.0,2.0,1768.0,0.3689776733254994,0.14806110458284372,0.09921479415865561,0.027708470124753776,0.24230145867098865,0.019611021069692057,2.4166666666666665,2023,False
27123,"Ramsey County, Minnesota",27,2025-12-01,2025-07-01,2025-09-01,2,3,291.9245470981537,3.4194814058421916,292.7152936278377,339.0,240.0,339.0,85371.0,0.5041830558836782,0.24853562599705298,0.1240255298460634,0.04653232685234196,0.24167979002624673,0.003350450758872532,263.8333333333333,2023,False
27131,"Rice County, Minnesota",27,2025-12-01,2025-07-01,2025-09-01,2,3,5.481178246894285,0.9733934020412512,5.120387128798468,3.0,3.0,3.0,5631.0,0.4656416097190585,0.21678056188306757,0.09297572579699462,0.046120640690673634,0.18299421717712572,0.003212679374598415,3.5833333333333335,2023,True
27137,"St. Louis County, Minnesota",27,2025-12-01,2025-07-01,2025-09-01,2,3,34.60016687235822,1.4310007391686268,31.601110470448496,34.0,21.0,34.0,24179.0,0.5382062780269058,0.26896860986547083,0.1339111334448871,0.04467172162463998,0.17948390985811,0.0699480664008161,27.75,2023,False
27139,"Scott County, Minnesota",27,2025-12-01,2025-07-01,2025-09-01,2,3,22.42282823908147,2.633642029490424,23.061980880503256,27.0,20.0,27.0,8514.0,0.47347788803136104,0.20997182408428275,0.04123151861705648,0.02974368243281407,0.12804675688631587,0.0015118551569010656,18.583333333333332,2023,False
27141,"Sherburne County, Minnesota",27,2025-12-01,2025-07-01,2025-09-01,2,3,11.703717340940356,2.1256297386379144,11.44278811850216,10.0,10.0,10.0,5506.0,0.44172716851356514,0.20672525792892626,0.04841383428918566,0.03270943450872493,0.1526994935767217,0.004749506451889788,11.166666666666666,2023,False
27145,"Stearns County, Minnesota",27,2025-12-01,2025-07-01,2025-09-01,2,3,33.16031717086338,1.6907315133260277,28.62482053456444,25.0,37.0,25.0,19613.0,0.4576941578919237,0.24672617456838955,0.12156018812263293,0.04307916851959544,0.2807161494658418,0.01645962223279781,27.0,2023,False
27147,"Steele County, Minnesota",27,2025-12-01,2025-07-01,2025-09-01,2,3,5.8982422951453195,1.9562992687049152,6.086222162162328,2.0,1.0,2.0,3015.0,0.5743994263176766,0.22588741484403013,0.07442339485595034,0.030615384615384614,0.14865675621625224,0.0021331911205919605,4.083333333333333,2023,True
27161,"Waseca County, Minnesota",27,2025-12-01,2025-07-01,2025-09-01,2,3,4.7465816696474326,3.0524640962362906,4.602024618801368,2.0,1.0,2.0,1555.0,0.401609363569861,0.16313094367227504,0.07247259439707673,0.03965252938170669,0.12205196535642905,0.007861425716189207,2.1666666666666665,2023,False
27163,"Washington County, Minnesota",27,2025-12-01,2025-07-01,2025-09-01,2,3,48.468537573906566,2.4865861673459144,45.75791662500822,64.0,27.0,64.0,19492.0,0.4977503117038001,0.25142299560904213,0.05012005917467681,0.03303814713896458,0.15450000483507556,0.004119484387540977,37.916666666666664,2023,True
27169,"Winona County, Minnesota",27,2025-12-01,2025-07-01,2025-09-01,2,3,6.246418782070489,0.9852395555316228,5.586507663665243,5.0,4.0,5.0,6340.0,0.45686371915880114,0.2417618811061434,0.13409129986244842,0.03030409192825112,0.2485705835962145,0.019420347003154575,4.0,2023,True
27171,"Wright County, Minnesota",27,2025-12-01,2025-07-01,2025-09-01,2,3,18.78025727195012,2.261047107145451,17.179132232829723,24.0,13.0,24.0,8306.0,0.42938144329896905,0.19845360824742267,0.049453637215110834,0.02140524098037749,0.14418939666774078,0.011391853213791535,13.833333333333334,2023,True
30013,"Cascade County, Montana",30,2025-12-01,2025-07-01,2025-09-01,2,3,25.833076383749045,2.479419942772727,22.75167658712761,27.0,40.0,27.0,10419.0,0.4340859431900947,0.19040682551243368,0.13188538054389487,0.029976169572306536,0.1524248761064482,0.004096364834283423,22.25,2023,False
30029,"Flathead County, Montana",30,2025-12-01,2025-07-01,2025-09-01,2,3,17.43559189379483,1.5417447956313406,15.342054037047646,18.0,13.0,18.0,11309.0,0.5215727542332345,0.24624509710131062,0.09572375474283797,0.03033775304195995,0.3694913698127066,0.006243114212265883,15.333333333333334,2023,False
30031,"Gallatin County, Montana",30,2025-12-01,2025-07-01,2025-09-01,2,3,17.109005839890774,0.8887333561836152,13.451777461749856,13.0,12.0,13.0,19251.0,0.4865751626838738,0.2388582052824411,0.10210406548245762,0.023444006440508577,0.3137254901960784,0.00221862445283924,13.0,2023,True
30049,"Lewis and Clark County, Montana",30,2025-12-01,2025-07-01,2025-09-01,2,3,18.89008049522034,2.03294021687692,16.552760168018096,17.0,12.0,17.0,9292.0,0.42456180547599953,0.16588383549089242,0.08716832795170575,0.03513841998649561,0.2493231120534986,0.0005545587995433045,15.75,2023,False
30063,"Missoula County, Montana",30,2025-12-01,2025-07-01,2025-09-01,2,3,31.78894813180845,1.5258206840649156,25.339796998001486,32.0,7.0,32.0,20834.0,0.4799678278791535,0.23807369426431407,0.109275426696964,0.04455765229245892,0.3336625227527981,0.004686108206498586,22.916666666666668,2023,True
30111,"Yellowstone County, Montana",30,2025-12-01,2025-07-01,2025-09-01,2,3,49.881148055544244,2.346464768818527,46.58428394557046,44.0,49.0,44.0,21258.0,0.47259737717752986,0.20317087492660013,0.10229189585625229,0.03421421170683943,0.21788024021249566,0.0010826885321630674,47.5,2023,False
36001,"Albany County, New York",36,2025-12-01,2025-07-01,2025-09-01,2,3,267.7000499268568,4.660272790885866,311.93502559612205,305.0,246.0,305.0,57443.0,0.4492064931531695,0.24931531694930625,0.12918128440244475,0.05207277697909547,0.22402206015309506,0.06845578928334639,302.1666666666667,2023,False
36003,"Allegany County, New York",36,2025-12-01,2025-07-01,2025-09-01,2,3,7.449479447125794,2.217767028021969,8.108686854552362,5.0,2.0,5.0,3359.0,0.4634641407307172,0.2645466847090663,0.16799659034404377,0.07218511450381679,0.12469953684704227,0.061558304508412966,6.416666666666667,2023,False
36005,"Bronx County, New York",36,2025-12-01,2025-07-01,2025-09-01,2,3,2766.9449105640506,6.546998567449508,3226.866825747045,3814.0,3672.0,3814.0,422628.0,0.5966542148768569,0.3465975214375961,0.2694714976944917,0.1111851287417329,0.15825735237243593,0.24079031518657076,3476.1666666666665,2023,False
36007,"Broome County, New York",36,2025-12-01,2025-07-01,2025-09-01,2,3,135.42924721642797,4.674648690636428,133.8649416402141,152.0,125.0,152.0,28971.0,0.509422651830205,0.28852422164774644,0.18926696958209419,0.06658902440339469,0.17559090742348468,0.10001100500116164,136.16666666666666,2023,False
36009,"Cattaraugus County, New York",36,2025-12-01,2025-07-01,2025-09-01,2,3,22.963304028017465,2.8384801023507373,21.613145305815557,20.0,18.0,20.0,8090.0,0.47944827586206895,0.22344827586206897,0.17597916160552812,0.05206884561891516,0.14923637734900383,0.056376092011815725,22.416666666666668,2023,False
36011,"Cayuga County, New York",36,2025-12-01,2025-07-01,2025-09-01,2,3,39.30585446802475,4.466066863768294,37.0363715739205,36.0,44.0,36.0,8801.0,0.4874797558240937,0.20929363398529963,0.1376772347900957,0.038919626066337795,0.14533733324822876,0.12855045637326865,41.333333333333336,2023,False
36013,"Chautauqua County, New York",36,2025-12-01,2025-07-01,2025-09-01,2,3,44.69271392088315,2.69525472927772,40.439809400404926,48.0,41.0,48.0,16582.0,0.512727988452959,0.2710930324104448,0.17014579463830767,0.05492783648740403,0.15228909369053392,0.028189246669900376,43.5,2023,False
36015,"Chemung County, New York",36,2025-12-01,2025-07-01,2025-09-01,2,3,62.26296367643401,5.911789183102356,68.01948834994816,76.0,42.0,76.0,10532.0,0.5218488243011403,0.3142597638510445,0.15761534290794002,0.06344527044347603,0.14446099209531446,0.055246878222018556,58.916666666666664,2023,False
36017,"Chenango County, New York",36,2025-12-01,2025-07-01,2025-09-01,2,3,13.612878968946449,2.903771111123389,13.512936738554552,9.0,11.0,9.0,4688.0,0.4348952201554038,0.19425476807157993,0.12200544959128065,0.06880997656215451,0.1732828282828283,0.34035353535353535,12.75,2023,False
36019,"Clinton County, New York",36,2025-12-01,2025-07-01,2025-09-01,2,3,44.165745668238046,4.261046374166719,45.636430508489084,61.0,17.0,61.0,10365.0,0.4684430512016719,0.27335423197492165,0.13786747136010485,0.039925817989137635,0.3360980887125857,0.38631446087270105,31.666666666666668,2023,True
36021,"Columbia County, New York",36,2025-12-01,2025-07-01,2025-09-01,2,3,19.658358097265268,3.057287417926169,18.13807438076339,22.0,13.0,22.0,6430.0,0.5277173913043478,0.3141304347826087,0.11390100068494295,0.05261457963244081,0.14767415127595984,0.46555291593225534,15.25,2023,True
36023,"Cortland County, New York",36,2025-12-01,2025-07-01,2025-09-01,2,3,19.065042050734135,3.0223592344220256,18.471430541176687,17.0,15.0,17.0,6308.0,0.45585180055401664,0.26540858725761773,0.128130976258221,0.057387354503792024,0.1497229326513214,0.13613597612958228,21.0,2023,False
36025,"Delaware County, New York",36,2025-12-01,2025-07-01,2025-09-01,2,3,10.66937882282869,2.4155261088586575,11.322806376241456,9.0,11.0,9.0,4417.0,0.4847106393732626,0.2731867576446803,0.1485898431068144,0.06364480046891027,0.13089143400010556,0.4142080540454953,9.666666666666666,2023,False
36027,"Dutchess County, New York",36,2025-12-01,2025-07-01,2025-09-01,2,3,140.36975292190525,3.910020972755021,141.21573617634104,164.0,119.0,164.0,35900.0,0.5196116274236171,0.25541138394845453,0.08260447724198494,0.047969143176676915,0.16767085706348103,0.451260591748854,151.0,2023,False
36029,"Erie County, New York",36,2025-12-01,2025-07-01,2025-09-01,2,3,850.826285074538,6.026023323379072,987.7256808136858,974.0,738.0,974.0,141192.0,0.5019243128804204,0.27776643605156703,0.14023568751179785,0.048385611404785145,0.08279444399587974,0.009353797671215114,876.8333333333334,2023,False
36031,"Essex County, New York",36,2025-12-01,2025-07-01,2025-09-01,2,3,9.51672505429639,2.7043833629714094,10.201804293971952,8.0,6.0,8.0,3519.0,0.499213094113944,0.22977651872836008,0.11804427728865716,0.05017252107019628,0.20288047883284493,0.4653033231498223,8.0,2023,False
36033,"Franklin County, New York",36,2025-12-01,2025-07-01,2025-09-01,2,3,9.224900092065775,1.6645435027184725,9.861044930285617,13.0,5.0,13.0,5542.0,0.4160896130346232,0.19022403258655804,0.16532332350773765,0.047097156398104266,0.14271602370801706,0.49932411354892375,7.666666666666667,2023,False
36035,"Fulton County, New York",36,2025-12-01,2025-07-01,2025-09-01,2,3,38.115014615529276,5.474722007401504,38.998767682768445,39.0,35.0,39.0,6962.0,0.43762685402029666,0.21873536299765808,0.1453661172656039,0.03756237475934148,0.10452514707833857,0.2558057238908303,34.916666666666664,2023,False
36037,"Genesee County, New York",36,2025-12-01,2025-07-01,2025-09-01,2,3,24.775309781359287,3.8784141799247474,24.903185679974694,21.0,17.0,21.0,6388.0,0.4465006729475101,0.20609017496635262,0.1057998277104833,0.041695900571314025,0.12410674633614599,0.0861560821995236,23.833333333333332,2023,False
36039,"Greene County, New York",36,2025-12-01,2025-07-01,2025-09-01,2,3,15.721875221472553,3.85245656002758,15.57740347330976,20.0,6.0,20.0,4081.0,0.46309081253319173,0.2578332448220924,0.11006499287749288,0.03263910475598383,0.1554321530679569,0.4848251594457884,13.416666666666666,2023,False
36043,"Herkimer County, New York",36,2025-12-01,2025-07-01,2025-09-01,2,3,25.485018488972088,4.157425528380439,24.83376647629868,22.0,19.0,22.0,6130.0,0.40831252229753834,0.213699607563325,0.1328286771445059,0.0441956797096984,0.13494061197199717,0.2237473452371588,20.833333333333332,2023,False
36045,"Jefferson County, New York",36,2025-12-01,2025-07-01,2025-09-01,2,3,63.944637662514,2.984859154297437,69.02574441883066,65.0,40.0,65.0,21423.0,0.45399960301707026,0.1978959904724097,0.1339728477359564,0.06383068337369696,0.2218796171388193,0.12616432196312713,68.91666666666667,2023,False
36047,"Kings County, New York",36,2025-12-01,2025-07-01,2025-09-01,2,3,2642.8406419273406,3.7245664866430945,2097.4805124325,2832.0,2670.0,2832.0,709570.0,0.509640850766817,0.27497312332806395,0.188857948288268,0.07459402325357932,0.1264525612225088,0.07124037733905443,2743.25,2023,False
36049,"Lewis County, New York",36,2025-12-01,2025-07-01,2025-09-01,2,3,4.7465816696474326,2.2118274322681417,5.011223934278957,4.0,2.0,4.0,2146.0,0.4312638580931264,0.23669623059866962,0.12247374208470785,0.054427749360613814,0.07857273225041066,0.30224493520715456,2.75,2023,False
36051,"Livingston County, New York",36,2025-12-01,2025-07-01,2025-09-01,2,3,16.36316856691921,2.93773223822607,15.795126553252455,16.0,15.0,16.0,5570.0,0.5278604005552251,0.2544120563156851,0.11594559017112768,0.0449899766669953,0.1529039417978544,0.0949484154712483,17.25,2023,False
36053,"Madison County, New York",36,2025-12-01,2025-07-01,2025-09-01,2,3,15.8773192713039,2.87841176056996,16.064613733850507,11.0,10.0,11.0,5516.0,0.43974073323880897,0.2434676929309297,0.09724214632259312,0.04116215300243399,0.14301920744826507,0.19899855259554824,14.583333333333334,2023,False
36055,"Monroe County, New York",36,2025-12-01,2025-07-01,2025-09-01,2,3,658.4536394748222,5.702180919296311,697.3666615409215,725.0,602.0,725.0,115474.0,0.5072313955913422,0.26615162808411086,0.1305751378755181,0.05105157851328029,0.18956354697857228,0.0139333851490967,704.5,2023,False
36057,"Montgomery County, New York",36,2025-12-01,2025-07-01,2025-09-01,2,3,29.526823892488586,5.006243454135061,29.266894256886637,32.0,31.0,32.0,5898.0,0.4991702009957588,0.27328047206343353,0.1470841889117043,0.047264825107610015,0.11396485390454404,0.24524279920973277,28.583333333333332,2023,False
36059,"Nassau County, New York",36,2025-12-01,2025-07-01,2025-09-01,2,3,385.2167975945736,4.6743371345399725,389.51046009450556,437.0,268.0,437.0,82411.0,0.548129460667695,0.292096938642127,0.05313479119902731,0.0478499556263232,0.06603504679044721,0.2759803190696287,362.9166666666667,2023,False
36061,"New York County, New York",36,2025-12-01,2025-07-01,2025-09-01,2,3,2012.9436468619429,3.4483978922931255,2085.230091398437,2109.0,1949.0,2109.0,583733.0,0.46665652216722314,0.2437633705994504,0.1583846859840042,0.07008032065106987,0.27627499432533376,0.15317471781432493,1978.0833333333333,2023,False
36063,"Niagara County, New York",36,2025-12-01,2025-07-01,2025-09-01,2,3,146.31342566554676,5.495752757598571,145.9500505422756,159.0,139.0,159.0,26623.0,0.484917380536722,0.24712760342657628,0.1301766593741266,0.05957710974829753,0.12152842293945985,0.04453892647524947,156.25,2023,False
36065,"Oneida County, New York",36,2025-12-01,2025-07-01,2025-09-01,2,3,140.00446947306952,4.606167773418968,137.07025182044958,155.0,86.0,155.0,30395.0,0.44981832292658835,0.2337813525240766,0.14605071141919007,0.04722035543608124,0.1598647746420661,0.13763101281249668,144.83333333333334,2023,False
36067,"Onondaga County, New York",36,2025-12-01,2025-07-01,2025-09-01,2,3,315.2800389402253,4.709186541302842,322.6507569175091,328.0,298.0,328.0,66950.0,0.5002468349390875,0.2767736284736046,0.13929739919412898,0.050976512982074056,0.20124331283371716,0.034919446253904585,342.8333333333333,2023,False
36069,"Ontario County, New York",36,2025-12-01,2025-07-01,2025-09-01,2,3,48.75610775920955,3.7603044700917434,47.624271337945956,54.0,35.0,54.0,12966.0,0.4529059758996639,0.2053447003852775,0.09160972289921183,0.04027848590868335,0.1582920895897995,0.06287224226155524,49.0,2023,False
36071,"Orange County, New York",36,2025-12-01,2025-07-01,2025-09-01,2,3,152.47472759498874,3.5171324874282326,144.9615298507268,137.0,165.0,137.0,43352.0,0.5616357752280082,0.31357261939786213,0.12958457468601575,0.054210339816046386,0.1478614240665351,0.27920559896876435,162.83333333333334,2023,False
36073,"Orleans County, New York",36,2025-12-01,2025-07-01,2025-09-01,2,3,11.304072619323131,3.0809682800008535,11.131410611514847,8.0,11.0,8.0,3669.0,0.40776406861269937,0.30514595245260306,0.13040613551906807,0.05787866020644618,0.13265054294175715,0.1290720631786772,10.5,2023,False
36075,"Oswego County, New York",36,2025-12-01,2025-07-01,2025-09-01,2,3,48.99335094973629,3.984819109372614,51.58263427039516,49.0,37.0,49.0,12295.0,0.48589398023360286,0.26028751123090743,0.165322903240144,0.0687297713623068,0.14881609097852838,0.11234405499448358,50.833333333333336,2023,False
36077,"Otsego County, New York",36,2025-12-01,2025-07-01,2025-09-01,2,3,14.843519148795721,2.55878626940109,14.683785395604913,20.0,5.0,20.0,5801.0,0.4274921687857011,0.18426386585590565,0.14126170185587328,0.05303596201045779,0.13703113941967446,0.33014861995753714,12.666666666666666,2023,False
36079,"Putnam County, New York",36,2025-12-01,2025-07-01,2025-09-01,2,3,10.357743389167451,1.7410898284026646,10.71444437836929,8.0,5.0,8.0,5949.0,0.5652173913043478,0.2899810964083176,0.0654177602347641,0.04126996241247066,0.22396873395332914,0.5779368973583614,8.583333333333334,2023,False
36081,"Queens County, New York",36,2025-12-01,2025-07-01,2025-09-01,2,3,1687.0098725915987,3.6959195547211943,1674.97175131596,1676.0,1706.0,1676.0,456452.0,0.5238030279208709,0.276068881962877,0.12249753546392532,0.07000689440076167,0.09272907284208493,0.1075655313137655,1676.3333333333333,2023,False
36083,"Rensselaer County, New York",36,2025-12-01,2025-07-01,2025-09-01,2,3,155.63978265616436,6.544711435859061,163.3037401240057,201.0,112.0,201.0,23781.0,0.4686967441026101,0.21311328370257424,0.11783887509481177,0.05624377380603575,0.1567194600878716,0.21027282472483505,148.25,2023,False
36085,"Richmond County, New York",36,2025-12-01,2025-07-01,2025-09-01,2,3,236.80722496671933,4.344050501104679,235.1597455097459,233.0,180.0,233.0,54513.0,0.555756044749188,0.3161714583583945,0.10898779915436436,0.054986296120427526,0.06351185260545614,0.042541179791469416,234.41666666666666,2023,False
36087,"Rockland County, New York",36,2025-12-01,2025-07-01,2025-09-01,2,3,111.14564688514592,3.3898269758797706,108.62344809733786,112.0,74.0,112.0,32788.0,0.5959697896998503,0.3454000911517677,0.15555156467471826,0.058712217102931494,0.10464350722280315,0.024689206459858254,94.33333333333333,2023,False
36089,"St. Lawrence County, New York",36,2025-12-01,2025-07-01,2025-09-01,2,3,34.11792945320043,2.868981622368015,30.2013812926767,26.0,22.0,26.0,11892.0,0.5166604268064395,0.2968925496068888,0.17434481621888906,0.057296405221843726,0.13903000095849707,0.24137352631074474,28.333333333333332,2023,False
36091,"Saratoga County, New York",36,2025-12-01,2025-07-01,2025-09-01,2,3,115.88394324258036,4.170437371525546,125.62183877422869,135.0,111.0,135.0,27787.0,0.40162186857534454,0.20143912282037615,0.06734743704515958,0.03112543002238847,0.1413532328341764,0.1233335002754545,119.0,2023,False
36093,"Schenectady County, New York",36,2025-12-01,2025-07-01,2025-09-01,2,3,139.3781457040526,5.808148756263391,137.85585962558832,136.0,131.0,136.0,23997.0,0.5191791077641256,0.3003919496190602,0.12468882470619264,0.05788524266086784,0.17031542126530366,0.061003558289608587,147.83333333333334,2023,False
36095,"Schoharie County, New York",36,2025-12-01,2025-07-01,2025-09-01,2,3,7.531136449925363,2.7119684731456117,8.285951841195544,7.0,7.0,7.0,2777.0,0.4150326797385621,0.19321895424836602,0.10831734960767218,0.053964757709251104,0.1853846772248573,0.4308224133772811,6.25,2023,False
36099,"Seneca County, New York",36,2025-12-01,2025-07-01,2025-09-01,2,3,14.873861079480163,3.882500934346166,14.775797549605427,16.0,8.0,16.0,3831.0,0.4432401597261837,0.2378779235596121,0.13318205062643826,0.04718940672465273,0.16331603187367497,0.11397031946779736,13.166666666666666,2023,False
36101,"Steuben County, New York",36,2025-12-01,2025-07-01,2025-09-01,2,3,35.55989161624138,3.4517464197477556,32.88936911186145,38.0,28.0,38.0,10302.0,0.44044823906083247,0.22027748132337246,0.1367369419874137,0.05808097764050225,0.14104738410936377,0.05314009661835749,32.916666666666664,2023,False
36103,"Suffolk County, New York",36,2025-12-01,2025-07-01,2025-09-01,2,3,511.26404799393714,5.518289976081093,533.905087216104,597.0,546.0,597.0,92649.0,0.5880537209817008,0.33139975073091754,0.06375092413918271,0.04602637277564152,0.08646833762785977,0.448655032404154,567.3333333333334,2023,False
36105,"Sullivan County, New York",36,2025-12-01,2025-07-01,2025-09-01,2,3,49.60655543507237,5.34495802554384,49.73997473485021,67.0,54.0,67.0,9281.0,0.48716425005942476,0.25802234371285954,0.15189423835832674,0.06080902207867846,0.18937613767996028,0.48952507032930664,51.583333333333336,2023,False
36107,"Tioga County, New York",36,2025-12-01,2025-07-01,2025-09-01,2,3,9.897570426202877,2.2479151547133496,10.68415027892595,9.0,11.0,9.0,4403.0,0.47990255785627284,0.25140073081607794,0.1222334427333165,0.05267201639064367,0.10557039675472445,0.2805976056198674,8.833333333333334,2023,False
36109,"Tompkins County, New York",36,2025-12-01,2025-07-01,2025-09-01,2,3,34.627889125008046,1.7333010874465937,30.204253154312145,21.0,18.0,21.0,19978.0,0.597804118643142,0.35751351941880155,0.15290930639426603,0.05325307671663536,0.25988583050220715,0.06961103792553561,32.666666666666664,2023,False
36111,"Ulster County, New York",36,2025-12-01,2025-07-01,2025-09-01,2,3,64.23816688204936,2.9276349868767366,62.291799769001656,56.0,65.0,56.0,21942.0,0.5665472164740322,0.3275627113511331,0.14327737572326973,0.050969963143607515,0.13967580876821012,0.44943574310922646,71.75,2023,False
36113,"Warren County, New York",36,2025-12-01,2025-07-01,2025-09-01,2,3,27.00296845698086,3.150503845173359,26.156229288776345,28.0,14.0,28.0,8571.0,0.48493597790610093,0.2424052221943259,0.09131502912501352,0.03762121393511313,0.14856362970606837,0.21077860257647882,23.833333333333332,2023,False
36115,"Washington County, New York",36,2025-12-01,2025-07-01,2025-09-01,2,3,15.355539474692428,2.70058731528182,15.217068935957753,20.0,17.0,20.0,5686.0,0.4654028436018957,0.2538388625592417,0.10840182962478935,0.05390359357290486,0.1127236744454523,0.39432670899645417,14.666666666666666,2023,False
36117,"Wayne County, New York",36,2025-12-01,2025-07-01,2025-09-01,2,3,30.04516095181854,3.906535034692308,29.69242331656769,30.0,18.0,30.0,7691.0,0.4552973050049907,0.23071438756594895,0.11270133150187207,0.034503232616440165,0.16022186175501021,0.09769242844435141,32.5,2023,False
36119,"Westchester County, New York",36,2025-12-01,2025-07-01,2025-09-01,2,3,647.8153728403571,4.6285089727237185,656.7346541175702,640.0,612.0,640.0,139962.0,0.5296292928374405,0.2792504016246855,0.08879149519468665,0.06014354157592743,0.12855159673307118,0.30026792273454045,684.8333333333334,2023,False
36121,"Wyoming County, New York",36,2025-12-01,2025-07-01,2025-09-01,2,3,6.210991841708757,1.658475792178573,6.545565660768834,6.0,2.0,6.0,3745.0,0.39747235387045815,0.1570300157977883,0.10643776824034334,0.03802240985608837,0.1848982352579475,0.10287154891471438,4.166666666666667,2023,True
39035,"Cuyahoga County, Ohio",39,2025-12-01,2025-07-01,2025-09-01,2,3,500.89981134828633,2.207414214661248,516.2733023245876,535.0,518.0,535.0,226917.0,0.47462448415543956,0.24496502467031062,0.16204236293851143,0.0693526461710968,0.1626170888874052,0.001308255725197727,473.1666666666667,2023,False
39095,"Lucas County, Ohio",39,2025-12-01,2025-07-01,2025-09-01,2,3,550.1170223838124,7.876931548043534,576.118018853143,615.0,453.0,615.0,69839.0,0.4491352055049284,0.2374930258508462,0.17811878875696494,0.06822741235284034,0.2070152515015427,0.002717600166899081,522.4166666666666,2023,False
39153,"Summit County, Ohio",39,2025-12-01,2025-07-01,2025-09-01,2,3,239.84276974097014,3.1948365534549517,233.05623867061834,256.0,220.0,256.0,75072.0,0.46589603676048247,0.24080987937966686,0.12649193998030592,0.05219803370786517,0.13085667725476355,0.005890990531714183,242.0,2023,False
40001,"Adair County, Oklahoma",40,2025-12-01,2025-07-01,2025-09-01,2,3,7.683386574094047,3.465668278797495,7.812411446351919,11.0,2.0,11.0,2217.0,0.3901162790697674,0.1744186046511628,0.21549259162984144,0.06958600729835158,0.3850707479064395,0.0005775339301183945,6.083333333333333,2023,True
40013,"Bryan County, Oklahoma",40,2025-12-01,2025-07-01,2025-09-01,2,3,41.635008416656476,6.2665575581963395,42.462744454176935,56.0,30.0,56.0,6644.0,0.45950076413652574,0.1913737476651384,0.17386479841604838,0.04808758314855876,0.7348908632225513,0.0014807502467917078,34.833333333333336,2023,False
40015,"Caddo County, Oklahoma",40,2025-12-01,2025-07-01,2025-09-01,2,3,6.886652682900658,2.549667783376771,6.811350182219999,6.0,5.0,6.0,2701.0,0.36909871244635195,0.14258464473056748,0.1898673866433733,0.053709806715952615,0.47859025032938074,0.0018664909969257795,5.5,2023,True
40017,"Canadian County, Oklahoma",40,2025-12-01,2025-07-01,2025-09-01,2,3,136.76607132818452,9.428241508905591,139.74456722882607,154.0,122.0,154.0,14506.0,0.42716797163539666,0.20062047569803515,0.0856943886769725,0.0401144781937885,0.36574202979256576,0.00020882639565641096,131.58333333333334,2023,False
40019,"Carter County, Oklahoma",40,2025-12-01,2025-07-01,2025-09-01,2,3,21.483020815316184,3.517193977622165,20.23521837801229,25.0,8.0,25.0,6108.0,0.41421338833677107,0.19163697731108195,0.15088207985143917,0.039228963524738175,0.6017895907237782,0.0017472335468841002,18.083333333333332,2023,False
40021,"Cherokee County, Oklahoma",40,2025-12-01,2025-07-01,2025-09-01,2,3,17.407215517748973,2.766123552796595,16.163498431583612,21.0,12.0,21.0,6293.0,0.4178525226390686,0.23858806135649602,0.1934142944197789,0.05132058287795993,0.47394446557626474,0.0011411182959300114,15.333333333333334,2023,False
40023,"Choctaw County, Oklahoma",40,2025-12-01,2025-07-01,2025-09-01,2,3,6.764973677699289,3.3706894258591373,6.811350182219999,6.0,8.0,6.0,2007.0,0.4646666666666667,0.21466666666666667,0.22010521825678941,0.04235414186086069,0.6375896210310686,0.017241379310344827,5.5,2023,False
40027,"Cleveland County, Oklahoma",40,2025-12-01,2025-07-01,2025-09-01,2,3,372.8572077336077,9.003820427751267,377.2072500807533,382.0,436.0,382.0,41411.0,0.47563337723715815,0.21776297099764985,0.12801673017677564,0.04837662963510309,0.402279409851422,0.000563780975427823,386.6666666666667,2023,False
40031,"Comanche County, Oklahoma",40,2025-12-01,2025-07-01,2025-09-01,2,3,207.65545190260764,10.312646598262198,214.36626127649524,211.0,198.0,211.0,20136.0,0.42554670373736836,0.21451104100946372,0.17748480514837325,0.06904428712545276,0.5491301042085961,0.0010063061854286865,194.0,2023,False
40035,"Craig County, Oklahoma",40,2025-12-01,2025-07-01,2025-09-01,2,3,5.071885627534759,3.6073155245624173,5.120387128798468,5.0,2.0,5.0,1406.0,0.3485915492957746,0.14524647887323944,0.19525204717902486,0.04741229593608892,0.45998475609756095,0.0,3.75,2023,True
40037,"Creek County, Oklahoma",40,2025-12-01,2025-07-01,2025-09-01,2,3,22.33181945649987,3.1435556667370306,21.319025811660868,21.0,13.0,21.0,7104.0,0.3918148272391815,0.1769540422676954,0.13909024499887615,0.035521803037726604,0.40837226015091627,0.00017966223499820338,19.0,2023,False
40039,"Custer County, Oklahoma",40,2025-12-01,2025-07-01,2025-09-01,2,3,11.520365094244918,2.979918544812447,11.07352139817811,14.0,10.0,14.0,3866.0,0.5290615253756734,0.23787921746526794,0.16458815622432976,0.03539038527105353,0.4872032640949555,0.0,10.5,2023,False
40041,"Delaware County, Oklahoma",40,2025-12-01,2025-07-01,2025-09-01,2,3,10.40437181931485,2.5500911321850124,10.300408863437468,9.0,4.0,9.0,4080.0,0.4368580060422961,0.22356495468277945,0.18591012570523607,0.0484149855907781,0.5386887182516243,0.0021854695806261073,9.25,2023,False
40047,"Garfield County, Oklahoma",40,2025-12-01,2025-07-01,2025-09-01,2,3,42.40298157469336,5.006255203623773,43.04536643516689,56.0,16.0,56.0,8470.0,0.4290010460251046,0.19286087866108786,0.12694696290392216,0.042244001351808044,0.30581346716854874,0.000836470096194061,37.25,2023,False
40049,"Garvin County, Oklahoma",40,2025-12-01,2025-07-01,2025-09-01,2,3,7.449479447125794,2.3374582513730138,7.37650960125267,6.0,6.0,6.0,3187.0,0.3783684016242156,0.18420081210778885,0.1533633349123638,0.027745561602283877,0.6652,0.0019,6.25,2023,False
40051,"Grady County, Oklahoma",40,2025-12-01,2025-07-01,2025-09-01,2,3,20.926841070858856,4.121891091364754,21.10876572432918,17.0,16.0,17.0,5077.0,0.3596846846846847,0.18986486486486487,0.12317938959232964,0.05182104316546762,0.4735637779941577,0.0018500486854917235,19.0,2023,False
40065,"Jackson County, Oklahoma",40,2025-12-01,2025-07-01,2025-09-01,2,3,13.218694443182853,3.4914671006822116,13.187260173703198,27.0,2.0,27.0,3786.0,0.3976691301876066,0.10119386014781126,0.15970680628272252,0.05236441357200107,0.3070157496420536,0.0,10.5,2023,True
40069,"Johnston County, Oklahoma",40,2025-12-01,2025-07-01,2025-09-01,2,3,4.7465816696474326,4.070824759560405,4.602024618801368,4.0,3.0,4.0,1166.0,0.38404907975460123,0.13006134969325153,0.21939860281461981,0.05098605098605099,0.6881226053639847,0.0015325670498084292,2.3333333333333335,2023,False
40071,"Kay County, Oklahoma",40,2025-12-01,2025-07-01,2025-09-01,2,3,22.688050258640683,4.206164304531087,22.79746326405977,37.0,21.0,37.0,5394.0,0.4153209109730849,0.15900621118012423,0.15541461122856473,0.05982778358468966,0.22278056951423786,0.011964584828906437,21.333333333333332,2023,False
40079,"Le Flore County, Oklahoma",40,2025-12-01,2025-07-01,2025-09-01,2,3,21.36476832524899,4.300476716032405,21.461111347320422,23.0,12.0,23.0,4968.0,0.44126074498567336,0.1781279847182426,0.1998215310089872,0.05212591986917416,0.5364712514092447,0.004509582863585118,19.5,2023,False
40081,"Lincoln County, Oklahoma",40,2025-12-01,2025-07-01,2025-09-01,2,3,10.027713772319768,3.9155461820850324,9.91820299856144,12.0,5.0,12.0,2561.0,0.4359618282270216,0.18583626318432947,0.16480889340465588,0.03560830860534125,0.4629972247918594,0.0013876040703052729,8.083333333333334,2023,False
40083,"Logan County, Oklahoma",40,2025-12-01,2025-07-01,2025-09-01,2,3,14.829999368062381,5.967806586745425,14.743064913362929,14.0,12.0,14.0,2485.0,0.5063808065339459,0.2557427258805513,0.13676166538290024,0.033254756693045964,0.4229014598540146,0.006101733576642336,13.166666666666666,2023,False
40085,"Love County, Oklahoma",40,2025-12-01,2025-07-01,2025-09-01,2,3,5.957284748729309,5.846206819165171,6.186710822389951,12.0,5.0,12.0,1019.0,0.2992874109263658,0.09263657957244656,0.14779936558287074,0.04658651781880636,0.8152375895938413,0.0002654632333421821,5.0,2023,False
40087,"McClain County, Oklahoma",40,2025-12-01,2025-07-01,2025-09-01,2,3,12.10929256647896,3.5129946523002493,11.89131316245746,10.0,8.0,10.0,3447.0,0.48623853211009177,0.2299905093324897,0.07807255506000275,0.046600599216409314,0.4374414976599064,0.0013104524180967238,10.583333333333334,2023,False
40089,"McCurtain County, Oklahoma",40,2025-12-01,2025-07-01,2025-09-01,2,3,7.923613050949175,2.488571938112178,7.795660412873832,6.0,5.0,6.0,3184.0,0.40717382735514385,0.18092234923137565,0.21089440504334123,0.04181048007530593,0.6818825194621373,0.022204529370134465,6.833333333333333,2023,False
40097,"Mayes County, Oklahoma",40,2025-12-01,2025-07-01,2025-09-01,2,3,17.945746452164936,4.567509914015001,17.800764570827518,18.0,14.0,18.0,3929.0,0.4221212121212121,0.19787878787878788,0.17603691387621478,0.06562117673228784,0.45411672234230693,0.0007860090391039497,15.083333333333334,2023,False
40101,"Muskogee County, Oklahoma",40,2025-12-01,2025-07-01,2025-09-01,2,3,42.836975448303846,4.941397560076577,42.50951988512702,48.0,36.0,48.0,8669.0,0.4712230215827338,0.22738951695786228,0.20286125319693094,0.05909916454776607,0.5539702233250621,0.001163151364764268,40.666666666666664,2023,False
40109,"Oklahoma County, Oklahoma",40,2025-12-01,2025-07-01,2025-09-01,2,3,1413.1849113412309,10.567606719170486,1616.0736708479008,1638.0,1439.0,1638.0,133728.0,0.4860276876626088,0.25222432788359617,0.15713025925435065,0.04842935196760585,0.3793538882458171,0.0004209197095654004,1500.1666666666667,2023,False
40111,"Okmulgee County, Oklahoma",40,2025-12-01,2025-07-01,2025-09-01,2,3,22.102400905366746,5.188357020039143,22.9054899577141,21.0,12.0,21.0,4260.0,0.46405228758169936,0.2435350951974993,0.17621368797723366,0.07211264032472886,0.3822388375537843,0.00028214713973337093,16.333333333333332,2023,True
40113,"Osage County, Oklahoma",40,2025-12-01,2025-07-01,2025-09-01,2,3,11.859989447267175,3.1950402605784416,11.533197892743383,11.0,8.0,11.0,3712.0,0.4657391304347826,0.21634782608695652,0.12637027326356712,0.05378093266292024,0.3912967084455898,0.008141033149818438,10.916666666666666,2023,False
40115,"Ottawa County, Oklahoma",40,2025-12-01,2025-07-01,2025-09-01,2,3,9.51672505429639,2.4731613966466712,9.280628130599965,6.0,4.0,6.0,3848.0,0.4432957393483709,0.19642857142857142,0.2071316023840515,0.034724409448818896,0.4184602296894938,0.00034028073160357296,8.0,2023,False
40119,"Payne County, Oklahoma",40,2025-12-01,2025-07-01,2025-09-01,2,3,47.01220096351073,2.96139848589044,43.82505561943918,37.0,52.0,37.0,15875.0,0.5870713282973461,0.36031820308844176,0.2386896551724138,0.04462313106920824,0.47447512445502615,0.003153891345351102,46.583333333333336,2023,False
40121,"Pittsburg County, Oklahoma",40,2025-12-01,2025-07-01,2025-09-01,2,3,15.71489136158811,3.117415465500518,15.348903579013664,12.0,14.0,12.0,5041.0,0.5141690682036504,0.2442363112391931,0.18239115210934292,0.057759562841530054,0.5140801178537028,0.0006232647742081704,16.333333333333332,2023,False
40123,"Pontotoc County, Oklahoma",40,2025-12-01,2025-07-01,2025-09-01,2,3,14.524579293966575,2.890463541087876,14.076934167315521,18.0,10.0,18.0,5025.0,0.37107329842931935,0.17888307155322863,0.1255647845025838,0.03518029903254178,0.4221316949378923,0.0026712969146520634,14.75,2023,False
40125,"Pottawatomie County, Oklahoma",40,2025-12-01,2025-07-01,2025-09-01,2,3,40.651961726795044,5.079590369460833,40.1930248572102,47.0,34.0,47.0,8003.0,0.4164159862483885,0.20469846726829968,0.15682119587153318,0.05387971921836464,0.4231217787141191,0.001993905421165494,35.583333333333336,2023,False
40131,"Rogers County, Oklahoma",40,2025-12-01,2025-07-01,2025-09-01,2,3,39.79678661642225,5.014716055496756,38.93750071969339,34.0,38.0,34.0,7936.0,0.41381726457399104,0.1593329596412556,0.09562821493300368,0.04660008543009987,0.3152958960864453,0.00022395162644868707,37.333333333333336,2023,False
40133,"Seminole County, Oklahoma",40,2025-12-01,2025-07-01,2025-09-01,2,3,9.879841949044975,3.7352899618317483,9.829050507101924,11.0,8.0,11.0,2645.0,0.44372093023255815,0.2186046511627907,0.22442969539800448,0.07145177005521273,0.4710952764050109,0.0005746465923457074,8.083333333333334,2023,False
40135,"Sequoyah County, Oklahoma",40,2025-12-01,2025-07-01,2025-09-01,2,3,15.05637693795525,3.418795853305007,14.879725148690406,15.0,14.0,15.0,4404.0,0.4176121015667207,0.20934629929767692,0.20312061800474213,0.04782338308457711,0.6302687038988409,0.009681243414120126,14.083333333333334,2023,False
40137,"Stephens County, Oklahoma",40,2025-12-01,2025-07-01,2025-09-01,2,3,22.15874437011168,5.042955022783723,22.327990887730273,22.0,12.0,22.0,4394.0,0.4255091103965702,0.21302250803858522,0.1753182693662799,0.05284099952252109,0.4384722544694683,0.002728117018806594,20.333333333333332,2023,False
40141,"Tillman County, Oklahoma",40,2025-12-01,2025-07-01,2025-09-01,2,3,4.7465816696474326,7.116314347297499,4.602024618801368,2.0,2.0,2.0,667.0,0.4448669201520912,0.2870722433460076,0.1717755071819932,0.058863101244534144,0.3634651600753296,0.0011299435028248588,2.8333333333333335,2023,False
40143,"Tulsa County, Oklahoma",40,2025-12-01,2025-07-01,2025-09-01,2,3,1169.1189524432798,10.812860838519832,1122.4572866547462,1090.0,1075.0,1090.0,108123.0,0.45325989877939865,0.21616552545400416,0.14658055709490425,0.05394677151066082,0.34637843071537633,0.00033888206159460765,1116.5833333333333,2023,False
40145,"Wagoner County, Oklahoma",40,2025-12-01,2025-07-01,2025-09-01,2,3,26.53750664234144,4.56519983525571,26.873772443572285,26.0,18.0,26.0,5813.0,0.453206742879287,0.20170509591164504,0.09312630636010749,0.04804519666722055,0.3165385244560772,0.001014231964665467,25.083333333333332,2023,False
40147,"Washington County, Oklahoma",40,2025-12-01,2025-07-01,2025-09-01,2,3,20.932975752747755,3.6072679222381105,20.950185731686606,32.0,15.0,32.0,5803.0,0.49914853358561967,0.2183538315988647,0.14629651185349007,0.03864168618266979,0.275830258302583,0.0,17.916666666666668,2023,False
40153,"Woodward County, Oklahoma",40,2025-12-01,2025-07-01,2025-09-01,2,3,12.444595265017403,5.453372158202193,12.348486281480906,9.0,8.0,9.0,2282.0,0.2699356116889549,0.08568598315998019,0.1106534164049225,0.04757253101494578,0.36015278462296696,0.0006160670280926564,12.166666666666666,2023,False
42001,"Adams County, Pennsylvania",42,2025-12-01,2025-07-01,2025-09-01,2,3,32.45902188949846,3.835403744475772,32.30201426238271,38.0,37.0,38.0,8463.0,0.4218546496483459,0.19432143787444647,0.08374516225066984,0.03079763123263635,0.3059068075523991,0.1433273118705303,38.333333333333336,2023,False
42003,"Allegheny County, Pennsylvania",42,2025-12-01,2025-07-01,2025-09-01,2,3,1076.146360653346,5.61466689964024,1165.5380068859722,1340.0,1074.0,1340.0,191667.0,0.44803889825493765,0.22363147141246217,0.11214604696498016,0.0493896366444626,0.15837857520580706,0.010239576071303753,1188.4166666666667,2023,False
42005,"Armstrong County, Pennsylvania",42,2025-12-01,2025-07-01,2025-09-01,2,3,16.045915424072714,2.6819180050263602,15.164533250207073,13.0,12.0,13.0,5983.0,0.41360437842064113,0.17083659108678656,0.11265638096420699,0.04633748279944958,0.09247688077980505,0.0675902452958189,14.833333333333334,2023,False
42007,"Beaver County, Pennsylvania",42,2025-12-01,2025-07-01,2025-09-01,2,3,114.80749915504707,6.262341087385975,118.47347140439851,132.0,98.0,132.0,18333.0,0.41690090305603733,0.18820644698283595,0.10093352089004183,0.05102675063622184,0.1644737756165335,0.0864466828759986,121.5,2023,False
42009,"Bedford County, Pennsylvania",42,2025-12-01,2025-07-01,2025-09-01,2,3,10.414488996380936,2.4063052209752622,10.293772522090197,12.0,8.0,12.0,4328.0,0.4797605473204105,0.21522234891676167,0.1097779293295256,0.041731332988446286,0.26180235794160805,0.486768203208015,8.916666666666666,2023,False
42011,"Berks County, Pennsylvania",42,2025-12-01,2025-07-01,2025-09-01,2,3,322.4412295402861,6.88697386830744,327.98156563859135,328.0,267.0,328.0,46819.0,0.49679669866168125,0.24561683500148196,0.11689423478123247,0.052606119240536944,0.22594170722506354,0.2354345365829525,311.0833333333333,2023,False
42013,"Blair County, Pennsylvania",42,2025-12-01,2025-07-01,2025-09-01,2,3,72.13053874657034,5.179187100349705,74.02436524135356,71.0,61.0,71.0,13927.0,0.48543532639393205,0.19551359638505608,0.1302368095874875,0.044421155829008976,0.16038221096779298,0.20750573712115217,69.58333333333333,2023,False
42015,"Bradford County, Pennsylvania",42,2025-12-01,2025-07-01,2025-09-01,2,3,24.590995806121192,3.621115565619377,23.925688520779996,27.0,29.0,27.0,6791.0,0.39227916385704653,0.14565070802427513,0.1344787429748021,0.05500277418161642,0.16347449667170336,0.2176665169273492,24.333333333333332,2023,False
42017,"Bucks County, Pennsylvania",42,2025-12-01,2025-07-01,2025-09-01,2,3,464.1438179419819,8.523907623998786,509.31992670357323,518.0,437.0,518.0,54452.0,0.481452694168626,0.2551347570098906,0.06072224489155341,0.04556223750063765,0.30536511704902414,0.2454920581086428,475.0833333333333,2023,False
42019,"Butler County, Pennsylvania",42,2025-12-01,2025-07-01,2025-09-01,2,3,55.110775495632055,2.9069931161320843,54.772507392797706,54.0,57.0,54.0,18958.0,0.415460038764109,0.21417170220043324,0.07959444858224847,0.04284474939863559,0.19138887158078385,0.06518786217209795,57.666666666666664,2023,False
42021,"Cambria County, Pennsylvania",42,2025-12-01,2025-07-01,2025-09-01,2,3,58.33806035093215,4.330319206571567,57.19555085385173,62.0,74.0,62.0,13472.0,0.4366352601646719,0.233935998641881,0.14161705366132088,0.047260937865570375,0.1361236802413273,0.29031099619334916,61.583333333333336,2023,False
42025,"Carbon County, Pennsylvania",42,2025-12-01,2025-07-01,2025-09-01,2,3,36.172756271480175,5.865535312385305,36.41201394057429,44.0,29.0,44.0,6167.0,0.4224356650960493,0.20097861544037696,0.12048400225408552,0.07089021400248206,0.30557708633226294,0.40597202229358137,32.0,2023,False
42027,"Centre County, Pennsylvania",42,2025-12-01,2025-07-01,2025-09-01,2,3,74.14446457116858,3.2856715665677827,69.80870500323225,65.0,84.0,65.0,22566.0,0.5646940822467402,0.35654582796007067,0.169083844729293,0.0399473965182745,0.43707419584449037,0.20013218994678508,65.83333333333333,2023,False
42029,"Chester County, Pennsylvania",42,2025-12-01,2025-07-01,2025-09-01,2,3,235.40909423381223,4.642170224089689,233.05623867061834,216.0,210.0,216.0,50711.0,0.47196552152832455,0.2204633044631387,0.059366116653802904,0.03847152049129217,0.304646624342284,0.19354264963810183,231.0,2023,False
42031,"Clarion County, Pennsylvania",42,2025-12-01,2025-07-01,2025-09-01,2,3,9.808676741323088,2.2922824821974968,9.746979165283337,7.0,8.0,7.0,4279.0,0.4415446071904128,0.2559254327563249,0.13927685316829752,0.05076419213973799,0.12261380323054331,0.042851421706047256,8.666666666666666,2023,False
42033,"Clearfield County, Pennsylvania",42,2025-12-01,2025-07-01,2025-09-01,2,3,18.10408413676449,2.6034058292730067,16.810412559762792,10.0,14.0,10.0,6954.0,0.450960901259112,0.2191848906560636,0.13779665587918016,0.05821629404254163,0.11418243011623921,0.4104833432017202,17.5,2023,False
42035,"Clinton County, Pennsylvania",42,2025-12-01,2025-07-01,2025-09-01,2,3,19.280199964862355,4.4557892222931255,19.20831554881894,17.0,11.0,17.0,4327.0,0.4587249174498349,0.2049784099568199,0.1419412140220378,0.05704365079365079,0.27500327696945864,0.36256390090444357,16.75,2023,False
42037,"Columbia County, Pennsylvania",42,2025-12-01,2025-07-01,2025-09-01,2,3,30.097480341393663,3.9332828464968195,29.1434099394681,24.0,31.0,24.0,7652.0,0.436267870579383,0.20902934537246048,0.1570630905012199,0.05529982777516831,0.3098863724201901,0.27583674731390584,29.583333333333332,2023,False
42039,"Crawford County, Pennsylvania",42,2025-12-01,2025-07-01,2025-09-01,2,3,28.784045285568126,3.252067030343252,27.70405374332805,31.0,21.0,31.0,8851.0,0.4237597911227154,0.19295039164490863,0.12823524953579143,0.0489221668576301,0.1321394574012375,0.10164802475011898,25.5,2023,False
42041,"Cumberland County, Pennsylvania",42,2025-12-01,2025-07-01,2025-09-01,2,3,208.74734825473038,6.931903707734953,215.85092181525218,228.0,193.0,228.0,30114.0,0.41254160098090736,0.1981432825363461,0.07750972205084523,0.03421412168250923,0.36745985720668906,0.15536140397577647,200.41666666666666,2023,False
42043,"Dauphin County, Pennsylvania",42,2025-12-01,2025-07-01,2025-09-01,2,3,589.0654561005995,13.410710440537267,611.3445521746107,654.0,645.0,654.0,43925.0,0.4316658195987318,0.2091289721435659,0.12286633890991405,0.043424900072430724,0.3731870444127151,0.16698813489976036,615.9166666666666,2023,False
42045,"Delaware County, Pennsylvania",42,2025-12-01,2025-07-01,2025-09-01,2,3,593.5667732071993,9.024611889667325,637.5076315114042,741.0,616.0,741.0,65772.0,0.5446024357584646,0.2892303768411656,0.10170588648940064,0.06862140052785692,0.21619126742361303,0.13600572325302318,572.9166666666666,2023,False
42047,"Elk County, Pennsylvania",42,2025-12-01,2025-07-01,2025-09-01,2,3,7.449479447125794,2.613852437587998,7.37650960125267,7.0,3.0,7.0,2850.0,0.4388753056234719,0.17400162999185004,0.09086712825585229,0.062243545230730384,0.1472442697129293,0.043023514576070024,6.333333333333333,2023,False
42049,"Erie County, Pennsylvania",42,2025-12-01,2025-07-01,2025-09-01,2,3,239.33123856931388,6.864512794186545,256.0884604057116,294.0,189.0,294.0,34865.0,0.4985464217232634,0.2694686707490567,0.15419019246966342,0.05539493465941945,0.10855902493960365,0.026011298203549308,232.91666666666666,2023,False
42051,"Fayette County, Pennsylvania",42,2025-12-01,2025-07-01,2025-09-01,2,3,66.82242833771976,4.41538445471916,67.60313064550665,72.0,54.0,72.0,15134.0,0.4408410837040032,0.22353416902547513,0.1744788695666346,0.06714060031595577,0.20057494268767512,0.2539390851861286,58.833333333333336,2023,False
42055,"Franklin County, Pennsylvania",42,2025-12-01,2025-07-01,2025-09-01,2,3,108.13760792969404,6.405497448743872,107.70290663327646,124.0,111.0,124.0,16882.0,0.3881421931918101,0.17089561612862705,0.07759786258159258,0.03572345780471519,0.5090435996699879,0.1872183791330837,118.58333333333333,2023,False
42057,"Fulton County, Pennsylvania",42,2025-12-01,2025-07-01,2025-09-01,2,3,5.071885627534759,3.6832865849925627,5.120387128798468,2.0,8.0,2.0,1377.0,0.3339676498572788,0.1351094196003806,0.1171993911719939,0.030153586022262927,0.3786549707602339,0.3619233268356075,3.6666666666666665,2023,True
42059,"Greene County, Pennsylvania",42,2025-12-01,2025-07-01,2025-09-01,2,3,11.540327692384814,3.7250896360183385,11.151297487680097,14.0,7.0,14.0,3098.0,0.36768060836501903,0.11939163498098859,0.12539410020290306,0.060593764793399604,0.24366416536882346,0.12190287413280476,11.25,2023,False
42061,"Huntingdon County, Pennsylvania",42,2025-12-01,2025-07-01,2025-09-01,2,3,11.896471867235379,3.4612952770542273,11.533197892743383,13.0,4.0,13.0,3437.0,0.36593707250341995,0.19186046511627908,0.11039679070126263,0.05152027027027027,0.23793490460157127,0.4603441825664048,11.416666666666666,2023,False
42063,"Indiana County, Pennsylvania",42,2025-12-01,2025-07-01,2025-09-01,2,3,30.50143656590956,3.2702301453746716,27.39344705996253,29.0,25.0,29.0,9327.0,0.4642466917567075,0.22908826028894014,0.1280358012976688,0.06624758220502901,0.16970672942925275,0.17655074169273172,26.333333333333332,2023,False
42065,"Jefferson County, Pennsylvania",42,2025-12-01,2025-07-01,2025-09-01,2,3,9.797163840700474,2.0827304083121754,9.717950384454046,9.0,6.0,9.0,4704.0,0.4599406528189911,0.22032640949554896,0.1525823768974454,0.04732794320646815,0.08161696050969407,0.07370791453836437,7.5,2023,True
42069,"Lackawanna County, Pennsylvania",42,2025-12-01,2025-07-01,2025-09-01,2,3,164.37832739956872,5.377464256724965,167.3991769388816,171.0,184.0,171.0,30568.0,0.4738232040255523,0.24260376146461582,0.140425061625767,0.047212886340742416,0.17983141866630412,0.08386015000113294,162.83333333333334,2023,False
42071,"Lancaster County, Pennsylvania",42,2025-12-01,2025-07-01,2025-09-01,2,3,365.56815470241764,5.777267485854539,375.3096800964371,408.0,361.0,408.0,63277.0,0.4623230779453784,0.23483287926108046,0.08703083351676708,0.03300728853411041,0.3514790819622297,0.17131986928601284,370.4166666666667,2023,False
42073,"Lawrence County, Pennsylvania",42,2025-12-01,2025-07-01,2025-09-01,2,3,48.03701049555456,5.430365192805173,48.53123970980483,63.0,34.0,63.0,8846.0,0.5125326370757181,0.23838120104438643,0.1158631976702207,0.061899758070428385,0.2477155950562422,0.11170670740174976,49.833333333333336,2023,False
42075,"Lebanon County, Pennsylvania",42,2025-12-01,2025-07-01,2025-09-01,2,3,96.27633590713579,5.9970310145219745,97.92387257238465,111.0,90.0,111.0,16054.0,0.46977765943283184,0.22247370523232593,0.10575190872437162,0.04142020089285714,0.23704473015077177,0.3181606560899617,82.16666666666667,2023,False
42077,"Lehigh County, Pennsylvania",42,2025-12-01,2025-07-01,2025-09-01,2,3,571.8334596119578,11.45821062822021,601.2306145163382,618.0,547.0,618.0,49906.0,0.5406125729757171,0.2832303917421102,0.11851619245262411,0.05519022773815772,0.4058559029593224,0.18637108299348182,553.0833333333334,2023,False
42079,"Luzerne County, Pennsylvania",42,2025-12-01,2025-07-01,2025-09-01,2,3,211.3843147954973,4.912943680460589,221.66957475215926,240.0,202.0,240.0,43026.0,0.4557189416685914,0.25578053224523317,0.15433803595775583,0.057346921214058294,0.2373832756269017,0.16288951841359772,218.16666666666666,2023,False
42081,"Lycoming County, Pennsylvania",42,2025-12-01,2025-07-01,2025-09-01,2,3,86.72535646768216,6.094115414776344,85.81704039200498,92.0,69.0,92.0,14231.0,0.48116646415552855,0.2242557715674362,0.12518839662839812,0.053570465212465605,0.26514577606545314,0.22287396376701804,82.16666666666667,2023,False
42083,"McKean County, Pennsylvania",42,2025-12-01,2025-07-01,2025-09-01,2,3,12.133110484908718,3.515824539237531,11.846598092353885,17.0,6.0,17.0,3451.0,0.41502504173622706,0.18864774624373956,0.13722452250567652,0.04798048251558688,0.07368550975067885,0.017526536657615402,10.5,2023,False
42085,"Mercer County, Pennsylvania",42,2025-12-01,2025-07-01,2025-09-01,2,3,56.20623676347798,4.4351169228657765,55.043741967715604,58.0,58.0,58.0,12673.0,0.4427900381104316,0.21581139767792254,0.127518081646522,0.052691049658043415,0.17997528348112654,0.08698480150900852,61.166666666666664,2023,False
42087,"Mifflin County, Pennsylvania",42,2025-12-01,2025-07-01,2025-09-01,2,3,19.916735986800678,3.7713948090893163,19.890102878129536,25.0,14.0,25.0,5281.0,0.380564263322884,0.19017763845350052,0.1604059342457273,0.03269581056466302,0.24510863690411847,0.4104961625770187,17.5,2023,False
42089,"Monroe County, Pennsylvania",42,2025-12-01,2025-07-01,2025-09-01,2,3,106.45521864386302,8.586483194375143,112.27105297578471,137.0,86.0,137.0,12398.0,0.5422026431718062,0.2798237885462555,0.11264683040481506,0.06397812876807182,0.4628645024933126,0.24076153363495262,112.0,2023,False
42091,"Montgomery County, Pennsylvania",42,2025-12-01,2025-07-01,2025-09-01,2,3,620.1901265706592,6.579010126136751,635.3139428713106,643.0,656.0,643.0,94268.0,0.47969921441619134,0.24805845371107102,0.06506776751682582,0.04363108524940187,0.2678058492297175,0.15052441576665448,647.0,2023,False
42093,"Montour County, Pennsylvania",42,2025-12-01,2025-07-01,2025-09-01,2,3,10.875221243350305,4.29511107557279,10.776060215914496,12.0,7.0,12.0,2532.0,0.43564356435643564,0.19081908190819083,0.08768667557673311,0.025848142164781908,0.4003121342177136,0.2058785277669398,8.833333333333334,2023,False
42095,"Northampton County, Pennsylvania",42,2025-12-01,2025-07-01,2025-09-01,2,3,236.61570227311333,6.743685760341817,237.88164224370644,277.0,216.0,277.0,35087.0,0.5031812397745864,0.2221111313094589,0.08762466823824204,0.04765460881813656,0.3101336669519984,0.22563705801014025,227.33333333333334,2023,False
42097,"Northumberland County, Pennsylvania",42,2025-12-01,2025-07-01,2025-09-01,2,3,50.570732201050305,5.350267901084459,56.24359890746247,81.0,24.0,81.0,9452.0,0.3871118374970815,0.18398318935325705,0.12243844229754228,0.03918909439521126,0.2932598919666853,0.3115670152470663,41.833333333333336,2023,False
42099,"Perry County, Pennsylvania",42,2025-12-01,2025-07-01,2025-09-01,2,3,19.79664927505813,5.628845400926395,19.890102878129536,25.0,19.0,25.0,3517.0,0.422814429639259,0.1582710432239194,0.08037247391361775,0.03186751416093743,0.33309565598946905,0.3144471259324265,18.083333333333332,2023,False
42101,"Philadelphia County, Pennsylvania",42,2025-12-01,2025-07-01,2025-09-01,2,3,1129.8176963767596,3.5408491774087443,1165.5380068859722,1235.0,1265.0,1235.0,319081.0,0.5201344646074257,0.2879716577593929,0.22003358368324463,0.08402846336620451,0.24389216134556246,0.029885449073700505,1163.5,2023,False
42103,"Pike County, Pennsylvania",42,2025-12-01,2025-07-01,2025-09-01,2,3,13.923730865373068,4.188848034107421,13.832244813890231,9.0,12.0,9.0,3324.0,0.5167213114754098,0.3104918032786885,0.09267492772978547,0.07348743298753742,0.3819401057936607,0.17989087425548753,12.333333333333334,2023,False
42107,"Schuylkill County, Pennsylvania",42,2025-12-01,2025-07-01,2025-09-01,2,3,86.42639865091117,6.3343886434265,91.8266807202603,117.0,61.0,117.0,13644.0,0.415065334358186,0.1963446921171748,0.12525061138161228,0.052271960821688834,0.25679979117723833,0.4810754372226573,75.83333333333333,2023,False
42109,"Snyder County, Pennsylvania",42,2025-12-01,2025-07-01,2025-09-01,2,3,10.480785188321924,2.800102908982614,10.341755312822704,11.0,6.0,11.0,3743.0,0.42944973870273595,0.1678450660928374,0.0856916952941818,0.023455348530233032,0.3383050381469517,0.29603409169015055,8.583333333333334,2023,False
42111,"Somerset County, Pennsylvania",42,2025-12-01,2025-07-01,2025-09-01,2,3,18.262465976719437,3.1838329805996226,17.97143343775154,19.0,9.0,19.0,5736.0,0.4152319222199716,0.18189183714806562,0.11182577132486389,0.05314220784896425,0.17615493103092428,0.38361253482852326,16.416666666666668,2023,False
42115,"Susquehanna County, Pennsylvania",42,2025-12-01,2025-07-01,2025-09-01,2,3,11.414918085328999,3.369220214087662,11.648132510739696,20.0,6.0,20.0,3388.0,0.4342058085335246,0.22983148081749732,0.10935562999498853,0.05558081382132303,0.1759703305837969,0.34522667689749986,8.833333333333334,2023,True
42117,"Tioga County, Pennsylvania",42,2025-12-01,2025-07-01,2025-09-01,2,3,11.596304852551759,2.986429269263909,11.342931056001014,12.0,7.0,12.0,3883.0,0.45110902842861605,0.2139956263667604,0.11842170650499428,0.04681910094882563,0.07812969529418835,0.04188953663080714,10.333333333333334,2023,False
42119,"Union County, Pennsylvania",42,2025-12-01,2025-07-01,2025-09-01,2,3,11.691845650155651,2.8635428974174992,11.436897133495801,9.0,16.0,9.0,4083.0,0.48274925292040205,0.19668568323825047,0.09663396581096163,0.023127567385065557,0.4007412069086078,0.2889308439969233,10.666666666666666,2023,False
42121,"Venango County, Pennsylvania",42,2025-12-01,2025-07-01,2025-09-01,2,3,16.175521929182555,3.1118741687538582,16.54840114172724,20.0,21.0,20.0,5198.0,0.43742797879695783,0.2041945148651763,0.12812939235297713,0.06339593046054638,0.09778839846312436,0.040905257239246554,14.833333333333334,2023,False
42123,"Warren County, Pennsylvania",42,2025-12-01,2025-07-01,2025-09-01,2,3,11.922649943051265,3.3238499980628005,11.716175494035383,15.0,10.0,15.0,3587.0,0.3401692708333333,0.15071614583333334,0.11394498839473895,0.042337099166951955,0.08721037428553868,0.024460696945485833,9.916666666666666,2023,False
42125,"Washington County, Pennsylvania",42,2025-12-01,2025-07-01,2025-09-01,2,3,101.04914179984492,4.891999506189239,99.60167264235842,105.0,106.0,105.0,20656.0,0.39304712266938907,0.19047874912686047,0.09355720918399796,0.04918323201432141,0.202509553413563,0.07770489933268693,97.5,2023,False
42127,"Wayne County, Pennsylvania",42,2025-12-01,2025-07-01,2025-09-01,2,3,12.164710312492298,3.300246964864975,12.100639815019735,10.0,5.0,10.0,3686.0,0.48304542546385154,0.2530390275111964,0.1219690330119778,0.06026705160591844,0.2466279413212563,0.3288372550950084,10.916666666666666,2023,False
42129,"Westmoreland County, Pennsylvania",42,2025-12-01,2025-07-01,2025-09-01,2,3,158.64283118141975,4.725169213719537,158.99869099991574,150.0,148.0,150.0,33574.0,0.4075989588615083,0.19676841429199202,0.10015847311585857,0.048320003549678865,0.16636978981118633,0.12800466366551155,153.16666666666666,2023,False
42131,"Wyoming County, Pennsylvania",42,2025-12-01,2025-07-01,2025-09-01,2,3,6.645106202230092,2.629642343581358,6.437102054198524,8.0,8.0,8.0,2527.0,0.3553639846743295,0.1896551724137931,0.11363996200126662,0.047136179988909135,0.23255600440690416,0.3570510466397356,5.25,2023,True
42133,"York County, Pennsylvania",42,2025-12-01,2025-07-01,2025-09-01,2,3,555.0370686454337,12.744238350602352,611.3445521746107,660.0,572.0,660.0,43552.0,0.4773852193207032,0.20634920634920634,0.08562837816831662,0.04426072635724817,0.2309344254107776,0.1279639525656606,606.0,2023,False
45001,"Abbeville County, South Carolina",45,2025-12-01,2025-07-01,2025-09-01,2,3,20.61212046549598,9.377670821426742,20.644041579887766,18.0,10.0,18.0,2198.0,0.4271899886234357,0.1353811149032992,0.1410174678056866,0.03389994205138111,0.6728187919463087,0.0036703020134228187,19.083333333333332,2023,False
45003,"Aiken County, South Carolina",45,2025-12-01,2025-07-01,2025-09-01,2,3,260.39688808546106,16.271754551362935,272.11038131921896,261.0,193.0,261.0,16003.0,0.48297516048004463,0.25,0.1385326414581388,0.0562942711569529,0.6298428708859284,0.0019386059528321137,229.83333333333334,2023,False
45005,"Allendale County, South Carolina",45,2025-12-01,2025-07-01,2025-09-01,2,3,11.022021541892014,9.858695475753143,10.830718246121101,13.0,11.0,13.0,1118.0,0.4401041666666667,0.17838541666666666,0.26476992306575703,0.10753064798598949,0.7091368953525135,0.0,9.416666666666666,2023,False
45007,"Anderson County, South Carolina",45,2025-12-01,2025-07-01,2025-09-01,2,3,310.9419054469094,15.412238188198732,325.7893550524302,329.0,277.0,329.0,20175.0,0.45399988988603207,0.24582943346363487,0.14387509066316428,0.05051196600988694,0.64626098814133,0.005150120534735919,293.9166666666667,2023,False
45009,"Bamberg County, South Carolina",45,2025-12-01,2025-07-01,2025-09-01,2,3,13.709374998160321,11.578864018716487,13.493336421917814,14.0,15.0,14.0,1184.0,0.5449790794979079,0.26569037656903766,0.21605037946068142,0.11874032008260196,0.7271341463414634,0.02613240418118467,13.083333333333334,2023,False
45011,"Barnwell County, South Carolina",45,2025-12-01,2025-07-01,2025-09-01,2,3,31.122140560331374,13.249101983963973,31.875830491920027,44.0,36.0,44.0,2349.0,0.5016025641025641,0.2793803418803419,0.285317322483005,0.0720148845354055,0.7731589983964475,0.0033304551622055016,32.75,2023,False
45013,"Beaufort County, South Carolina",45,2025-12-01,2025-07-01,2025-09-01,2,3,127.72069830947284,6.678904895124867,124.87633000034752,128.0,101.0,128.0,19123.0,0.5067954427158637,0.22023017754901394,0.10484985719894795,0.02964750289666376,0.8068127014747316,0.0013579714191435895,116.16666666666667,2023,False
45015,"Berkeley County, South Carolina",45,2025-12-01,2025-07-01,2025-09-01,2,3,518.3257928585917,22.15351510273077,550.2586036950818,549.0,539.0,549.0,23397.0,0.4814343097874008,0.2374350935632409,0.10317311142627685,0.03650290227993537,0.7847877097445434,0.0011732412449639172,535.8333333333334,2023,False
45017,"Calhoun County, South Carolina",45,2025-12-01,2025-07-01,2025-09-01,2,3,10.246073652540318,10.276904365637229,10.300408863437468,5.0,9.0,5.0,997.0,0.5007429420505201,0.3164933135215453,0.16285919540229885,0.07268951194184839,0.8283801436969301,0.006694970607446114,9.083333333333334,2023,False
45019,"Charleston County, South Carolina",45,2025-12-01,2025-07-01,2025-09-01,2,3,895.1417166179339,13.97043600552383,979.3492878631016,1126.0,865.0,1126.0,64074.0,0.5221358736525445,0.26736859697501464,0.116404695681438,0.035961608553031224,0.7659245921629183,0.0013960193505376099,934.9166666666666,2023,False
45021,"Cherokee County, South Carolina",45,2025-12-01,2025-07-01,2025-09-01,2,3,148.24501467719057,25.38876771316845,164.11467291730068,188.0,129.0,188.0,5839.0,0.4711737868104521,0.20302778929904605,0.18459950005434192,0.0627749842866122,0.6987285034760337,0.0108397365532382,154.33333333333334,2023,False
45023,"Chester County, South Carolina",45,2025-12-01,2025-07-01,2025-09-01,2,3,41.48928622585274,14.516895110515303,47.415983352586665,60.0,33.0,60.0,2858.0,0.4818363273453094,0.2283433133732535,0.19315800994402577,0.06487634445433993,0.5167878694104905,0.009593068234565991,38.166666666666664,2023,False
45025,"Chesterfield County, South Carolina",45,2025-12-01,2025-07-01,2025-09-01,2,3,56.510062931055025,11.763127171327023,59.57510070231738,55.0,82.0,55.0,4804.0,0.4609396719488463,0.2819015846538782,0.2016250725478816,0.08061101028433151,0.7936252229445947,0.019216385708532305,51.0,2023,False
45027,"Clarendon County, South Carolina",45,2025-12-01,2025-07-01,2025-09-01,2,3,34.61211193300578,10.71250756205688,34.73807516842386,37.0,24.0,37.0,3231.0,0.547185095180235,0.22154718509518023,0.1854748980073502,0.0863650998068255,0.9022512344129215,0.0023432923257176333,29.583333333333332,2023,False
45029,"Colleton County, South Carolina",45,2025-12-01,2025-07-01,2025-09-01,2,3,41.95457349920904,9.754609044224377,42.33981936169808,49.0,41.0,49.0,4301.0,0.5223660977045321,0.22778104767510302,0.18685771797859943,0.09323691541698773,0.7982214428857716,0.0077655310621242485,42.583333333333336,2023,False
45031,"Darlington County, South Carolina",45,2025-12-01,2025-07-01,2025-09-01,2,3,131.88536852314735,17.90947426984619,137.49936915699305,145.0,107.0,145.0,7364.0,0.5674817402349952,0.27881867259447446,0.2029451398697904,0.06858899607759991,0.8932360213767249,0.00658052165589854,132.33333333333334,2023,False
45033,"Dillon County, South Carolina",45,2025-12-01,2025-07-01,2025-09-01,2,3,122.69418245011786,29.198996299409295,128.9120088413839,144.0,114.0,144.0,4202.0,0.5052703162189731,0.2873172390343421,0.29222734032135217,0.06799740344044142,0.8842920562954567,0.01350713138755077,124.58333333333333,2023,False
45035,"Dorchester County, South Carolina",45,2025-12-01,2025-07-01,2025-09-01,2,3,345.68035125556526,22.845836445414395,372.3577378213596,410.0,344.0,410.0,15131.0,0.5409526474085472,0.23151710148982305,0.11524956417452802,0.04655609138292172,0.7669920257255616,0.0005846718529225472,364.9166666666667,2023,False
45037,"Edgefield County, South Carolina",45,2025-12-01,2025-07-01,2025-09-01,2,3,15.909946640065606,8.29939835162525,15.396323667122903,15.0,14.0,15.0,1917.0,0.5724331926863573,0.2630098452883263,0.1643672497331034,0.05829485488126649,0.744741270509045,0.007782919646613378,16.416666666666668,2023,False
45039,"Fairfield County, South Carolina",45,2025-12-01,2025-07-01,2025-09-01,2,3,31.356467849103343,14.896184251355507,31.287802774953867,35.0,14.0,35.0,2105.0,0.5766832917705735,0.27119700748129677,0.16931734768779055,0.05526941362916006,0.6827767012424484,0.019605608115809872,30.416666666666668,2023,False
45041,"Florence County, South Carolina",45,2025-12-01,2025-07-01,2025-09-01,2,3,492.102673100487,26.421620032240913,538.4745214627656,518.0,380.0,518.0,18625.0,0.4966447242282866,0.26554611107560555,0.18286998999118625,0.046752416713269955,0.8383344122462968,0.0064353984996763265,447.9166666666667,2023,False
45043,"Georgetown County, South Carolina",45,2025-12-01,2025-07-01,2025-09-01,2,3,64.96263993385631,14.455416095651158,67.92859268859176,69.0,70.0,69.0,4494.0,0.4766597510373444,0.16856846473029047,0.14413435960397286,0.051481832083302995,0.8757191742187794,0.006167036438160418,65.08333333333333,2023,False
45045,"Greenville County, South Carolina",45,2025-12-01,2025-07-01,2025-09-01,2,3,1226.3505989511648,18.192683454007103,1309.7748005348137,1432.0,1160.0,1432.0,67409.0,0.5059564863000815,0.2336666875666186,0.1100230294048737,0.0425473973132863,0.5719966260995301,0.0067709733332097476,1274.1666666666667,2023,False
45047,"Greenwood County, South Carolina",45,2025-12-01,2025-07-01,2025-09-01,2,3,207.91087639707433,22.11817834011429,224.03766997256014,264.0,247.0,264.0,9400.0,0.4823395366502089,0.25661476136219774,0.1711189477985803,0.04707147045410125,0.6641339575081022,0.0033129276197335256,212.0,2023,False
45049,"Hampton County, South Carolina",45,2025-12-01,2025-07-01,2025-09-01,2,3,13.690177829039374,7.305324348473519,13.52000718987916,13.0,10.0,13.0,1874.0,0.5338181818181819,0.25745454545454544,0.20028954841583607,0.10026480500722196,0.8212274774774775,0.0059121621621621625,12.916666666666666,2023,False
45051,"Horry County, South Carolina",45,2025-12-01,2025-07-01,2025-09-01,2,3,478.19053974716365,13.1674892539697,508.75996306269104,516.0,434.0,516.0,36316.0,0.5174149200601467,0.2617301377850063,0.12817194807344764,0.05214616998020738,0.8773463170637613,0.0007117106330898884,454.5833333333333,2023,False
45053,"Jasper County, South Carolina",45,2025-12-01,2025-07-01,2025-09-01,2,3,38.98430940194013,13.07320905497657,41.20902140822835,45.0,27.0,45.0,2982.0,0.4288039056143206,0.20707892595606184,0.18302132620174175,0.051037869206160255,0.7551529790660225,0.0,43.083333333333336,2023,False
45055,"Kershaw County, South Carolina",45,2025-12-01,2025-07-01,2025-09-01,2,3,91.0217171535623,19.170538574886752,96.37267608503264,109.0,82.0,109.0,4748.0,0.5428719008264463,0.28202479338842973,0.14065200727458554,0.04911729838838871,0.7371024461877342,0.004482745295049658,96.08333333333333,2023,False
45057,"Lancaster County, South Carolina",45,2025-12-01,2025-07-01,2025-09-01,2,3,115.5950044503811,17.62656365513588,121.111997145021,137.0,113.0,137.0,6558.0,0.538031509401999,0.30950364221582244,0.12304952338548096,0.055121271021718925,0.443373125191307,0.003494541373329252,117.41666666666667,2023,False
45059,"Laurens County, South Carolina",45,2025-12-01,2025-07-01,2025-09-01,2,3,167.63089130153554,21.72791850959631,170.45595729068668,186.0,140.0,186.0,7715.0,0.44626705503602637,0.23225509734784608,0.17645808342317446,0.04548834502602567,0.6399908714008596,0.008558061694115857,155.91666666666666,2023,False
45061,"Lee County, South Carolina",45,2025-12-01,2025-07-01,2025-09-01,2,3,17.31434451035608,10.361666373642178,17.423012716677416,14.0,26.0,14.0,1671.0,0.4888030888030888,0.24324324324324326,0.232842327762732,0.0567550894509562,0.8662217985382904,0.010168414362885288,18.25,2023,False
45063,"Lexington County, South Carolina",45,2025-12-01,2025-07-01,2025-09-01,2,3,479.28378243170624,17.141766181391496,494.8562076213089,497.0,441.0,497.0,27960.0,0.4687649784310593,0.22172072216008948,0.11437315039009954,0.04199039319649325,0.6956428151570093,0.0037503415046072075,448.4166666666667,2023,False
45065,"McCormick County, South Carolina",45,2025-12-01,2025-07-01,2025-09-01,2,3,5.763002052858966,8.705441167460675,5.881558398312336,4.0,13.0,4.0,662.0,0.43148148148148147,0.15925925925925927,0.1797598627787307,0.05522804840210983,0.8203067932797663,0.014852690528366203,4.916666666666667,2023,False
45067,"Marion County, South Carolina",45,2025-12-01,2025-07-01,2025-09-01,2,3,78.17596889367634,17.5321751275345,86.05099527512778,131.0,76.0,131.0,4459.0,0.4226640159045726,0.20159045725646124,0.2731821681013367,0.05868605556998182,0.8516287750254496,0.009331523583305057,75.0,2023,False
45069,"Marlboro County, South Carolina",45,2025-12-01,2025-07-01,2025-09-01,2,3,54.21487159028427,15.059686552856741,59.57510070231738,56.0,29.0,56.0,3600.0,0.4165282392026578,0.23837209302325582,0.2616332690534082,0.08370657907833184,0.7678075855689177,0.01161475999588858,52.25,2023,False
45071,"Newberry County, South Carolina",45,2025-12-01,2025-07-01,2025-09-01,2,3,53.57787663669632,13.235641461634465,55.043741967715604,55.0,59.0,55.0,4048.0,0.48863971673059897,0.2773679551490115,0.16010976471227517,0.03622250970245795,0.6597240473061761,0.008804204993429697,61.0,2023,False
45073,"Oconee County, South Carolina",45,2025-12-01,2025-07-01,2025-09-01,2,3,77.51101600871046,9.369154600351802,81.88710147654008,98.0,70.0,98.0,8273.0,0.5049902966454117,0.2388411422234544,0.16380021577711493,0.06071799607526261,0.6982141265266099,0.0065967372893947045,83.33333333333333,2023,False
45075,"Orangeburg County, South Carolina",45,2025-12-01,2025-07-01,2025-09-01,2,3,199.19303042604216,17.769226621413218,214.11752241341722,196.0,159.0,196.0,11210.0,0.5654921020656136,0.33827460510328067,0.2386278617387401,0.09346372168830439,0.8056265206812652,0.003710462287104623,193.75,2023,False
45077,"Pickens County, South Carolina",45,2025-12-01,2025-07-01,2025-09-01,2,3,156.49796580102057,10.327172086645147,162.98586338217225,188.0,121.0,188.0,15154.0,0.530624009223231,0.30912235192390836,0.17234930572277068,0.03511081852095677,0.6080460664539724,0.011594428449147926,139.83333333333334,2023,False
45079,"Richland County, South Carolina",45,2025-12-01,2025-07-01,2025-09-01,2,3,1578.4131197424306,24.09423171641628,1646.6444900176741,1801.0,1678.0,1801.0,65510.0,0.5734394830968039,0.31917453724307304,0.16892338092483478,0.06573232012567308,0.7297408473879062,0.0007077697389116074,1646.5,2023,False
45081,"Saluda County, South Carolina",45,2025-12-01,2025-07-01,2025-09-01,2,3,11.276480764438736,6.855003504218077,11.427845602966816,20.0,4.0,20.0,1645.0,0.45323741007194246,0.23453237410071942,0.19372398334934357,0.023611922852133257,0.7202610896496603,0.021180231783668575,8.5,2023,True
45083,"Spartanburg County, South Carolina",45,2025-12-01,2025-07-01,2025-09-01,2,3,892.1214276353403,25.627572538431536,955.101208501936,969.0,838.0,969.0,34811.0,0.49503432859651925,0.2456330831869711,0.14502885008556587,0.043210397501898895,0.6765780756729857,0.014322815420742423,943.0833333333334,2023,False
45085,"Sumter County, South Carolina",45,2025-12-01,2025-07-01,2025-09-01,2,3,334.71032007397645,24.44568507697754,374.7876418500927,369.0,276.0,369.0,13692.0,0.4881726020275539,0.20353522225110476,0.16359898178970042,0.07323873424607852,0.851994851994852,0.006944950341176756,331.25,2023,False
45087,"Union County, South Carolina",45,2025-12-01,2025-07-01,2025-09-01,2,3,42.764503593477926,11.855975490290525,43.860155117054525,53.0,33.0,53.0,3607.0,0.4637010676156584,0.19359430604982206,0.22711711372785073,0.07653104561284295,0.5805077525983984,0.020616800136309423,42.333333333333336,2023,False
45089,"Williamsburg County, South Carolina",45,2025-12-01,2025-07-01,2025-09-01,2,3,39.168818854563334,12.696537716227985,38.74783944820936,37.0,38.0,37.0,3085.0,0.562473164448261,0.36582224130528124,0.23596242834449893,0.04940347505805109,0.8501644736842106,0.0171875,35.083333333333336,2023,False
45091,"York County, South Carolina",45,2025-12-01,2025-07-01,2025-09-01,2,3,534.2570296171399,18.016356296524577,552.5103332613007,534.0,526.0,534.0,29654.0,0.49234822782068866,0.23738540388363533,0.08887848262603999,0.044440778620917186,0.5026741800524981,0.005464823557868898,562.8333333333334,2023,False
47037,"Davidson County, Tennessee",47,2025-12-01,2025-07-01,2025-09-01,2,3,1157.1361343266922,7.896491929238096,1221.9475167385638,1362.0,1239.0,1362.0,146538.0,0.5169772493426318,0.2447910712244198,0.13918734042645892,0.04571790780740105,0.6620774497898773,0.0012079674993165446,1240.5,2023,False
47065,"Hamilton County, Tennessee",47,2025-12-01,2025-07-01,2025-09-01,2,3,287.86572327888496,5.336083995011492,287.3066925595398,290.0,213.0,290.0,53947.0,0.4647069247277954,0.22179999606213943,0.1254308402871255,0.041707709056975475,0.6732731502286605,0.0023725184382352165,281.1666666666667,2023,False
47157,"Shelby County, Tennessee",47,2025-12-01,2025-07-01,2025-09-01,2,3,2163.1503938039837,13.207175178611013,2108.3692635257107,2665.0,1894.0,2665.0,163786.0,0.5320291598467071,0.28489354289508106,0.17542466918036226,0.07166993441371412,0.5147036800798691,0.0006378435342078261,2193.9166666666665,2023,False
48091,"Comal County, Texas",48,2025-12-01,2025-07-01,2025-09-01,2,3,62.655037864336606,4.000960272307574,63.75291540372579,68.0,46.0,68.0,15660.0,0.4928183629991066,0.21235653906947977,0.06438343501571454,0.03497540342972737,0.7789833114070746,8.869048498913542e-05,58.083333333333336,2023,False
48157,"Fort Bend County, Texas",48,2025-12-01,2025-07-01,2025-09-01,2,3,487.639255367958,7.698999895291262,510.980225309636,504.0,448.0,504.0,63338.0,0.517791767885859,0.2524378143497451,0.07175347893879178,0.05002308370930068,0.37404314173057573,0.0010488553255184722,452.3333333333333,2023,False
48167,"Galveston County, Texas",48,2025-12-01,2025-07-01,2025-09-01,2,3,283.64471397558697,6.292727986147243,286.2273324503794,318.0,227.0,318.0,45075.0,0.5238974941973379,0.2929278575150396,0.11154669486498336,0.05535927255217053,0.5136442963668094,0.0005048101192794196,266.0833333333333,2023,False
48209,"Hays County, Texas",48,2025-12-01,2025-07-01,2025-09-01,2,3,225.5057241802581,6.649732371439553,255.99305903584658,219.0,198.0,219.0,33912.0,0.5993449781659389,0.32779164067373673,0.1201761306006794,0.04618290729661206,0.6393083524693383,8.465698049714812e-05,206.25,2023,False
48439,"Tarrant County, Texas",48,2025-12-01,2025-07-01,2025-09-01,2,3,2869.136135273931,9.17674269965083,3122.189318485945,3167.0,3085.0,3167.0,312653.0,0.5429642253258598,0.2504260474776658,0.10922474019902237,0.04676052760171257,0.67120767985857,0.0007721455637377565,3092.75,2023,False
48453,"Travis County, Texas",48,2025-12-01,2025-07-01,2025-09-01,2,3,1164.5553415932582,4.415610085817856,1343.0140365151772,1327.0,1114.0,1327.0,263736.0,0.4759443838860701,0.22744026286691185,0.10994906139237395,0.04330566720873861,0.5597258014821253,0.0011344794484684528,1206.4166666666667,2023,False
48469,"Victoria County, Texas",48,2025-12-01,2025-07-01,2025-09-01,2,3,69.16621992151914,6.250336157737136,69.31340518311424,78.0,55.0,78.0,11066.0,0.4762826718296225,0.25237173281703773,0.15966743401202424,0.043033444969491214,0.6808622810614492,0.004832757307714838,62.666666666666664,2023,False
48491,"Williamson County, Texas",48,2025-12-01,2025-07-01,2025-09-01,2,3,479.12552274470994,6.020753248277937,476.97102543848536,496.0,466.0,496.0,79579.0,0.47666086866221863,0.20720942911290532,0.0633872684026039,0.04000044947481677,0.4962441159194884,0.0008190143699794006,428.4166666666667,2023,False
49003,"Box Elder County, Utah",49,2025-12-01,2025-07-01,2025-09-01,2,3,6.334829505710752,1.3620360149883364,6.086222162162328,6.0,8.0,6.0,4651.0,0.4169628050225065,0.2023217247097844,0.08620195307888212,0.03208763340495227,0.09780678851174934,0.00036553524804177544,5.0,2023,True
49005,"Cache County, Utah",49,2025-12-01,2025-07-01,2025-09-01,2,3,13.255643900349462,0.8450082170172412,11.533197892743383,11.0,15.0,11.0,15687.0,0.4467665615141956,0.20452155625657203,0.13073984387925458,0.02380885095800599,0.12500579804258083,0.004499281042719978,11.666666666666666,2023,False
49011,"Davis County, Utah",49,2025-12-01,2025-07-01,2025-09-01,2,3,69.28537064246225,2.6735624403805613,62.78859418620461,65.0,62.0,65.0,25915.0,0.4366654490847843,0.17589999594139372,0.059759882773087296,0.025175596976142384,0.11508275633535064,6.976298027451732e-05,63.75,2023,False
49021,"Iron County, Utah",49,2025-12-01,2025-07-01,2025-09-01,2,3,8.997957610458903,1.4052721553114014,8.481410981707912,13.0,7.0,13.0,6403.0,0.4623908663532572,0.16856950973807924,0.13638124105413826,0.034237726098191215,0.2769355987384271,0.009003967850239089,6.666666666666667,2023,True
49035,"Salt Lake County, Utah",49,2025-12-01,2025-07-01,2025-09-01,2,3,390.61492985149533,2.8410838025972835,381.8955307258565,421.0,394.0,421.0,137488.0,0.4748453889528891,0.21625841265991633,0.0835852438747877,0.03668083067189552,0.14813641262731372,0.0005713064915300212,397.3333333333333,2023,False
49041,"Sevier County, Utah",49,2025-12-01,2025-07-01,2025-09-01,2,3,4.7465816696474326,3.1920522324461547,4.745273893029325,1.0,3.0,1.0,1487.0,0.4023756495916852,0.1759465478841871,0.10526806526806527,0.03423351069169762,0.13296361422967673,0.005951575814960097,3.0,2023,False
49045,"Tooele County, Utah",49,2025-12-01,2025-07-01,2025-09-01,2,3,15.695020594677866,3.9217942515436945,15.164533250207073,12.0,7.0,12.0,4002.0,0.37372926698769393,0.0971107544141252,0.0469196622627343,0.035859984890455804,0.182646420824295,0.0045986984815618226,14.25,2023,False
49047,"Uintah County, Utah",49,2025-12-01,2025-07-01,2025-09-01,2,3,4.831956626474492,1.4475604033776188,4.815452309221105,5.0,2.0,5.0,3338.0,0.26286463454605047,0.0819403474270731,0.11107709435012525,0.05765306122448979,0.2149078726968174,0.011725293132328308,3.25,2023,False
49049,"Utah County, Utah",49,2025-12-01,2025-07-01,2025-09-01,2,3,135.38339786069704,2.1718332562355145,90.90504623467058,104.0,76.0,104.0,62336.0,0.4652676184230439,0.20683044947787924,0.087221609239515,0.035412372460283656,0.16196664655780615,0.0002658459524953733,90.83333333333333,2023,True
49053,"Washington County, Utah",49,2025-12-01,2025-07-01,2025-09-01,2,3,25.06323335246415,1.3665885143110221,21.10876572432918,20.0,19.0,20.0,18340.0,0.5449265261079166,0.2610210838125109,0.09880833102389733,0.033172681321264844,0.39788385091311235,0.00031383566966554084,18.916666666666668,2023,True
49057,"Weber County, Utah",49,2025-12-01,2025-07-01,2025-09-01,2,3,79.49177366872341,3.382628666754188,78.71721823606875,78.0,67.0,78.0,23500.0,0.45228104633514865,0.19288456387822517,0.074977770008892,0.029994708919046462,0.14401264712570247,0.0,74.08333333333333,2023,False
50001,"Addison County, Vermont",50,2025-12-01,2025-07-01,2025-09-01,2,3,8.878781775565084,3.030300947291838,8.596593757063715,4.0,11.0,4.0,2930.0,0.459053343350864,0.23027798647633357,0.07350885368126747,0.03782265485011381,0.05813635742587785,0.4590791091679191,7.666666666666667,2023,False
50003,"Bennington County, Vermont",50,2025-12-01,2025-07-01,2025-09-01,2,3,10.940761677550853,3.071522088026629,10.943232983594108,16.0,8.0,16.0,3562.0,0.6376078548051175,0.3543588217792324,0.11351886481135189,0.0415864870643575,0.07344902978955999,0.5858157966657557,9.25,2023,False
50005,"Caledonia County, Vermont",50,2025-12-01,2025-07-01,2025-09-01,2,3,8.44804422877707,3.005351913474589,8.190737088846822,10.0,8.0,10.0,2811.0,0.48337791364157434,0.26098586167367216,0.12556008489707915,0.02599924821450946,0.03991612953327638,0.47316921643239884,7.083333333333333,2023,False
50007,"Chittenden County, Vermont",50,2025-12-01,2025-07-01,2025-09-01,2,3,45.14995859436407,1.7587238467732966,38.703426035605894,40.0,45.0,40.0,25672.0,0.5310400321866827,0.2669483001408167,0.10439691700300505,0.03709131792128008,0.14296665389037946,0.15277600329344293,42.333333333333336,2023,False
50011,"Franklin County, Vermont",50,2025-12-01,2025-07-01,2025-09-01,2,3,12.573359830438728,2.9125225458509907,12.156700279443506,16.0,13.0,16.0,4317.0,0.5118131138837271,0.25590655694186354,0.10085178875638842,0.02803205834314582,0.05876052027543994,0.3235909206834991,11.833333333333334,2023,False
50017,"Orange County, Vermont",50,2025-12-01,2025-07-01,2025-09-01,2,3,5.967226549235067,2.518879927916871,6.086222162162328,8.0,10.0,8.0,2369.0,0.5177098495875788,0.22950024260067928,0.09390495867768595,0.02809126594700687,0.036121970289288506,0.4111024237685692,4.666666666666667,2023,True
50019,"Orleans County, Vermont",50,2025-12-01,2025-07-01,2025-09-01,2,3,5.798837335587928,2.4519396767813646,5.881558398312336,4.0,2.0,4.0,2365.0,0.48799231508165225,0.3126801152737752,0.10848844190933654,0.05194253768310806,0.031040624204902043,0.5334577219913493,4.25,2023,True
50021,"Rutland County, Vermont",50,2025-12-01,2025-07-01,2025-09-01,2,3,17.925034881858117,2.5783997240877614,16.35771940654268,14.0,6.0,14.0,6952.0,0.5168641750227895,0.25281069583713156,0.12026748796134017,0.04126156827369617,0.06409148066645709,0.6110892801005973,18.166666666666668,2023,False
50023,"Washington County, Vermont",50,2025-12-01,2025-07-01,2025-09-01,2,3,12.450971311063084,1.8142170058375469,11.533197892743383,12.0,7.0,12.0,6863.0,0.45293668954996186,0.21052631578947367,0.09356885611387412,0.029739318216874904,0.06524299285546047,0.4607050325822407,10.75,2023,False
50025,"Windham County, Vermont",50,2025-12-01,2025-07-01,2025-09-01,2,3,14.846389538197075,2.7729528461331854,14.926894794965136,17.0,19.0,17.0,5354.0,0.4957282767243176,0.22983954990623046,0.11955224216761638,0.04294578706727629,0.07019328585961343,0.5366734486266531,13.083333333333334,2023,False
50027,"Windsor County, Vermont",50,2025-12-01,2025-07-01,2025-09-01,2,3,14.894677831651448,2.3812434582975937,13.915602815500172,13.0,13.0,13.0,6255.0,0.4373903893370747,0.20343739038933709,0.08718253898797543,0.03808919748965149,0.07771479113898605,0.4695050858360471,13.25,2023,False
51001,"Accomack County, Virginia",51,2025-12-01,2025-07-01,2025-09-01,2,3,15.463350599949045,3.6634329779552344,15.258401082375544,13.0,9.0,13.0,4221.0,0.40096182747219716,0.2043883378418996,0.14865440818314662,0.03815128272943666,0.6181652915676129,0.12347923367361208,14.583333333333334,2023,False
51003,"Albemarle County, Virginia",51,2025-12-01,2025-07-01,2025-09-01,2,3,93.44925293117066,6.090279779143031,94.21089652569864,108.0,58.0,108.0,15344.0,0.47813065886613737,0.24376654130101685,0.06770709876835848,0.03339763684591271,0.6643218533641044,0.03708059648499911,96.5,2023,False
51005,"Alleghany County, Virginia",51,2025-12-01,2025-07-01,2025-09-01,2,3,19.476932807562967,15.938570218954965,19.68337044591167,14.0,16.0,14.0,1222.0,0.4815595363540569,0.20758693361433087,0.13094587206123565,0.02521278304159306,0.6532104259376986,0.07962492053401145,17.833333333333332,2023,False
51009,"Amherst County, Virginia",51,2025-12-01,2025-07-01,2025-09-01,2,3,24.189409262878222,8.818596158541094,24.910504568927347,34.0,21.0,34.0,2743.0,0.48757763975155277,0.2524401064773736,0.10781326781326782,0.03839205058717254,0.8564005668398678,0.054558337269721306,20.5,2023,False
51013,"Arlington County, Virginia",51,2025-12-01,2025-07-01,2025-09-01,2,3,289.8319851567538,4.468578247868544,284.42679264725166,318.0,236.0,318.0,64860.0,0.4007590801358017,0.18611876241112035,0.07123943637754795,0.03264516900669116,0.5056756029767775,0.009683493230520935,282.4166666666667,2023,False
51015,"Augusta County, Virginia",51,2025-12-01,2025-07-01,2025-09-01,2,3,31.71426720538411,4.9154164918450265,31.47139267836526,36.0,50.0,36.0,6452.0,0.4301131418624891,0.21061792863359444,0.07332876288798376,0.03021879940837456,0.5157616499151547,0.11232215115520167,37.583333333333336,2023,False
51019,"Bedford County, Virginia",51,2025-12-01,2025-07-01,2025-09-01,2,3,28.88785825141049,5.5962530514162125,28.27442135584295,35.0,37.0,35.0,5162.0,0.4472885032537961,0.2544468546637744,0.08083741984156922,0.031696010001041774,0.8221909596917243,0.049972475380757234,28.833333333333332,2023,False
51023,"Botetourt County, Virginia",51,2025-12-01,2025-07-01,2025-09-01,2,3,9.91435575831367,5.330298794792296,10.129917962842217,8.0,4.0,8.0,1860.0,0.29762629336579427,0.11016433353621424,0.06088230019726224,0.026303088803088803,0.6708126669210225,0.045173597863410915,8.416666666666666,2023,False
51025,"Brunswick County, Virginia",51,2025-12-01,2025-07-01,2025-09-01,2,3,9.011540922673237,5.134781152520363,9.063304425042094,12.0,10.0,12.0,1755.0,0.4019073569482289,0.2064032697547684,0.15271079935700715,0.06332948643969995,0.6835680751173709,0.13114241001564944,7.583333333333333,2023,False
51029,"Buckingham County, Virginia",51,2025-12-01,2025-07-01,2025-09-01,2,3,6.764973677699289,4.734061355982707,6.811350182219999,7.0,6.0,7.0,1429.0,0.4447463768115942,0.28442028985507245,0.13734339215950425,0.04867892016082711,0.7149455625206202,0.03810623556581986,5.416666666666667,2023,False
51031,"Campbell County, Virginia",51,2025-12-01,2025-07-01,2025-09-01,2,3,56.66973504893788,10.488568396990168,60.52788797772478,66.0,55.0,66.0,5403.0,0.3560874089490114,0.15879292403746098,0.10104025493571664,0.046796179027583984,0.829981884057971,0.06236413043478261,58.166666666666664,2023,False
51033,"Caroline County, Virginia",51,2025-12-01,2025-07-01,2025-09-01,2,3,16.41798171402998,7.700741892134138,16.03666883044025,19.0,8.0,19.0,2132.0,0.45641310383120487,0.22043309272626319,0.11556260743091366,0.0455364353606262,0.7809075342465753,0.0547945205479452,15.0,2023,False
51035,"Carroll County, Virginia",51,2025-12-01,2025-07-01,2025-09-01,2,3,7.399117859473908,2.672126348672412,7.128456838990115,7.0,8.0,7.0,2769.0,0.3567251461988304,0.24171539961013644,0.16214159720540933,0.0503448275862069,0.7180821259905548,0.09013047306491635,5.916666666666667,2023,True
51041,"Chesterfield County, Virginia",51,2025-12-01,2025-07-01,2025-09-01,2,3,648.3413058719462,20.851680631394405,683.8975733965359,706.0,541.0,706.0,31093.0,0.5150613738161179,0.2397168940404144,0.06849741272024629,0.046113386636035245,0.6671873631346901,0.022555403077462115,640.0833333333334,2023,False
51047,"Culpeper County, Virginia",51,2025-12-01,2025-07-01,2025-09-01,2,3,26.56520106213714,5.609206305349903,26.824001369295384,32.0,22.0,32.0,4736.0,0.4879907621247113,0.21501154734411085,0.08153074995180258,0.028916929547844375,0.47944468359879466,0.05951356005165734,25.75,2023,False
51049,"Cumberland County, Virginia",51,2025-12-01,2025-07-01,2025-09-01,2,3,5.696378740562381,5.557442673719397,5.881558398312336,1.0,6.0,1.0,1025.0,0.2521186440677966,0.1663135593220339,0.07685194698448577,0.02899980272243046,0.6902994011976048,0.1132934131736527,4.333333333333333,2023,True
51053,"Dinwiddie County, Virginia",51,2025-12-01,2025-07-01,2025-09-01,2,3,15.051351929683321,6.636398558061429,14.472492071312725,10.0,19.0,10.0,2268.0,0.37938478143550997,0.229897463572585,0.1068816732485008,0.04829485278542681,0.752949074518078,0.053419008343723026,16.083333333333332,2023,False
51057,"Essex County, Virginia",51,2025-12-01,2025-07-01,2025-09-01,2,3,7.542351295302831,5.525532084470939,7.747178788347191,4.0,5.0,4.0,1365.0,0.5078318219291014,0.24649629018961253,0.15487062404870625,0.06300089047195014,0.8109645131938126,0.07552320291173795,6.583333333333333,2023,False
51059,"Fairfax County, Virginia",51,2025-12-01,2025-07-01,2025-09-01,2,3,848.5077668626859,6.495802967775339,828.7821774195617,794.0,681.0,794.0,130624.0,0.4537113336713996,0.20826730476673427,0.059358941781015306,0.04007335536300996,0.4165965933461444,0.012012223048831613,767.1666666666666,2023,False
51061,"Fauquier County, Virginia",51,2025-12-01,2025-07-01,2025-09-01,2,3,19.36278660466593,3.370958670728749,19.8489556901453,28.0,21.0,28.0,5744.0,0.3776900296150049,0.20276406712734452,0.06148154193530836,0.02350791107550571,0.5162186857534455,0.07313637401964516,20.0,2023,False
51065,"Fluvanna County, Virginia",51,2025-12-01,2025-07-01,2025-09-01,2,3,4.7465816696474326,3.995439115864842,4.815452309221105,5.0,2.0,5.0,1188.0,0.39925373134328357,0.23756218905472637,0.07742551566080978,0.03783937860756788,0.7762169544434689,0.027899717100770657,3.1666666666666665,2023,False
51067,"Franklin County, Virginia",51,2025-12-01,2025-07-01,2025-09-01,2,3,18.53776117845779,4.063516260074044,18.162222076749185,15.0,15.0,15.0,4562.0,0.3259935553168636,0.16756176154672395,0.11533579721506701,0.026486637192814754,0.7748621241771927,0.07147304750044477,18.75,2023,False
51069,"Frederick County, Virginia",51,2025-12-01,2025-07-01,2025-09-01,2,3,30.370152941969344,4.024135807866615,28.80177034722678,36.0,27.0,36.0,7547.0,0.41500516910352975,0.195687490769458,0.07081957895197079,0.04132438703204364,0.5006115673597763,0.04292620420525366,27.5,2023,False
51071,"Giles County, Virginia",51,2025-12-01,2025-07-01,2025-09-01,2,3,7.194525797251652,5.031136921155001,7.128456838990115,2.0,2.0,2.0,1430.0,0.35241210139002455,0.22567457072771874,0.0891155223699387,0.02273936170212766,0.7757423548530064,0.06544541291180381,6.25,2023,False
51073,"Gloucester County, Virginia",51,2025-12-01,2025-07-01,2025-09-01,2,3,26.661317724756213,8.75002222670043,27.32429843599568,34.0,20.0,34.0,3047.0,0.4236383054467782,0.12495550017799929,0.06791660183600436,0.033183810786012846,0.8233075243200317,0.036463503408113294,26.0,2023,False
51075,"Goochland County, Virginia",51,2025-12-01,2025-07-01,2025-09-01,2,3,9.537511938272893,6.976965572986753,9.810323775602505,9.0,1.0,9.0,1367.0,0.38847117794486213,0.17878028404344193,0.038561454781620395,0.026072262010139215,0.7864775791471088,0.024368321182462797,7.75,2023,False
51079,"Greene County, Virginia",51,2025-12-01,2025-07-01,2025-09-01,2,3,9.89748190623601,6.124679397423273,10.020657992842647,12.0,9.0,12.0,1616.0,0.353528153955809,0.13399857448325017,0.11727140783744558,0.03059377262853005,0.746840242669363,0.029701718907987867,8.0,2023,False
51081,"Greensville County, Virginia",51,2025-12-01,2025-07-01,2025-09-01,2,3,7.917040594391031,8.24691728582399,8.008181592631393,3.0,5.0,3.0,960.0,0.5740291262135923,0.28762135922330095,0.1354344122657581,0.0668398677373642,0.6872574385510997,0.13615782664941786,6.833333333333333,2023,False
51083,"Halifax County, Virginia",51,2025-12-01,2025-07-01,2025-09-01,2,3,12.338693772971322,3.06551398086244,11.972702979726932,11.0,14.0,11.0,4025.0,0.5368032029565754,0.23929781336618416,0.17947080291970802,0.03981396659854838,0.6804651502962042,0.1060484165874351,11.333333333333334,2023,False
51085,"Hanover County, Virginia",51,2025-12-01,2025-07-01,2025-09-01,2,3,47.062265890040024,6.516514246751596,49.063286971606374,74.0,41.0,74.0,7222.0,0.45459994006592747,0.2274498052142643,0.0517627487363235,0.026762445706648846,0.696086832333619,0.034204512996286775,46.5,2023,False
51087,"Henrico County, Virginia",51,2025-12-01,2025-07-01,2025-09-01,2,3,839.4957570682329,17.497879339438335,884.4118176692549,970.0,987.0,970.0,47977.0,0.5175622741143117,0.23293007552968165,0.08437701216139008,0.03875724523418554,0.5944512865139123,0.03275097898952057,943.0,2023,False
51089,"Henry County, Virginia",51,2025-12-01,2025-07-01,2025-09-01,2,3,49.49546695725129,10.096994483323396,55.43785815326269,68.0,42.0,68.0,4902.0,0.46440677966101696,0.23220338983050848,0.14799004632907808,0.04052471304755212,0.7773984294981222,0.08549968297322343,43.0,2023,False
51093,"Isle of Wight County, Virginia",51,2025-12-01,2025-07-01,2025-09-01,2,3,50.35454442508582,17.478148012872552,53.24982138829924,50.0,42.0,50.0,2881.0,0.3803140559172731,0.23898889314438912,0.07386305569749617,0.045810336176618165,0.6173343705432387,0.024568909633086996,48.583333333333336,2023,False
51095,"James City County, Virginia",51,2025-12-01,2025-07-01,2025-09-01,2,3,80.19334867261912,12.093703615234372,89.21792423190735,111.0,76.0,111.0,6631.0,0.5488491871881539,0.2695960083695477,0.06464689836330571,0.0354426193363466,0.49867627826863575,0.010015629485502855,90.75,2023,False
51099,"King George County, Virginia",51,2025-12-01,2025-07-01,2025-09-01,2,3,28.75631748867695,12.184880291812267,28.72990963701965,30.0,22.0,30.0,2360.0,0.4892952720785013,0.1926851025869759,0.06503705342329388,0.037718556119571346,0.806418953123418,0.045256656879619314,27.0,2023,False
51101,"King William County, Virginia",51,2025-12-01,2025-07-01,2025-09-01,2,3,6.9303205928397436,8.695508899422514,6.905402816443384,10.0,10.0,10.0,797.0,0.565365025466893,0.22920203735144312,0.07896915181281386,0.03530476765238383,0.8742094167252283,0.034012649332396346,5.75,2023,False
51103,"Lancaster County, Virginia",51,2025-12-01,2025-07-01,2025-09-01,2,3,6.9303205928397436,6.277464305108464,6.956061373551981,5.0,7.0,5.0,1104.0,0.5388496468213926,0.12108980827447023,0.13104097974564297,0.10004506534474988,0.7710314557425019,0.09272128749085588,5.666666666666667,2023,False
51105,"Lee County, Virginia",51,2025-12-01,2025-07-01,2025-09-01,2,3,9.968542975540068,4.52293238454631,9.96471029878015,11.0,8.0,11.0,2204.0,0.6266837716484926,0.3790891597177678,0.2758705368105692,0.09254498714652956,0.8207435472412976,0.02308785223774568,7.666666666666667,2023,True
51107,"Loudoun County, Virginia",51,2025-12-01,2025-07-01,2025-09-01,2,3,168.9805350470949,5.433457718556106,191.33488139038604,192.0,124.0,192.0,31100.0,0.4325184192900201,0.22089752176825184,0.03959177236790386,0.03234065265071595,0.3168374484281687,0.017014266135503435,165.91666666666666,2023,False
51109,"Louisa County, Virginia",51,2025-12-01,2025-07-01,2025-09-01,2,3,12.24226322269262,4.286506730634671,12.193670553360281,22.0,13.0,22.0,2856.0,0.540453074433657,0.2301779935275081,0.1008238928939238,0.05739104237798755,0.709946749063178,0.06534744592728946,11.166666666666666,2023,False
51111,"Lunenburg County, Virginia",51,2025-12-01,2025-07-01,2025-09-01,2,3,6.650961417573589,5.073197114853996,6.630590522898684,3.0,6.0,3.0,1311.0,0.4560496380558428,0.12306101344364012,0.1592391304347826,0.0364381198792583,0.5146712358106661,0.21632041122295995,5.5,2023,False
51115,"Mathews County, Virginia",51,2025-12-01,2025-07-01,2025-09-01,2,3,4.811525835030701,8.877353939171035,4.881338884657217,6.0,2.0,6.0,542.0,0.3838120104438642,0.17493472584856398,0.07880080578267568,0.05951405951405951,0.7855057074595169,0.03052827183435094,3.3333333333333335,2023,False
51117,"Mecklenburg County, Virginia",51,2025-12-01,2025-07-01,2025-09-01,2,3,17.69404231259915,4.7058623171806255,17.75933007734239,20.0,13.0,20.0,3760.0,0.4918685695320279,0.26053767009624956,0.1736604260813428,0.029914529914529916,0.6771929824561403,0.0826427771556551,16.5,2023,False
51121,"Montgomery County, Virginia",51,2025-12-01,2025-07-01,2025-09-01,2,3,69.53842412706402,4.1825107739121865,69.70040177808086,56.0,57.0,56.0,16626.0,0.5097508896797153,0.3294661921708185,0.23760465798560176,0.03321824756379088,0.7549209114916555,0.02496528817619994,65.66666666666667,2023,False
51125,"Nelson County, Virginia",51,2025-12-01,2025-07-01,2025-09-01,2,3,4.7465816696474326,3.5264351186087906,4.602024618801368,1.0,2.0,1.0,1346.0,0.38188277087033745,0.18650088809946713,0.14371013706065952,0.03331385154880187,0.6272024729520865,0.06584234930448223,2.5,2023,False
51131,"Northampton County, Virginia",51,2025-12-01,2025-07-01,2025-09-01,2,3,6.764973677699289,3.6429583617120564,6.811350182219999,7.0,9.0,7.0,1857.0,0.4463087248322148,0.1697986577181208,0.17060611176768528,0.0417298937784522,0.6519295616335706,0.12045710003746722,5.333333333333333,2023,True
51135,"Nottoway County, Virginia",51,2025-12-01,2025-07-01,2025-09-01,2,3,12.204965332234584,7.226148805349073,12.082099866527015,19.0,8.0,19.0,1689.0,0.40831629175187456,0.1574642126789366,0.189410995715012,0.052690226042661575,0.5997815003641661,0.15768390386016023,11.0,2023,False
51137,"Orange County, Virginia",51,2025-12-01,2025-07-01,2025-09-01,2,3,22.00598832389859,6.758595922573277,22.555660462455823,22.0,15.0,22.0,3256.0,0.446331767256957,0.21178171304662088,0.10061108686163248,0.03691330302864341,0.6963250835208291,0.08502079498193223,18.833333333333332,2023,False
51139,"Page County, Virginia",51,2025-12-01,2025-07-01,2025-09-01,2,3,11.815274602378073,4.574244909941182,12.019324849494042,14.0,4.0,14.0,2583.0,0.40304182509505704,0.23716730038022812,0.09502339430029774,0.05027595722662987,0.5511620569986329,0.19097696918708593,9.166666666666666,2023,True
51141,"Patrick County, Virginia",51,2025-12-01,2025-07-01,2025-09-01,2,3,4.7465816696474326,2.668117858149203,4.745273893029325,5.0,6.0,5.0,1779.0,0.4335347432024169,0.2537764350453172,0.10821981604377692,0.020429682351390536,0.6590996537129665,0.07297678594331153,3.0,2023,False
51143,"Pittsylvania County, Virginia",51,2025-12-01,2025-07-01,2025-09-01,2,3,26.21572525653622,5.006823005450004,26.664857047668892,30.0,17.0,30.0,5236.0,0.4822187430105122,0.26079176917915453,0.15000936281769742,0.0499193033817513,0.6850566313481915,0.0880120164007632,24.833333333333332,2023,False
51145,"Powhatan County, Virginia",51,2025-12-01,2025-07-01,2025-09-01,2,3,6.650961417573589,8.705446881640823,6.582302255928367,3.0,6.0,3.0,764.0,0.40976331360946744,0.20710059171597633,0.032621951219512196,0.030800821355236138,0.8132006098107794,0.011299435028248588,5.416666666666667,2023,False
51147,"Prince Edward County, Virginia",51,2025-12-01,2025-07-01,2025-09-01,2,3,22.481908822396026,7.424672662614275,23.075380292259545,28.0,27.0,28.0,3028.0,0.503968253968254,0.2265873015873016,0.21632846801946126,0.02258102258102258,0.7476190476190476,0.06534391534391534,21.75,2023,False
51149,"Prince George County, Virginia",51,2025-12-01,2025-07-01,2025-09-01,2,3,40.9665502857839,12.354206961937244,44.5412029223927,61.0,57.0,61.0,3316.0,0.47939124920735576,0.17628408370323398,0.0804225115967138,0.0561378989051945,0.7792891964145305,0.03223777323478534,41.333333333333336,2023,False
51153,"Prince William County, Virginia",51,2025-12-01,2025-07-01,2025-09-01,2,3,566.6896471432234,14.307454230034928,583.7795016720855,606.0,374.0,606.0,39608.0,0.49866624409053695,0.22322584053033304,0.06125055124660108,0.04460046217698389,0.4072078598270476,0.017185286755622246,521.1666666666666,2023,False
51155,"Pulaski County, Virginia",51,2025-12-01,2025-07-01,2025-09-01,2,3,31.99953175752531,7.987901087749703,32.80886292911225,45.0,33.0,45.0,4006.0,0.40332871012482663,0.22857142857142856,0.1461453133666112,0.03578554418484907,0.7270262755456695,0.057764493257333516,31.916666666666668,2023,False
51161,"Roanoke County, Virginia",51,2025-12-01,2025-07-01,2025-09-01,2,3,60.54636863966169,6.501972577283256,61.43173443179356,59.0,70.0,59.0,9312.0,0.41518107411144745,0.1626863998206077,0.07264830508474576,0.029298092507168683,0.48028344931304323,0.050470291351227346,67.0,2023,False
51163,"Rockbridge County, Virginia",51,2025-12-01,2025-07-01,2025-09-01,2,3,10.731588481533812,5.209508971618355,10.625194118922545,4.0,8.0,4.0,2060.0,0.3991056456120738,0.14197875908328675,0.08015370705244124,0.0329422806194275,0.5653266331658291,0.11735762144053602,10.5,2023,False
51165,"Rockingham County, Virginia",51,2025-12-01,2025-07-01,2025-09-01,2,3,86.66901872477204,10.89491121618756,91.20259091544125,76.0,93.0,76.0,7955.0,0.39269084238747004,0.16678425285734444,0.09564038633777928,0.02748482680636005,0.6484960059910134,0.1027209186220669,87.5,2023,False
51167,"Russell County, Virginia",51,2025-12-01,2025-07-01,2025-09-01,2,3,7.466713899272013,2.946611641385956,7.537768372172556,7.0,3.0,7.0,2534.0,0.41390548614883216,0.2275936990765888,0.18120831853518013,0.04372683959767072,0.8908309455587392,0.02999044890162369,5.833333333333333,2023,True
51169,"Scott County, Virginia",51,2025-12-01,2025-07-01,2025-09-01,2,3,5.782102078496762,2.9804649889158568,6.040427500751026,11.0,2.0,11.0,1940.0,0.42904019688269074,0.2428219852337982,0.18004924919125104,0.02936096718480138,0.882247793542621,0.021896994749190036,4.333333333333333,2023,True
51171,"Shenandoah County, Virginia",51,2025-12-01,2025-07-01,2025-09-01,2,3,16.323830891720263,3.327998143062235,16.03666883044025,18.0,7.0,18.0,4905.0,0.39646643109540636,0.2049469964664311,0.1232442229270503,0.03900725825333645,0.6112360814306602,0.11595995950961646,15.916666666666666,2023,False
51173,"Smyth County, Virginia",51,2025-12-01,2025-07-01,2025-09-01,2,3,18.750679975583918,5.137172596050388,19.116147247036963,20.0,9.0,20.0,3650.0,0.4405030635278942,0.1909061593034505,0.165441686312578,0.030388749696920715,0.701436552274541,0.10582601755786113,14.416666666666666,2023,True
51175,"Southampton County, Virginia",51,2025-12-01,2025-07-01,2025-09-01,2,3,14.63182386032738,8.433327873387539,14.73712615657339,10.0,13.0,10.0,1735.0,0.5109970674486803,0.2837243401759531,0.08651630896083425,0.062393990792343104,0.7270219253666328,0.0913314941193553,14.166666666666666,2023,False
51177,"Spotsylvania County, Virginia",51,2025-12-01,2025-07-01,2025-09-01,2,3,128.84149395233356,12.342321482166257,138.77734539413152,139.0,116.0,139.0,10439.0,0.5147162941235967,0.2538687164964094,0.06977411208349948,0.05241522436110631,0.5763224083136735,0.02041373393905126,122.5,2023,False
51179,"Stafford County, Virginia",51,2025-12-01,2025-07-01,2025-09-01,2,3,122.64795677256228,12.468024476218591,129.51326319306224,148.0,133.0,148.0,9837.0,0.468270645093507,0.2005673460811095,0.05068333131195782,0.0384005549499554,0.5553411682161025,0.02921514744002027,112.75,2023,False
51183,"Sussex County, Virginia",51,2025-12-01,2025-07-01,2025-09-01,2,3,8.298777282266594,7.29242291939068,8.190737088846822,1.0,4.0,1.0,1138.0,0.48035914702581367,0.2053872053872054,0.1210762331838565,0.04404603806994245,0.7554655870445344,0.07152496626180836,7.0,2023,False
51185,"Tazewell County, Virginia",51,2025-12-01,2025-07-01,2025-09-01,2,3,15.804334406679445,3.6762815554034534,15.423734179622082,18.0,25.0,18.0,4299.0,0.42873271239062943,0.165961049957663,0.19271881452055512,0.04770306032435367,0.8000752303930788,0.040436336279857064,15.25,2023,False
51187,"Warren County, Virginia",51,2025-12-01,2025-07-01,2025-09-01,2,3,18.942668599152505,5.1784222523653645,18.70666913511845,25.0,17.0,25.0,3658.0,0.40337654507084714,0.14350316551100392,0.11317087756017342,0.0480160053351117,0.6435501725597448,0.10711727550953962,17.75,2023,False
51191,"Washington County, Virginia",51,2025-12-01,2025-07-01,2025-09-01,2,3,20.95734141533821,3.9187250215666065,20.9869875478727,24.0,7.0,24.0,5348.0,0.2973208451317796,0.1411457198867349,0.10963632549535633,0.03714565004887586,0.8115561985712993,0.028438375983361967,16.416666666666668,2023,True
51193,"Westmoreland County, Virginia",51,2025-12-01,2025-07-01,2025-09-01,2,3,8.699988762045127,5.1754840940185165,8.901660775802972,4.0,6.0,4.0,1681.0,0.5542774982027319,0.3745506829618979,0.13807644482889117,0.07545454545454545,0.7825382986673309,0.10536804085191182,6.916666666666667,2023,True
51195,"Wise County, Virginia",51,2025-12-01,2025-07-01,2025-09-01,2,3,28.54505860957886,7.850676185252712,28.789230854920728,30.0,13.0,30.0,3636.0,0.38538538538538536,0.19953286619953287,0.17738338882609891,0.08435916002896451,0.8835289932408396,0.023408039843472075,26.416666666666668,2023,False
51197,"Wythe County, Virginia",51,2025-12-01,2025-07-01,2025-09-01,2,3,20.10137874687723,6.924346795341795,20.07302209556051,27.0,18.0,27.0,2903.0,0.4550150667240637,0.24408092983211366,0.15615249435139691,0.038666463693103975,0.6728783478541465,0.1053565666343982,16.666666666666668,2023,False
51199,"York County, Virginia",51,2025-12-01,2025-07-01,2025-09-01,2,3,69.9769434258036,9.18212090615452,75.20824025693248,62.0,68.0,62.0,7621.0,0.45839699958327546,0.23725517432976803,0.05361082085220016,0.0429364552531531,0.4653809793911893,0.028625449045188125,70.58333333333333,2023,False
51510,"Alexandria city, Virginia",51,2025-12-01,2025-07-01,2025-09-01,2,3,451.2651378600333,10.332344312765501,457.9328366845965,486.0,274.0,486.0,43675.0,0.4522599001819115,0.20996781566304398,0.08407333604183997,0.03351328399854422,0.49387516755365035,0.005746592522793932,405.4166666666667,2023,False
51520,"Bristol city, Virginia",51,2025-12-01,2025-07-01,2025-09-01,2,3,30.428474989885736,11.269805551809533,31.007169271029245,42.0,36.0,42.0,2700.0,0.4332115306536744,0.25131952902963867,0.1826819648619577,0.04387331256490135,0.7505118056503344,0.011055002047222602,32.916666666666664,2023,False
51530,"Buena Vista city, Virginia",51,2025-12-01,2025-07-01,2025-09-01,2,3,4.811525835030701,4.30369037122603,4.929725119351788,1.0,3.0,1.0,1118.0,0.5044052863436124,0.2433920704845815,0.21979645436638215,0.02234258632362898,0.5492148602068173,0.01685178092684795,3.5,2023,False
51540,"Charlottesville city, Virginia",51,2025-12-01,2025-07-01,2025-09-01,2,3,48.48525543425777,4.373951775756226,48.27734465804751,73.0,34.0,73.0,11085.0,0.5648723587341046,0.3107371641648341,0.2261779860576811,0.046751597412390364,0.5335296207929336,0.004974871820904615,38.833333333333336,2023,False
51550,"Chesapeake city, Virginia",51,2025-12-01,2025-07-01,2025-09-01,2,3,410.08407953506236,16.930930991084693,430.51361812585793,462.0,333.0,462.0,24221.0,0.5562043164223001,0.28164871761602006,0.08691176291780994,0.049273118695725794,0.5249076991370817,0.015753402410108162,364.0,2023,False
51570,"Colonial Heights city, Virginia",51,2025-12-01,2025-07-01,2025-09-01,2,3,46.71645421626858,19.392467503639928,48.07477128587398,64.0,52.0,64.0,2409.0,0.5367647058823529,0.30422794117647056,0.09570095534325705,0.036830601092896174,0.5679257786613652,0.043339960238568585,48.666666666666664,2023,False
51590,"Danville city, Virginia",51,2025-12-01,2025-07-01,2025-09-01,2,3,124.32455110500621,13.093686266983276,134.52636165972817,136.0,82.0,136.0,9495.0,0.43586871289346923,0.23905007281281507,0.24968040121939228,0.04939813763343175,0.6406719622155431,0.02458136539287248,115.66666666666667,2023,False
51595,"Emporia city, Virginia",51,2025-12-01,2025-07-01,2025-09-01,2,3,8.629115535210655,6.3124473556771425,8.685684504605046,9.0,10.0,9.0,1367.0,0.46119402985074626,0.16791044776119404,0.13537604456824512,0.033673017279574655,0.7453808021631365,0.11807120324470483,7.25,2023,False
51610,"Falls Church city, Virginia",51,2025-12-01,2025-07-01,2025-09-01,2,3,9.886653788673863,3.280243460077592,9.746979165283337,3.0,5.0,3.0,3014.0,0.3917112299465241,0.15441176470588236,0.03643752583000413,0.06323015777429844,0.4634065752519412,0.0018172806872625144,8.083333333333334,2023,False
51620,"Franklin city, Virginia",51,2025-12-01,2025-07-01,2025-09-01,2,3,18.75445591744759,11.877426166844579,18.466652075463124,23.0,41.0,23.0,1579.0,0.4118476727785614,0.2623413258110014,0.16683266932270915,0.04689581667998934,0.8326446280991735,0.09208972845336481,16.083333333333332,2023,False
51630,"Fredericksburg city, Virginia",51,2025-12-01,2025-07-01,2025-09-01,2,3,89.76228863355846,13.42340191918027,94.99563623611937,91.0,112.0,91.0,6687.0,0.45622119815668205,0.26666666666666666,0.16385975656434204,0.04608678930837767,0.5416411780127589,0.016254478720615223,91.33333333333333,2023,False
51640,"Galax city, Virginia",51,2025-12-01,2025-07-01,2025-09-01,2,3,5.763002052858966,5.504299954975135,5.881558398312336,4.0,6.0,4.0,1047.0,0.4614572333685322,0.1805702217529039,0.23378441437237518,0.05468489496498833,0.7002565042139978,0.18981311835837303,5.083333333333333,2023,False
51650,"Hampton city, Virginia",51,2025-12-01,2025-07-01,2025-09-01,2,3,590.1523492662495,23.033032131225102,661.9056065158161,710.0,622.0,710.0,25622.0,0.5415717539863326,0.28250081353726003,0.1303733647914522,0.06313751768297222,0.5150848631797714,0.008468998960859023,530.1666666666666,2023,False
51670,"Hopewell city, Virginia",51,2025-12-01,2025-07-01,2025-09-01,2,3,69.77545274880589,16.660805336391093,75.25379419808301,85.0,81.0,85.0,4188.0,0.6196834817012858,0.37908011869436203,0.23780192705354394,0.09339364810102724,0.7200042471862391,0.018899978764068806,77.0,2023,False
51680,"Lynchburg city, Virginia",51,2025-12-01,2025-07-01,2025-09-01,2,3,158.54673135882666,10.851189607749411,175.24624260045005,160.0,168.0,160.0,14611.0,0.4778152103791843,0.27188015196043297,0.17387568449260166,0.05036816543944853,0.7545578136438108,0.04601387388015477,160.16666666666666,2023,False
51690,"Martinsville city, Virginia",51,2025-12-01,2025-07-01,2025-09-01,2,3,28.92253076772366,11.877836044239697,28.72990963701965,31.0,27.0,31.0,2435.0,0.43744374437443745,0.26552655265526554,0.21841004184100418,0.04426768113435933,0.590496529631607,0.07314468766684463,29.166666666666668,2023,False
51700,"Newport News city, Virginia",51,2025-12-01,2025-07-01,2025-09-01,2,3,878.0827772644773,22.316951590110232,886.2347139986892,983.0,754.0,983.0,39346.0,0.5107861936720998,0.23588473420688186,0.15140797552911542,0.05892642274611168,0.6014670571782896,0.011425103564737856,834.3333333333334,2023,False
51710,"Norfolk city, Virginia",51,2025-12-01,2025-07-01,2025-09-01,2,3,891.7045118152329,17.382831919670025,857.1106320443898,925.0,654.0,925.0,51298.0,0.53285560585453,0.27413166602383227,0.17291299474964308,0.06094010932352646,0.5910520130853193,0.01904570333590946,794.8333333333334,2023,False
51730,"Petersburg city, Virginia",51,2025-12-01,2025-07-01,2025-09-01,2,3,281.2630495016699,30.665400076501296,301.6901543325274,339.0,178.0,339.0,9172.0,0.5000568375582585,0.29475957712856654,0.21080489140354078,0.11380175658720201,0.6524841793456309,0.012925811229298506,275.3333333333333,2023,False
51740,"Portsmouth city, Virginia",51,2025-12-01,2025-07-01,2025-09-01,2,3,311.4742419532518,18.192526251577117,346.6745856836269,346.0,246.0,346.0,17121.0,0.5706073481629592,0.29311422144463883,0.17587210841141285,0.06629039149108408,0.4720247996370785,0.011694137809365391,323.25,2023,False
51750,"Radford city, Virginia",51,2025-12-01,2025-07-01,2025-09-01,2,3,21.40635199844797,6.789201395004114,21.6228535314171,18.0,12.0,18.0,3153.0,0.5670753064798599,0.3527145359019264,0.33671566067298364,0.07616736014794268,0.7238181818181818,0.02327272727272727,20.5,2023,False
51760,"Richmond city, Virginia",51,2025-12-01,2025-07-01,2025-09-01,2,3,1071.6327664655846,18.55352008285435,1086.6907626097864,1198.0,1040.0,1198.0,57759.0,0.526951858092805,0.28888768096247575,0.18838028978048185,0.059835544213777195,0.5940183073082382,0.03773067697880464,1123.25,2023,False
51770,"Roanoke city, Virginia",51,2025-12-01,2025-07-01,2025-09-01,2,3,239.12632501815207,11.39945297316833,264.0166334670812,272.0,197.0,272.0,20977.0,0.4683161723272373,0.22667896111879515,0.19672435679123193,0.05494393058852419,0.4871169034516107,0.04605217711667319,245.91666666666666,2023,False
51775,"Salem city, Virginia",51,2025-12-01,2025-07-01,2025-09-01,2,3,39.810444438511276,10.762488358613483,40.11543837414385,56.0,39.0,56.0,3699.0,0.49257209437809496,0.21846781240897176,0.10859178177395534,0.034161490683229816,0.39911242603550295,0.020611439842209072,36.583333333333336,2023,False
51790,"Staunton city, Virginia",51,2025-12-01,2025-07-01,2025-09-01,2,3,22.051817880158605,4.793873452208392,22.223265209459715,31.0,18.0,31.0,4600.0,0.42195065713626934,0.21581738528937053,0.12558830814961605,0.05013560635412631,0.468562874251497,0.0074850299401197605,21.166666666666668,2023,False
51800,"Suffolk city, Virginia",51,2025-12-01,2025-07-01,2025-09-01,2,3,143.73284464164135,13.059498877125328,159.00458638822428,175.0,110.0,175.0,11006.0,0.5737268061587051,0.28523489932885904,0.09874660538959683,0.05281162235783517,0.5423477769100261,0.02763040960870385,148.58333333333334,2023,False
51810,"Virginia Beach city, Virginia",51,2025-12-01,2025-07-01,2025-09-01,2,3,874.3054393656643,13.862241590678192,871.7728854775934,868.0,733.0,868.0,63071.0,0.5216533458181454,0.24530983513359864,0.08365626525059443,0.04304894265002359,0.6242046718576196,0.01367630700778643,882.3333333333334,2023,False
51820,"Waynesboro city, Virginia",51,2025-12-01,2025-07-01,2025-09-01,2,3,32.59149666705997,8.38043113064026,32.46826433963843,29.0,34.0,29.0,3889.0,0.46579292267365663,0.21546526867627785,0.11703557666457567,0.03824659448131331,0.4634095634095634,0.0060291060291060294,34.0,2023,False
51840,"Winchester city, Virginia",51,2025-12-01,2025-07-01,2025-09-01,2,3,30.496298340286664,4.66019228916361,29.5461821802452,36.0,24.0,36.0,6544.0,0.5140327430671567,0.25058469762779817,0.1930197042500093,0.05863280194542016,0.4696579298089738,0.10199911150599733,32.0,2023,False
54001,"Barbour County, West Virginia",54,2025-12-01,2025-07-01,2025-09-01,2,3,5.696378740562381,4.688377564248873,5.881558398312336,4.0,5.0,4.0,1215.0,0.3377777777777778,0.09333333333333334,0.20795952782462057,0.10324807782833831,0.3053994208823028,0.012774655084312723,4.333333333333333,2023,True
54003,"Berkeley County, West Virginia",54,2025-12-01,2025-07-01,2025-09-01,2,3,205.81387216187542,16.939413346656412,221.66957475215926,235.0,227.0,235.0,12150.0,0.4846146780563975,0.21456783319555434,0.11374700750333393,0.04754130281742881,0.7483800421189049,0.05034019115502997,211.83333333333334,2023,False
54007,"Braxton County, West Virginia",54,2025-12-01,2025-07-01,2025-09-01,2,3,4.7465816696474326,4.833586221636896,4.602024618801368,4.0,3.0,4.0,982.0,0.3535660091047041,0.18209408194233687,0.18813630626840555,0.128022104536035,0.32917811113458695,0.0,2.9166666666666665,2023,False
54009,"Brooke County, West Virginia",54,2025-12-01,2025-07-01,2025-09-01,2,3,11.84691961704859,4.714253727436765,11.36870247827968,14.0,5.0,14.0,2513.0,0.4503642987249545,0.13296903460837886,0.12114882506527415,0.05999414691249634,0.2853661121119,0.0664406061248278,10.583333333333334,2023,False
54011,"Cabell County, West Virginia",54,2025-12-01,2025-07-01,2025-09-01,2,3,96.08433038867192,6.727181291652449,97.25284028418288,109.0,84.0,109.0,14283.0,0.5914132950283297,0.3474583034075493,0.1982384305608675,0.05774796710616989,0.49054627216515917,0.000459911083857121,88.58333333333333,2023,False
54019,"Fayette County, West Virginia",54,2025-12-01,2025-07-01,2025-09-01,2,3,10.417117665949833,2.6608218814686673,9.95695252125958,5.0,16.0,5.0,3915.0,0.5160843998616396,0.22448979591836735,0.1879128819157721,0.07138733884933615,0.49245763237941526,0.01980259482276988,10.416666666666666,2023,False
54025,"Greenbrier County, West Virginia",54,2025-12-01,2025-07-01,2025-09-01,2,3,16.25636425604377,4.243373598549666,16.379845631306154,18.0,11.0,18.0,3831.0,0.563150074294205,0.28714710252600295,0.20705963417689802,0.04185775642425566,0.5520054384772264,0.054180829367777024,13.25,2023,False
54027,"Hampshire County, West Virginia",54,2025-12-01,2025-07-01,2025-09-01,2,3,7.917040594391031,5.35659038862722,8.008181592631393,6.0,6.0,6.0,1478.0,0.34407582938388626,0.14502369668246445,0.14188592618753312,0.07201440288057612,0.5016758439071104,0.09384725879818051,6.75,2023,False
54029,"Hancock County, West Virginia",54,2025-12-01,2025-07-01,2025-09-01,2,3,21.321456769249536,6.5243135768817435,21.461111347320422,26.0,18.0,26.0,3268.0,0.42797349145448205,0.24764562260202302,0.14955959653359852,0.08211612528159291,0.2224032270576371,0.04235513148708401,19.083333333333332,2023,False
54031,"Hardy County, West Virginia",54,2025-12-01,2025-07-01,2025-09-01,2,3,5.926046390076305,4.901609917350128,6.219273802907025,7.0,1.0,7.0,1209.0,0.3192713326941515,0.11984659635666348,0.1764914269519626,0.056638679379536074,0.462684041292943,0.10052462345574548,4.75,2023,False
54033,"Harrison County, West Virginia",54,2025-12-01,2025-07-01,2025-09-01,2,3,47.67768418722543,6.9500997357471475,49.64805145124784,53.0,38.0,53.0,6860.0,0.46945742005030544,0.19601149838303988,0.13565342015484555,0.04253704253704254,0.1648347425057648,0.0007686395080707148,45.833333333333336,2023,False
54035,"Jackson County, West Virginia",54,2025-12-01,2025-07-01,2025-09-01,2,3,11.831284757794224,4.573360942324787,11.36870247827968,15.0,7.0,15.0,2587.0,0.3969946679592826,0.1992244304411052,0.1753060409023212,0.04338132837900604,0.5542104798091367,0.0,10.583333333333334,2023,False
54037,"Jefferson County, West Virginia",54,2025-12-01,2025-07-01,2025-09-01,2,3,33.33427012701097,7.306942158485525,32.20899848850693,32.0,53.0,32.0,4562.0,0.43639447540586385,0.20717228010661498,0.08806152770494668,0.041233026067994845,0.7385112385112386,0.05905905905905906,38.916666666666664,2023,False
54039,"Kanawha County, West Virginia",54,2025-12-01,2025-07-01,2025-09-01,2,3,150.89306094899592,6.585478154279053,145.488990945156,194.0,105.0,194.0,22913.0,0.45474625025683174,0.22580645161290322,0.16116521490789662,0.054974754609894226,0.4498086087024451,0.0027211415774809258,143.08333333333334,2023,False
54041,"Lewis County, West Virginia",54,2025-12-01,2025-07-01,2025-09-01,2,3,8.441036768501322,4.14996891273418,8.475754590635143,5.0,11.0,5.0,2034.0,0.43847722637661457,0.28008157715839566,0.1938861475508485,0.09432327025855843,0.2671469740634006,0.0,6.916666666666667,2023,False
54045,"Logan County, West Virginia",54,2025-12-01,2025-07-01,2025-09-01,2,3,11.332314470328859,3.929373949489895,10.947237638726833,6.0,8.0,6.0,2884.0,0.4197707736389685,0.23973256924546324,0.21399482870071104,0.09824217007227626,0.6822362052274927,0.0007260406582768635,10.166666666666666,2023,False
54049,"Marion County, West Virginia",54,2025-12-01,2025-07-01,2025-09-01,2,3,27.01774194390111,4.864555625477333,26.873772443572285,27.0,19.0,27.0,5554.0,0.4545259545259545,0.212998712998713,0.1357154624832964,0.05280816921954778,0.258436751578489,0.0054430655345090355,25.416666666666668,2023,False
54051,"Marshall County, West Virginia",54,2025-12-01,2025-07-01,2025-09-01,2,3,16.391299949563926,6.251449256126593,16.379845631306154,18.0,8.0,18.0,2622.0,0.4821763602251407,0.30065666041275796,0.15016738402678145,0.0401788934574046,0.3362158699655697,0.026022900152133877,13.583333333333334,2023,False
54053,"Mason County, West Virginia",54,2025-12-01,2025-07-01,2025-09-01,2,3,9.613279188414953,5.235990843363265,9.746979165283337,5.0,10.0,5.0,1836.0,0.3491666666666667,0.12666666666666668,0.1788318178094536,0.0297009210390148,0.6476023733099893,0.01206108355218364,8.0,2023,False
54055,"Mercer County, West Virginia",54,2025-12-01,2025-07-01,2025-09-01,2,3,36.29760349137338,4.913048658821519,35.6061918317642,30.0,34.0,30.0,7388.0,0.5246514790887453,0.21455287317239036,0.17977605990224288,0.04016824395373291,0.6803342481464794,0.025560152377831484,35.916666666666664,2023,False
54057,"Mineral County, West Virginia",54,2025-12-01,2025-07-01,2025-09-01,2,3,11.905814163996698,5.4513801117201,11.680090121563197,12.0,11.0,12.0,2184.0,0.42643923240938164,0.2526652452025586,0.14251772370185858,0.05950288727090133,0.47550944101701254,0.09039072723873622,10.333333333333334,2023,False
54059,"Mingo County, West Virginia",54,2025-12-01,2025-07-01,2025-09-01,2,3,5.967226549235067,2.3773810953127756,6.086222162162328,5.0,5.0,5.0,2510.0,0.40104506858262573,0.21881123448726322,0.29861751152073734,0.10833822665883734,0.7518029512925773,0.006102296682569622,4.916666666666667,2023,False
54061,"Monongalia County, West Virginia",54,2025-12-01,2025-07-01,2025-09-01,2,3,97.50110019185816,5.1823695222631105,95.86265012376265,92.0,101.0,92.0,18814.0,0.5509245840820822,0.31603964987536953,0.20505601150182712,0.04980609707319618,0.39944996731363136,0.007010662518879196,94.16666666666667,2023,False
54065,"Morgan County, West Virginia",54,2025-12-01,2025-07-01,2025-09-01,2,3,6.9303205928397436,5.694593749252049,6.956061373551981,5.0,4.0,5.0,1217.0,0.40755873340143,0.18590398365679264,0.11026882033937839,0.03424170616113744,0.6243239495215642,0.09748994591596173,5.666666666666667,2023,False
54067,"Nicholas County, West Virginia",54,2025-12-01,2025-07-01,2025-09-01,2,3,5.071885627534759,2.981708187851122,5.120387128798468,2.0,7.0,2.0,1701.0,0.29869130100076985,0.18090839107005388,0.1782680412371134,0.08624684077506319,0.4576341844710787,0.01552892131318395,3.5833333333333335,2023,True
54069,"Ohio County, West Virginia",54,2025-12-01,2025-07-01,2025-09-01,2,3,28.228964534049744,4.770823818497506,27.39344705996253,34.0,16.0,34.0,5917.0,0.5425412293853074,0.28598200899550225,0.15668481548699334,0.05754008524457073,0.2829252150893448,0.012739907346128392,26.333333333333332,2023,False
54075,"Pocahontas County, West Virginia",54,2025-12-01,2025-07-01,2025-09-01,2,3,4.7465816696474326,9.07568196873314,4.602024618801368,2.0,5.0,2.0,523.0,0.3312302839116719,0.2302839116719243,0.20806623931623933,0.10606610969851071,0.3486416558861578,0.08796895213454076,2.8333333333333335,2023,False
54077,"Preston County, West Virginia",54,2025-12-01,2025-07-01,2025-09-01,2,3,9.308034068239241,3.742675540104239,9.342744202712607,10.0,4.0,10.0,2487.0,0.4714207947740882,0.18562874251497005,0.14147018030513175,0.062286153201592066,0.2846760959599906,0.14839415488005,7.583333333333333,2023,False
54079,"Putnam County, West Virginia",54,2025-12-01,2025-07-01,2025-09-01,2,3,17.116541480040837,4.343197533631271,16.611312443278873,15.0,13.0,15.0,3941.0,0.4140238580157114,0.22752400349141694,0.10681354261983529,0.03248483054610034,0.6039534372940918,0.0,16.75,2023,False
54081,"Raleigh County, West Virginia",54,2025-12-01,2025-07-01,2025-09-01,2,3,37.22195817438646,5.051840143103482,36.13016004448116,34.0,27.0,34.0,7368.0,0.5187414030261348,0.3313273727647868,0.21610768944969205,0.05455995008492495,0.5651710136948592,0.008877572087261717,36.916666666666664,2023,False
54083,"Randolph County, West Virginia",54,2025-12-01,2025-07-01,2025-09-01,2,3,16.111973780948265,6.781133746190347,16.046662989168514,17.0,5.0,17.0,2376.0,0.4384823848238482,0.221680216802168,0.14716921496582513,0.07004291845493563,0.36186807896003853,0.01608088589311507,13.916666666666666,2023,False
54087,"Roane County, West Virginia",54,2025-12-01,2025-07-01,2025-09-01,2,3,5.071885627534759,3.996757783715334,5.120387128798468,3.0,4.0,3.0,1269.0,0.4789311408016444,0.14388489208633093,0.20218856438872382,0.09056122448979592,0.25230435568407733,0.005964214711729622,3.5833333333333335,2023,True
54091,"Taylor County, West Virginia",54,2025-12-01,2025-07-01,2025-09-01,2,3,7.194525797251652,6.327639223616228,7.128456838990115,5.0,3.0,5.0,1137.0,0.3673469387755102,0.15037593984962405,0.14678329921210992,0.09609816627602372,0.25,0.012967430639324488,6.083333333333333,2023,False
54097,"Upshur County, West Virginia",54,2025-12-01,2025-07-01,2025-09-01,2,3,11.971415676629261,6.1454905937521875,11.951818442670369,12.0,10.0,12.0,1948.0,0.5142495250158328,0.32678910702976566,0.1831647722187416,0.05840016450750565,0.34397163120567376,0.002816020025031289,9.916666666666666,2023,False
54099,"Wayne County, West Virginia",54,2025-12-01,2025-07-01,2025-09-01,2,3,14.281643010330933,4.0758113613958145,14.113614927118567,8.0,8.0,8.0,3504.0,0.4426460239268121,0.2079521463757917,0.1567917003362615,0.0538659793814433,0.4383922829581994,0.004180064308681672,13.083333333333334,2023,False
54103,"Wetzel County, West Virginia",54,2025-12-01,2025-07-01,2025-09-01,2,3,8.871417028304721,8.497525889180768,8.895734072513925,10.0,5.0,10.0,1044.0,0.3802145411203814,0.1632896305125149,0.16631761392359357,0.05826683985897198,0.1868354430379747,0.004556962025316456,7.583333333333333,2023,False
54107,"Wood County, West Virginia",54,2025-12-01,2025-07-01,2025-09-01,2,3,62.42246797530205,6.834077947810603,63.412180736207084,78.0,50.0,78.0,9134.0,0.5076630778974034,0.20037998733375553,0.1479488577834333,0.05616220514179698,0.2083683414552176,0.0022685262981011595,66.08333333333333,2023,False
54109,"Wyoming County, West Virginia",54,2025-12-01,2025-07-01,2025-09-01,2,3,5.4026065631997655,4.1209813601828875,5.5458230862413815,6.0,3.0,6.0,1311.0,0.5741279069767442,0.2180232558139535,0.22567476707328787,0.05558858501783591,0.660105980317941,0.009714862477920767,3.8333333333333335,2023,True
